relative_path,area,provenance,extension,filename,basename,size_bytes,cluster,inferred_function,source_hint
Anti\ARFOLYAM\Arfolyam.exe,ARFOLYAM,original,.exe,Arfolyam.exe,Arfolyam,1170432,rates,Arfolyam kezeles es rates tooling,Anti\ARFOLYAM\ARFOLYAM\Arfolyam.dpr
Anti\ARFOLYAM\ARFOLYAM\Arfolyam.exe,ARFOLYAM,original,.exe,Arfolyam.exe,Arfolyam,1170432,rates,Arfolyam kezeles es rates tooling,Anti\ARFOLYAM\ARFOLYAM\Arfolyam.dpr
Anti\VALUTA\DLL\_BASEDLL\Project1.exe,VALUTA,original,.exe,Project1.exe,Project1,389120,legacy-dll,Legacy plugin vagy shared library,
Anti\VALUTA\DLL\Arfvalt.dll,VALUTA,original,.dll,Arfvalt.dll,Arfvalt,699392,legacy-dll,Legacy plugin vagy shared library,
Anti\VALUTA\DLL\ARFVALT\DEBUG\Project1.exe,VALUTA,original,.exe,Project1.exe,Project1,701440,legacy-dll,Legacy plugin vagy shared library,
Anti\VALUTA\DLL\ARFVALT\MAKEDLL\Arfvalt.dll,VALUTA,original,.dll,Arfvalt.dll,Arfvalt,698880,legacy-dll,Legacy plugin vagy shared library,
Anti\VALUTA\DLL\ATADOLAP\DEBUG\Project1.exe,VALUTA,original,.exe,Project1.exe,Project1,804352,vault-transfer,Atadolap es handover dokumentum,
Anti\VALUTA\DLL\ATADOLAP\MAKEDLL\Atadolap.dll,VALUTA,original,.dll,Atadolap.dll,Atadolap,801280,vault-transfer,Atadolap es handover dokumentum,
Anti\VALUTA\DLL\ATADVET\DEBUG\Project1.exe,VALUTA,original,.exe,Project1.exe,Project1,1430528,vault-transfer,Penztarak vagy ertektarak kozotti atadas-atvetel,
Anti\VALUTA\DLL\ATADVET\MAKEDLL\Atadvet.dll,VALUTA,original,.dll,Atadvet.dll,Atadvet,1427968,vault-transfer,Penztarak vagy ertektarak kozotti atadas-atvetel,
Anti\VALUTA\DLL\BIGARFVALT\DEBUG\Project1.exe,VALUTA,original,.exe,Project1.exe,Project1,705024,legacy-dll,Legacy plugin vagy shared library,
Anti\VALUTA\DLL\BIGARFVALT\MAKEDLL\BigArfValt.dll,VALUTA,original,.dll,BigArfValt.dll,BigArfValt,702464,legacy-dll,Legacy plugin vagy shared library,
Anti\VALUTA\DLL\BIGCTRL\DEBUG\Project1.exe,VALUTA,original,.exe,Project1.exe,Project1,726528,legacy-dll,Legacy plugin vagy shared library,
Anti\VALUTA\DLL\BIGCTRL\MAKEDLL\Bigctrl.dll,VALUTA,original,.dll,Bigctrl.dll,Bigctrl,717824,legacy-dll,Legacy plugin vagy shared library,
Anti\VALUTA\DLL\BIZODISP\DEBUG\Project1.exe,VALUTA,original,.exe,Project1.exe,Project1,1022464,legacy-dll,Legacy plugin vagy shared library,
Anti\VALUTA\DLL\BIZODISP\EXEPROBA\Project1.exe,VALUTA,original,.exe,Project1.exe,Project1,389120,legacy-dll,Legacy plugin vagy shared library,
Anti\VALUTA\DLL\BIZODISP\MAKEDLL\Bizodisp.dll,VALUTA,original,.dll,Bizodisp.dll,Bizodisp,1020416,legacy-dll,Legacy plugin vagy shared library,
Anti\VALUTA\DLL\BLOKNYOM\DEBUG\Project1.exe,VALUTA,original,.exe,Project1.exe,Project1,704000,legacy-dll,Legacy plugin vagy shared library,
Anti\VALUTA\DLL\BLOKNYOM\exeproba\Project1.exe,VALUTA,original,.exe,Project1.exe,Project1,411648,legacy-dll,Legacy plugin vagy shared library,
Anti\VALUTA\DLL\BLOKNYOM\MAKEDLL\Bloknyom.dll,VALUTA,original,.dll,Bloknyom.dll,Bloknyom,692224,legacy-dll,Legacy plugin vagy shared library,
Anti\VALUTA\DLL\CHECKLST\MAKEDLL\Checklst.dll,VALUTA,original,.dll,Checklst.dll,Checklst,774144,legacy-dll,Legacy plugin vagy shared library,
Anti\VALUTA\DLL\CIMLCTRL\DEBUG\Project1.exe,VALUTA,original,.exe,Project1.exe,Project1,686080,denomination,Cimletkezeles es denomination workflow,
Anti\VALUTA\DLL\CIMLCTRL\exeproba\Project1.exe,VALUTA,original,.exe,Project1.exe,Project1,681984,denomination,Cimletkezeles es denomination workflow,
Anti\VALUTA\DLL\CIMLCTRL\MAKEDLL\CimlCtrl.dll,VALUTA,original,.dll,CimlCtrl.dll,CimlCtrl,674304,denomination,Cimletkezeles es denomination workflow,
Anti\VALUTA\DLL\CIMLET\DEBUG\Project1.exe,VALUTA,original,.exe,Project1.exe,Project1,764416,denomination,Cimletkezeles es denomination workflow,
Anti\VALUTA\DLL\CIMLET\MAKEDLL\Cimlet.dll,VALUTA,original,.dll,Cimlet.dll,Cimlet,749568,denomination,Cimletkezeles es denomination workflow,
Anti\VALUTA\DLL\CIMLMENU\DEBUG\Project1.exe,VALUTA,original,.exe,Project1.exe,Project1,691200,denomination,Cimletkezeles es denomination workflow,
Anti\VALUTA\DLL\CIMLMENU\EXEPROBA\Project1.exe,VALUTA,original,.exe,Project1.exe,Project1,417280,denomination,Cimletkezeles es denomination workflow,
Anti\VALUTA\DLL\CIMLMENU\MAKEDLL\CIMLMENU.dll,VALUTA,original,.dll,CIMLMENU.dll,CIMLMENU,688640,denomination,Cimletkezeles es denomination workflow,
Anti\VALUTA\DLL\CIMLNYOM\DEBUG\Project1.exe,VALUTA,original,.exe,Project1.exe,Project1,723968,denomination,Cimletkezeles es denomination workflow,
Anti\VALUTA\DLL\CIMLNYOM\EXEPROBA\cnyom.exe,VALUTA,original,.exe,cnyom.exe,cnyom,411648,denomination,Cimletkezeles es denomination workflow,
Anti\VALUTA\DLL\CIMLNYOM\EXEPROBA\Project1.exe,VALUTA,original,.exe,Project1.exe,Project1,411648,denomination,Cimletkezeles es denomination workflow,
Anti\VALUTA\DLL\CIMLNYOM\MAKEDLL\CimlNyom.dll,VALUTA,original,.dll,CimlNyom.dll,CimlNyom,721920,denomination,Cimletkezeles es denomination workflow,
Anti\VALUTA\DLL\CIMSETUP\DEBUG\Project1.exe,VALUTA,original,.exe,Project1.exe,Project1,499712,legacy-dll,Legacy plugin vagy shared library,
Anti\VALUTA\DLL\CIMSETUP\MAKEDLL\Cimsetup.dll,VALUTA,original,.dll,Cimsetup.dll,Cimsetup,498176,legacy-dll,Legacy plugin vagy shared library,
Anti\VALUTA\DLL\CONFIDEN\DEBUG\Project1.exe,VALUTA,original,.exe,Project1.exe,Project1,703488,legacy-dll,Legacy plugin vagy shared library,
Anti\VALUTA\DLL\CONFIDEN\MAKEDLL\Confi.dll,VALUTA,original,.dll,Confi.dll,Confi,700928,legacy-dll,Legacy plugin vagy shared library,
Anti\VALUTA\DLL\CONFIRM\DEBUG\Project1.exe,VALUTA,original,.exe,Project1.exe,Project1,679424,legacy-dll,Legacy plugin vagy shared library,
Anti\VALUTA\DLL\CONFIRM\MAKEDLL\confirm.dll,VALUTA,original,.dll,confirm.dll,confirm,676864,legacy-dll,Legacy plugin vagy shared library,
Anti\VALUTA\DLL\COPY2FTP\DEBUG\Project1.exe,VALUTA,original,.exe,Project1.exe,Project1,647680,legacy-dll,Legacy plugin vagy shared library,
Anti\VALUTA\DLL\COPY2FTP\EXEPROBA\Project1.exe,VALUTA,original,.exe,Project1.exe,Project1,412160,legacy-dll,Legacy plugin vagy shared library,
Anti\VALUTA\DLL\COPY2FTP\MAKEDLL\COPY2FTP.dll,VALUTA,original,.dll,COPY2FTP.dll,COPY2FTP,641024,legacy-dll,Legacy plugin vagy shared library,
Anti\VALUTA\DLL\DEKRUTIN\DEBUG\Project1.exe,VALUTA,original,.exe,Project1.exe,Project1,755712,legacy-dll,Legacy plugin vagy shared library,
Anti\VALUTA\DLL\DEKRUTIN\EXEPROBA\Project1.exe,VALUTA,original,.exe,Project1.exe,Project1,399872,legacy-dll,Legacy plugin vagy shared library,
Anti\VALUTA\DLL\DEKRUTIN\MAKEDLL\dekad.dll,VALUTA,original,.dll,dekad.dll,dekad,753664,legacy-dll,Legacy plugin vagy shared library,
Anti\VALUTA\DLL\DOCDISP\DEBUG\Project1.exe,VALUTA,original,.exe,Project1.exe,Project1,792576,legacy-dll,Legacy plugin vagy shared library,
Anti\VALUTA\DLL\DOCDISP\MAKEDLL\Docdisp.dll,VALUTA,original,.dll,Docdisp.dll,Docdisp,791040,legacy-dll,Legacy plugin vagy shared library,
Anti\VALUTA\DLL\ELADAS\DEBUG\Project1.exe,VALUTA,original,.exe,Project1.exe,Project1,932864,transaction-sell,Valuta eladasi tranzakcio,
Anti\VALUTA\DLL\ELADAS\MAKEDLL\Eladas.dll,VALUTA,original,.dll,Eladas.dll,Eladas,930816,transaction-sell,Valuta eladasi tranzakcio,
Anti\VALUTA\DLL\ESTIZAR\DEBUG\Project1.exe,VALUTA,original,.exe,Project1.exe,Project1,918016,legacy-dll,Legacy plugin vagy shared library,
Anti\VALUTA\DLL\ESTIZAR\MAKEDLL\Estizar.dll,VALUTA,original,.dll,Estizar.dll,Estizar,915968,legacy-dll,Legacy plugin vagy shared library,
Anti\VALUTA\DLL\EUAKCIO\DEBUG\Project1.exe,VALUTA,original,.exe,Project1.exe,Project1,420864,legacy-dll,Legacy plugin vagy shared library,
Anti\VALUTA\DLL\EUAKCIO\MAKEDLL\EusAkcio.dll,VALUTA,original,.dll,EusAkcio.dll,EusAkcio,418304,legacy-dll,Legacy plugin vagy shared library,
Anti\VALUTA\DLL\FIRSTCTRL\DEBUG\Project1.exe,VALUTA,original,.exe,Project1.exe,Project1,681984,legacy-dll,Legacy plugin vagy shared library,
Anti\VALUTA\DLL\FIRSTCTRL\MAKEDLL\FirstCtrl.dll,VALUTA,original,.dll,FirstCtrl.dll,FirstCtrl,679936,legacy-dll,Legacy plugin vagy shared library,
Anti\VALUTA\DLL\FNYUJSAG\ALAP\MAKEDLL\Fnyujsag.dll,VALUTA,original,.dll,Fnyujsag.dll,Fnyujsag,676864,display,Futofeny vagy kijelzo komponens,
Anti\VALUTA\DLL\FNYUJSAG\BAJCSY\DEBUG\Project1.exe,VALUTA,original,.exe,Project1.exe,Project1,678400,display,Futofeny vagy kijelzo komponens,
Anti\VALUTA\DLL\FNYUJSAG\BAJCSY\MAKEDLL\Fnyujsag.dll,VALUTA,original,.dll,Fnyujsag.dll,Fnyujsag,676352,display,Futofeny vagy kijelzo komponens,
Anti\VALUTA\DLL\FNYUJSAG\BCSABA\DEBUG\Project1.exe,VALUTA,original,.exe,Project1.exe,Project1,677376,display,Futofeny vagy kijelzo komponens,
Anti\VALUTA\DLL\FNYUJSAG\BCSABA\MAKEDLL\Fnyujsag.dll,VALUTA,original,.dll,Fnyujsag.dll,Fnyujsag,674816,display,Futofeny vagy kijelzo komponens,
Anti\VALUTA\DLL\FNYUJSAG\CORSO\Fnyujsag.dll,VALUTA,original,.dll,Fnyujsag.dll,Fnyujsag,677888,display,Futofeny vagy kijelzo komponens,
Anti\VALUTA\DLL\FNYUJSAG\DEBUG\Project1.exe,VALUTA,original,.exe,Project1.exe,Project1,679424,display,Futofeny vagy kijelzo komponens,
Anti\VALUTA\DLL\FNYUJSAG\DIANA\DEBUG\Project1.exe,VALUTA,original,.exe,Project1.exe,Project1,679424,display,Futofeny vagy kijelzo komponens,
Anti\VALUTA\DLL\FNYUJSAG\DIANA\MAKEDLL\Fnyujsag.dll,VALUTA,original,.dll,Fnyujsag.dll,Fnyujsag,677888,display,Futofeny vagy kijelzo komponens,
Anti\VALUTA\DLL\FNYUJSAG\dombovar\DEBUG\Project1.exe,VALUTA,original,.exe,Project1.exe,Project1,701440,display,Futofeny vagy kijelzo komponens,
Anti\VALUTA\DLL\FNYUJSAG\dombovar\exeproba\Project1.exe,VALUTA,original,.exe,Project1.exe,Project1,406016,display,Futofeny vagy kijelzo komponens,
Anti\VALUTA\DLL\FNYUJSAG\dombovar\MAKEDLL\Fnyujsag.dll,VALUTA,original,.dll,Fnyujsag.dll,Fnyujsag,683520,display,Futofeny vagy kijelzo komponens,
Anti\VALUTA\DLL\FNYUJSAG\DUPLACOM\DEBUG\Fnyujsag.dll,VALUTA,original,.dll,Fnyujsag.dll,Fnyujsag,677376,display,Futofeny vagy kijelzo komponens,
Anti\VALUTA\DLL\FNYUJSAG\DUPLACOM\MAKEDLL\Fnyujsag.dll,VALUTA,original,.dll,Fnyujsag.dll,Fnyujsag,677376,display,Futofeny vagy kijelzo komponens,
Anti\VALUTA\DLL\FNYUJSAG\DUPOTHER\DEBUG\Project1.exe,VALUTA,original,.exe,Project1.exe,Project1,679936,display,Futofeny vagy kijelzo komponens,
Anti\VALUTA\DLL\FNYUJSAG\DUPOTHER\MAKEDLL\Fnyujsag.dll,VALUTA,original,.dll,Fnyujsag.dll,Fnyujsag,677888,display,Futofeny vagy kijelzo komponens,
Anti\VALUTA\DLL\FNYUJSAG\EXEPROBA\Project1.exe,VALUTA,original,.exe,Project1.exe,Project1,388608,display,Futofeny vagy kijelzo komponens,
Anti\VALUTA\DLL\FNYUJSAG\FERENCES\DEBUG\Project1.exe,VALUTA,original,.exe,Project1.exe,Project1,701440,display,Futofeny vagy kijelzo komponens,
Anti\VALUTA\DLL\FNYUJSAG\FERENCES\exeproba\Project1.exe,VALUTA,original,.exe,Project1.exe,Project1,406016,display,Futofeny vagy kijelzo komponens,
Anti\VALUTA\DLL\FNYUJSAG\FERENCES\MAKEDLL\Fnyujsag.dll,VALUTA,original,.dll,Fnyujsag.dll,Fnyujsag,698368,display,Futofeny vagy kijelzo komponens,
Anti\VALUTA\DLL\FNYUJSAG\IRGALMAS\MAKEDLL\Fnyujsag.dll,VALUTA,original,.dll,Fnyujsag.dll,Fnyujsag,677376,display,Futofeny vagy kijelzo komponens,
Anti\VALUTA\DLL\FNYUJSAG\MAKEDLL\Fnyujsag.dll,VALUTA,original,.dll,Fnyujsag.dll,Fnyujsag,677888,display,Futofeny vagy kijelzo komponens,
Anti\VALUTA\DLL\FNYUJSAG\NOSPEED\MAKEDLL\Fnyujsag.dll,VALUTA,original,.dll,Fnyujsag.dll,Fnyujsag,677888,display,Futofeny vagy kijelzo komponens,
Anti\VALUTA\DLL\FNYUJSAG\OROS\MAKEDLL\Fnyujsag.dll,VALUTA,original,.dll,Fnyujsag.dll,Fnyujsag,674816,display,Futofeny vagy kijelzo komponens,
Anti\VALUTA\DLL\FNYUJSAG\RAKOCZI\Fnyujsag.dll,VALUTA,original,.dll,Fnyujsag.dll,Fnyujsag,677888,display,Futofeny vagy kijelzo komponens,
Anti\VALUTA\DLL\FNYUJSAG\spec8085\DEBUG\Project1.exe,VALUTA,original,.exe,Project1.exe,Project1,679424,display,Futofeny vagy kijelzo komponens,
Anti\VALUTA\DLL\FNYUJSAG\spec8085\MAKEDLL\Fnyujsag.dll,VALUTA,original,.dll,Fnyujsag.dll,Fnyujsag,677888,display,Futofeny vagy kijelzo komponens,
Anti\VALUTA\DLL\FNYUJSAG\SZOBOSZLO\DEBUG\Project1.exe,VALUTA,original,.exe,Project1.exe,Project1,678912,display,Futofeny vagy kijelzo komponens,
Anti\VALUTA\DLL\FNYUJSAG\SZOBOSZLO\MAKEDLL\Fnyujsag.dll,VALUTA,original,.dll,Fnyujsag.dll,Fnyujsag,676864,display,Futofeny vagy kijelzo komponens,
Anti\VALUTA\DLL\FNYUJSAG\UJTIPUS\DEBUG\Project1.exe,VALUTA,original,.exe,Project1.exe,Project1,697856,display,Futofeny vagy kijelzo komponens,
Anti\VALUTA\DLL\FNYUJSAG\UJTIPUS\MAKEDLL\Fnyujsag.dll,VALUTA,original,.dll,Fnyujsag.dll,Fnyujsag,678400,display,Futofeny vagy kijelzo komponens,
Anti\VALUTA\DLL\FOGLALO\DEBUG\Project1.exe,VALUTA,original,.exe,Project1.exe,Project1,1060864,reservation,Foglalas rendszer,
Anti\VALUTA\DLL\FOGLALO\EXEPROBA\Project1.exe,VALUTA,original,.exe,Project1.exe,Project1,389120,reservation,Foglalas rendszer,
Anti\VALUTA\DLL\FOGLALO\MAKEDLL\foglalo.dll,VALUTA,original,.dll,foglalo.dll,foglalo,1058304,reservation,Foglalas rendszer,
Anti\VALUTA\DLL\FOGLREND\DEBUG\Project1.exe,VALUTA,original,.exe,Project1.exe,Project1,724480,legacy-dll,Legacy plugin vagy shared library,
Anti\VALUTA\DLL\FOGLREND\MAKEDLL\foglrend.dll,VALUTA,original,.dll,foglrend.dll,foglrend,721408,legacy-dll,Legacy plugin vagy shared library,
Anti\VALUTA\DLL\FORGOSSZ\DEBUG\Project1.exe,VALUTA,original,.exe,Project1.exe,Project1,979968,legacy-dll,Legacy plugin vagy shared library,
Anti\VALUTA\DLL\FORGOSSZ\MAKEDLL\Forgossz.dll,VALUTA,original,.dll,Forgossz.dll,Forgossz,977408,legacy-dll,Legacy plugin vagy shared library,
Anti\VALUTA\DLL\GEPSETUP\DEBUG\Project1.exe,VALUTA,original,.exe,Project1.exe,Project1,2379264,legacy-dll,Legacy plugin vagy shared library,
Anti\VALUTA\DLL\GEPSETUP\EXEPROBA\Project1.exe,VALUTA,original,.exe,Project1.exe,Project1,389120,legacy-dll,Legacy plugin vagy shared library,
Anti\VALUTA\DLL\GEPSETUP\MAKEDLL\GEPSETUP.dll,VALUTA,original,.dll,GEPSETUP.dll,GEPSETUP,2376192,legacy-dll,Legacy plugin vagy shared library,
Anti\VALUTA\DLL\GETARF\DEBUG\Project1.exe,VALUTA,original,.exe,Project1.exe,Project1,734720,rates-sync,Arfolyam letoltes vagy rates sync,
Anti\VALUTA\DLL\GETARF\MAKEDLL\Getarf.dll,VALUTA,original,.dll,Getarf.dll,Getarf,732160,rates-sync,Arfolyam letoltes vagy rates sync,
Anti\VALUTA\DLL\GETARF\UJDLL\DEBUG\Project1.exe,VALUTA,original,.exe,Project1.exe,Project1,753152,rates-sync,Arfolyam letoltes vagy rates sync,
Anti\VALUTA\DLL\GETARF\UJDLL\MAKEDLL\Getarf.dll,VALUTA,original,.dll,Getarf.dll,Getarf,751616,rates-sync,Arfolyam letoltes vagy rates sync,
Anti\VALUTA\DLL\GETENGED\DEBUG\Project1.exe,VALUTA,original,.exe,Project1.exe,Project1,704512,legacy-dll,Legacy plugin vagy shared library,
Anti\VALUTA\DLL\GETENGED\MAKEDLL\getenged.dll,VALUTA,original,.dll,getenged.dll,getenged,701952,legacy-dll,Legacy plugin vagy shared library,
Anti\VALUTA\DLL\GETFIZE\DEBUG\Project1.exe,VALUTA,original,.exe,Project1.exe,Project1,705536,legacy-dll,Legacy plugin vagy shared library,
Anti\VALUTA\DLL\GETFIZE\MAKEDLL\Getfize.dll,VALUTA,original,.dll,Getfize.dll,Getfize,702464,legacy-dll,Legacy plugin vagy shared library,
Anti\VALUTA\DLL\GETISO\DEBUG\Project1.exe,VALUTA,original,.exe,Project1.exe,Project1,698368,legacy-dll,Legacy plugin vagy shared library,
Anti\VALUTA\DLL\GETISO\MAKEDLL\GETISO.dll,VALUTA,original,.dll,GETISO.dll,GETISO,694272,legacy-dll,Legacy plugin vagy shared library,
Anti\VALUTA\DLL\GETNYUGT\DEBUG\Project1.exe,VALUTA,original,.exe,Project1.exe,Project1,782336,legacy-dll,Legacy plugin vagy shared library,
Anti\VALUTA\DLL\GETNYUGT\MAKEDLL\Getnyug.dll,VALUTA,original,.dll,Getnyug.dll,Getnyug,779264,legacy-dll,Legacy plugin vagy shared library,
Anti\VALUTA\DLL\GETPLOMB\MAKEDLL\Getplomb.dll,VALUTA,original,.dll,Getplomb.dll,Getplomb,685056,legacy-dll,Legacy plugin vagy shared library,
Anti\VALUTA\DLL\GETPTAR\DEBUG\Project1.exe,VALUTA,original,.exe,Project1.exe,Project1,944128,legacy-dll,Legacy plugin vagy shared library,
Anti\VALUTA\DLL\GETPTAR\MAKEDLL\GetPTar.dll,VALUTA,original,.dll,GetPTar.dll,GetPTar,940544,legacy-dll,Legacy plugin vagy shared library,
Anti\VALUTA\DLL\GETSTATUS\DEBUG\Project1.exe,VALUTA,original,.exe,Project1.exe,Project1,837632,legacy-dll,Legacy plugin vagy shared library,
Anti\VALUTA\DLL\GETSTATUS\EXEPROBA\Project1.exe,VALUTA,original,.exe,Project1.exe,Project1,394240,legacy-dll,Legacy plugin vagy shared library,
Anti\VALUTA\DLL\GETSTATUS\MAKEDLL\GETSTAT.dll,VALUTA,original,.dll,GETSTAT.dll,GETSTAT,834560,legacy-dll,Legacy plugin vagy shared library,
Anti\VALUTA\DLL\GETWCEG\DEBUG\Project1.exe,VALUTA,original,.exe,Project1.exe,Project1,959488,legacy-dll,Legacy plugin vagy shared library,
Anti\VALUTA\DLL\GETWCEG\MAKEDLL\Getwceg.dll,VALUTA,original,.dll,Getwceg.dll,Getwceg,956928,legacy-dll,Legacy plugin vagy shared library,
Anti\VALUTA\DLL\GETWUGYF\MAKEDLL\Getwugyf.dll,VALUTA,original,.dll,Getwugyf.dll,Getwugyf,967680,legacy-dll,Legacy plugin vagy shared library,
Anti\VALUTA\DLL\GONGBACK\DEBUG\Project1.exe,VALUTA,original,.exe,Project1.exe,Project1,654848,legacy-dll,Legacy plugin vagy shared library,
Anti\VALUTA\DLL\GONGBACK\MAKEDLL\GongBack.dll,VALUTA,original,.dll,GongBack.dll,GongBack,648192,legacy-dll,Legacy plugin vagy shared library,
Anti\VALUTA\DLL\HAVIZAR\DEBUG\Project1.exe,VALUTA,original,.exe,Project1.exe,Project1,778752,closing,Havi zaras workflow,
Anti\VALUTA\DLL\HAVIZAR\MAKEDLL\Havizar.dll,VALUTA,original,.dll,Havizar.dll,Havizar,776704,closing,Havi zaras workflow,
Anti\VALUTA\DLL\HRKATADO\DEBUG\Project1.exe,VALUTA,original,.exe,Project1.exe,Project1,1043968,legacy-dll,Legacy plugin vagy shared library,
Anti\VALUTA\DLL\HRKATADO\MAKEDLL\Hrksend.dll,VALUTA,original,.dll,Hrksend.dll,Hrksend,1042432,legacy-dll,Legacy plugin vagy shared library,
Anti\VALUTA\DLL\HRKZARO\DEBUG\Project1.exe,VALUTA,original,.exe,Project1.exe,Project1,6190592,legacy-dll,Legacy plugin vagy shared library,
Anti\VALUTA\DLL\HRKZARO\MAKEDLL\hrkzaro.dll,VALUTA,original,.dll,hrkzaro.dll,hrkzaro,6188032,legacy-dll,Legacy plugin vagy shared library,
Anti\VALUTA\DLL\IDOSZAK\DEBUG\Project1.exe,VALUTA,original,.exe,Project1.exe,Project1,711680,legacy-dll,Legacy plugin vagy shared library,
Anti\VALUTA\DLL\IDOSZAK\MAKEDLL\Idoszak.dll,VALUTA,original,.dll,Idoszak.dll,Idoszak,695296,legacy-dll,Legacy plugin vagy shared library,
Anti\VALUTA\DLL\KCIMLET\DEBUG\Project1.exe,VALUTA,original,.exe,Project1.exe,Project1,800768,denomination,Cimletkezeles es denomination workflow,
Anti\VALUTA\DLL\KCIMLET\EXEPROBA\Project1.exe,VALUTA,original,.exe,Project1.exe,Project1,423424,denomination,Cimletkezeles es denomination workflow,
Anti\VALUTA\DLL\KCIMLET\MAKEDLL\Kcimlet.dll,VALUTA,original,.dll,Kcimlet.dll,Kcimlet,794624,denomination,Cimletkezeles es denomination workflow,
Anti\VALUTA\DLL\KELLCIM\DEBUG\Project1.exe,VALUTA,original,.exe,Project1.exe,Project1,420352,legacy-dll,Legacy plugin vagy shared library,
Anti\VALUTA\DLL\KELLCIM\MAKEDLL\KELLCIM.dll,VALUTA,original,.dll,KELLCIM.dll,KELLCIM,418304,legacy-dll,Legacy plugin vagy shared library,
Anti\VALUTA\DLL\KESZEDIT\DEBUG\Project1.exe,VALUTA,original,.exe,Project1.exe,Project1,924672,legacy-dll,Legacy plugin vagy shared library,
Anti\VALUTA\DLL\KESZEDIT\MAKEDLL\Keszedit.dll,VALUTA,original,.dll,Keszedit.dll,Keszedit,921600,legacy-dll,Legacy plugin vagy shared library,
Anti\VALUTA\DLL\KESZUP\DEBUG\Project1.exe,VALUTA,original,.exe,Project1.exe,Project1,685056,legacy-dll,Legacy plugin vagy shared library,
Anti\VALUTA\DLL\KESZUP\EXEPROBA\Project1.exe,VALUTA,original,.exe,Project1.exe,Project1,396800,legacy-dll,Legacy plugin vagy shared library,
Anti\VALUTA\DLL\KESZUP\MAKEDLL\KESZUP.dll,VALUTA,original,.dll,KESZUP.dll,KESZUP,679424,legacy-dll,Legacy plugin vagy shared library,
Anti\VALUTA\DLL\KEZDEKAD\DEBUG\Project1.exe,VALUTA,original,.exe,Project1.exe,Project1,757248,legacy-dll,Legacy plugin vagy shared library,
Anti\VALUTA\DLL\KEZDEKAD\EXEPROBA\Project1.exe,VALUTA,original,.exe,Project1.exe,Project1,416768,legacy-dll,Legacy plugin vagy shared library,
Anti\VALUTA\DLL\KEZDEKAD\MAKEDLL\kezdek.dll,VALUTA,original,.dll,kezdek.dll,kezdek,754688,legacy-dll,Legacy plugin vagy shared library,
Anti\VALUTA\DLL\KEZDIJ\DEBUG\Project1.exe,VALUTA,original,.exe,Project1.exe,Project1,1082880,legacy-dll,Legacy plugin vagy shared library,
Anti\VALUTA\DLL\KEZDIJ\MAKEDLL\KEZDIJ.dll,VALUTA,original,.dll,KEZDIJ.dll,KEZDIJ,1080320,legacy-dll,Legacy plugin vagy shared library,
Anti\VALUTA\DLL\KEZDKEDV\DEBUG\Project1.exe,VALUTA,original,.exe,Project1.exe,Project1,707584,legacy-dll,Legacy plugin vagy shared library,
Anti\VALUTA\DLL\KEZDKEDV\MAKEDLL\KEZDKEDV.dll,VALUTA,original,.dll,KEZDKEDV.dll,KEZDKEDV,705024,legacy-dll,Legacy plugin vagy shared library,
Anti\VALUTA\DLL\KISARFVALT\DEBUG\Project1.exe,VALUTA,original,.exe,Project1.exe,Project1,768512,legacy-dll,Legacy plugin vagy shared library,
Anti\VALUTA\DLL\KISARFVALT\MAKEDLL\Kisarfvalt.dll,VALUTA,original,.dll,Kisarfvalt.dll,Kisarfvalt,765440,legacy-dll,Legacy plugin vagy shared library,
Anti\VALUTA\DLL\KISCIMLET\DEBUG\Project1.exe,VALUTA,original,.exe,Project1.exe,Project1,866304,denomination,Cimletkezeles es denomination workflow,
Anti\VALUTA\DLL\KISCIMLET\MAKEDLL\Kiscim.dll,VALUTA,original,.dll,Kiscim.dll,Kiscim,863232,denomination,Cimletkezeles es denomination workflow,
Anti\VALUTA\DLL\KISUGYFEL\DEBUG\Project1.exe,VALUTA,original,.exe,Project1.exe,Project1,846336,customer-aml,Ugyfelkezeles es AML,
Anti\VALUTA\DLL\KISUGYFEL\MAKEDLL\KISUGYFEL.dll,VALUTA,original,.dll,KISUGYFEL.dll,KISUGYFEL,844288,customer-aml,Ugyfelkezeles es AML,
Anti\VALUTA\DLL\KORLEV\DEBUG\Project1.exe,VALUTA,original,.exe,Project1.exe,Project1,845824,legacy-dll,Legacy plugin vagy shared library,
Anti\VALUTA\DLL\KORLEV\MAKEDLL\korlev.dll,VALUTA,original,.dll,korlev.dll,korlev,843776,legacy-dll,Legacy plugin vagy shared library,
Anti\VALUTA\DLL\KORLEV\NEWYEAR\NEWYEAR\DEBUG\Project1.exe,VALUTA,original,.exe,Project1.exe,Project1,700416,year-opening,Evnyito folyamat,
Anti\VALUTA\DLL\KORLEV\NEWYEAR\NEWYEAR\MAKEDLL\NEWYEAR.dll,VALUTA,original,.dll,NEWYEAR.dll,NEWYEAR,694784,year-opening,Evnyito folyamat,
Anti\VALUTA\DLL\KORLEV\NEWYEAR\SERVER\Project1.exe,VALUTA,original,.exe,Project1.exe,Project1,710144,year-opening,Evnyito folyamat,
Anti\VALUTA\DLL\LISTAK\DEBUG\Project1.exe,VALUTA,original,.exe,Project1.exe,Project1,1191424,legacy-dll,Legacy plugin vagy shared library,
Anti\VALUTA\DLL\LISTAK\MAKEDLL\Listak.dll,VALUTA,original,.dll,Listak.dll,Listak,1189376,legacy-dll,Legacy plugin vagy shared library,
Anti\VALUTA\DLL\LOGDISP\DEBUG\Project1.exe,VALUTA,original,.exe,Project1.exe,Project1,506880,legacy-dll,Legacy plugin vagy shared library,
Anti\VALUTA\DLL\LOGDISP\MAKEDLL\Logdisp.dll,VALUTA,original,.dll,Logdisp.dll,Logdisp,486912,legacy-dll,Legacy plugin vagy shared library,
Anti\VALUTA\DLL\LOGIRO\EXEPROBA\Project1.exe,VALUTA,original,.exe,Project1.exe,Project1,412672,legacy-dll,Legacy plugin vagy shared library,
Anti\VALUTA\DLL\LOGIRO\MAKEDLL\Logiro.dll,VALUTA,original,.dll,Logiro.dll,Logiro,372736,legacy-dll,Legacy plugin vagy shared library,
Anti\VALUTA\DLL\MAIFORG\MAKEDLL\Maiforg.dll,VALUTA,original,.dll,Maiforg.dll,Maiforg,959488,legacy-dll,Legacy plugin vagy shared library,
Anti\VALUTA\DLL\MAKTABLAK\DEBUG\Project1.exe,VALUTA,original,.exe,Project1.exe,Project1,705024,legacy-dll,Legacy plugin vagy shared library,
Anti\VALUTA\DLL\MAKTABLAK\MAKEDLL\MAKTABLA.dll,VALUTA,original,.dll,MAKTABLA.dll,MAKTABLA,702464,legacy-dll,Legacy plugin vagy shared library,
Anti\VALUTA\DLL\MATPTAR\DEBUG\Project1.exe,VALUTA,original,.exe,Project1.exe,Project1,981504,legacy-dll,Legacy plugin vagy shared library,
Anti\VALUTA\DLL\MATPTAR\MAKEDLL\Matptar.dll,VALUTA,original,.dll,Matptar.dll,Matptar,979456,legacy-dll,Legacy plugin vagy shared library,
Anti\VALUTA\DLL\MATREGEN\DEBUG\Project1.exe,VALUTA,original,.exe,Project1.exe,Project1,702464,legacy-dll,Legacy plugin vagy shared library,
Anti\VALUTA\DLL\MATREGEN\EXEPROBA\Project1.exe,VALUTA,original,.exe,Project1.exe,Project1,411648,legacy-dll,Legacy plugin vagy shared library,
Anti\VALUTA\DLL\MATREGEN\MAKEDLL\Matregen.dll,VALUTA,original,.dll,Matregen.dll,Matregen,699904,legacy-dll,Legacy plugin vagy shared library,
Anti\VALUTA\DLL\MENTES\DEBUG\Project1.exe,VALUTA,original,.exe,Project1.exe,Project1,664576,legacy-dll,Legacy plugin vagy shared library,
Anti\VALUTA\DLL\MENTES\EXEPROBA\Project1.exe,VALUTA,original,.exe,Project1.exe,Project1,389120,legacy-dll,Legacy plugin vagy shared library,
Anti\VALUTA\DLL\MENTES\MAKEDLL\MENTES.dll,VALUTA,original,.dll,MENTES.dll,MENTES,657920,legacy-dll,Legacy plugin vagy shared library,
Anti\VALUTA\DLL\METRO\DEBUG\Project1.exe,VALUTA,original,.exe,Project1.exe,Project1,1052160,legacy-dll,Legacy plugin vagy shared library,
Anti\VALUTA\DLL\METRO\MAKEDLL\Metro.dll,VALUTA,original,.dll,Metro.dll,Metro,1049600,legacy-dll,Legacy plugin vagy shared library,
Anti\VALUTA\DLL\NAPIFORG\DEBUG\Project1.exe,VALUTA,original,.exe,Project1.exe,Project1,973824,legacy-dll,Legacy plugin vagy shared library,
Anti\VALUTA\DLL\NAPIFORG\MAKEDLL\Napiforg.dll,VALUTA,original,.dll,Napiforg.dll,Napiforg,971264,legacy-dll,Legacy plugin vagy shared library,
Anti\VALUTA\DLL\NAPIJEL\DEBUG\PROJECT1.EXE,VALUTA,original,.exe,PROJECT1.EXE,PROJECT1,915456,legacy-dll,Legacy plugin vagy shared library,
Anti\VALUTA\DLL\NAPIJEL\MAKEDLL\NAPIJEL.dll,VALUTA,original,.dll,NAPIJEL.dll,NAPIJEL,912896,legacy-dll,Legacy plugin vagy shared library,
Anti\VALUTA\DLL\NAPIKEZD\DEBUG\Project1.exe,VALUTA,original,.exe,Project1.exe,Project1,898048,legacy-dll,Legacy plugin vagy shared library,
Anti\VALUTA\DLL\NAPIKEZD\EXEPROBA\Project1.exe,VALUTA,original,.exe,Project1.exe,Project1,416768,legacy-dll,Legacy plugin vagy shared library,
Anti\VALUTA\DLL\NAPIKEZD\MAKEDLL\napikezd.dll,VALUTA,original,.dll,napikezd.dll,napikezd,894976,legacy-dll,Legacy plugin vagy shared library,
Anti\VALUTA\DLL\NAPKONYV\DEBUG\Project1.exe,VALUTA,original,.exe,Project1.exe,Project1,904704,legacy-dll,Legacy plugin vagy shared library,
Anti\VALUTA\DLL\NAPKONYV\EXEPROBA\Project1.exe,VALUTA,original,.exe,Project1.exe,Project1,416768,legacy-dll,Legacy plugin vagy shared library,
Anti\VALUTA\DLL\NAPKONYV\MAKEDLL\napkonyv.dll,VALUTA,original,.dll,napkonyv.dll,napkonyv,902144,legacy-dll,Legacy plugin vagy shared library,
Anti\VALUTA\DLL\NAPZAR\DEBUG\Project1.exe,VALUTA,original,.exe,Project1.exe,Project1,834048,closing,Napzaras vagy closing workflow,
Anti\VALUTA\DLL\NAPZAR\MAKEDLL\Napzar.dll,VALUTA,original,.dll,Napzar.dll,Napzar,831488,closing,Napzaras vagy closing workflow,
Anti\VALUTA\DLL\NAVZARO\DEBUG\Project1.exe,VALUTA,original,.exe,Project1.exe,Project1,724992,legacy-dll,Legacy plugin vagy shared library,
Anti\VALUTA\DLL\NAVZARO\MAKEDLL\Navzaro.dll,VALUTA,original,.dll,Navzaro.dll,Navzaro,722432,legacy-dll,Legacy plugin vagy shared library,
Anti\VALUTA\DLL\NZNYOMT\DEBUG\Project1.exe,VALUTA,original,.exe,Project1.exe,Project1,859136,legacy-dll,Legacy plugin vagy shared library,
Anti\VALUTA\DLL\NZNYOMT\MAKEDLL\NzNyomt.dll,VALUTA,original,.dll,NzNyomt.dll,NzNyomt,857088,legacy-dll,Legacy plugin vagy shared library,
Anti\VALUTA\DLL\OTHERTSK\DEBUG\Project1.exe,VALUTA,original,.exe,Project1.exe,Project1,1351168,legacy-dll,Legacy plugin vagy shared library,
Anti\VALUTA\DLL\OTHERTSK\MAKEDLL\Othertsk.dll,VALUTA,original,.dll,Othertsk.dll,Othertsk,1348608,legacy-dll,Legacy plugin vagy shared library,
Anti\VALUTA\DLL\OTP\DEBUG\Project1.exe,VALUTA,original,.exe,Project1.exe,Project1,2591232,legacy-dll,Legacy plugin vagy shared library,
Anti\VALUTA\DLL\OTP\MAKEDLL\otp.dll,VALUTA,original,.dll,otp.dll,otp,2583040,legacy-dll,Legacy plugin vagy shared library,
Anti\VALUTA\DLL\OTPLOG\DEBUG\Project1.exe,VALUTA,original,.exe,Project1.exe,Project1,758784,legacy-dll,Legacy plugin vagy shared library,
Anti\VALUTA\DLL\OTPLOG\MAKEDLL\otplog.dll,VALUTA,original,.dll,otplog.dll,otplog,756736,legacy-dll,Legacy plugin vagy shared library,
Anti\VALUTA\DLL\PAUSDISP\DEBUG\Project1.exe,VALUTA,original,.exe,Project1.exe,Project1,707584,legacy-dll,Legacy plugin vagy shared library,
Anti\VALUTA\DLL\PAUSDISP\MAKEDDLL\PausDisp.dll,VALUTA,original,.dll,PausDisp.dll,PausDisp,705024,legacy-dll,Legacy plugin vagy shared library,
Anti\VALUTA\DLL\PILLALL\DEBUG\Project1.exe,VALUTA,original,.exe,Project1.exe,Project1,839680,cash-stock,Pillanatnyi penztarallas,
Anti\VALUTA\DLL\PILLALL\MAKEDLL\PILLALL.dll,VALUTA,original,.dll,PILLALL.dll,PILLALL,836608,cash-stock,Pillanatnyi penztarallas,
Anti\VALUTA\DLL\PILLKESZ\DEBUG\Project1.exe,VALUTA,original,.exe,Project1.exe,Project1,1154560,legacy-dll,Legacy plugin vagy shared library,
Anti\VALUTA\DLL\PILLKESZ\EXEPROBA\Project1.exe,VALUTA,original,.exe,Project1.exe,Project1,389120,legacy-dll,Legacy plugin vagy shared library,
Anti\VALUTA\DLL\PILLKESZ\GRAFIKON\Project1.exe,VALUTA,original,.exe,Project1.exe,Project1,865792,legacy-dll,Legacy plugin vagy shared library,
Anti\VALUTA\DLL\PILLKESZ\MAKEDLL\PILLKESZ.dll,VALUTA,original,.dll,PILLKESZ.dll,PILLKESZ,1152512,legacy-dll,Legacy plugin vagy shared library,
Anti\VALUTA\DLL\PROCEND\DEBUG\Project1.exe,VALUTA,original,.exe,Project1.exe,Project1,563712,legacy-dll,Legacy plugin vagy shared library,
Anti\VALUTA\DLL\PROCEND\MAKEDLL\Procend.dll,VALUTA,original,.dll,Procend.dll,Procend,557056,legacy-dll,Legacy plugin vagy shared library,
Anti\VALUTA\DLL\PROSBE\DEBUG\Project1.exe,VALUTA,original,.exe,Project1.exe,Project1,1053184,auth-cashier,Penztaros beleptetes,
Anti\VALUTA\DLL\PROSBE\EXEPROBA\Project1.exe,VALUTA,original,.exe,Project1.exe,Project1,394240,auth-cashier,Penztaros beleptetes,
Anti\VALUTA\DLL\PROSBE\MAKEDLL\Prosbe.dll,VALUTA,original,.dll,Prosbe.dll,Prosbe,1050624,auth-cashier,Penztaros beleptetes,
Anti\VALUTA\DLL\PROSKI\DEBUG\Project1.exe,VALUTA,original,.exe,Project1.exe,Project1,653824,auth-cashier,Penztaros kileptetes,
Anti\VALUTA\DLL\PROSKI\exeproba\Project1.exe,VALUTA,original,.exe,Project1.exe,Project1,394240,auth-cashier,Penztaros kileptetes,
Anti\VALUTA\DLL\PROSKI\MAKEDLL\Proski.dll,VALUTA,original,.dll,Proski.dll,Proski,647168,auth-cashier,Penztaros kileptetes,
Anti\VALUTA\DLL\PROSTMK\DEBUG\Project1.exe,VALUTA,original,.exe,Project1.exe,Project1,954880,auth-cashier,Penztaros es jelszo karbantartas,
Anti\VALUTA\DLL\PROSTMK\MAKEDLL\Prostmk.dll,VALUTA,original,.dll,Prostmk.dll,Prostmk,952320,auth-cashier,Penztaros es jelszo karbantartas,
Anti\VALUTA\DLL\PTARKESZ\DEBUG\Project1.exe,VALUTA,original,.exe,Project1.exe,Project1,681472,legacy-dll,Legacy plugin vagy shared library,
Anti\VALUTA\DLL\PTARKESZ\EXEPROBA\Project1.exe,VALUTA,original,.exe,Project1.exe,Project1,389120,legacy-dll,Legacy plugin vagy shared library,
Anti\VALUTA\DLL\PTARKESZ\MAKEDLL\AKTKESZ.dll,VALUTA,original,.dll,AKTKESZ.dll,AKTKESZ,678400,legacy-dll,Legacy plugin vagy shared library,
Anti\VALUTA\DLL\PTARTMK\DEBUG\Project1.exe,VALUTA,original,.exe,Project1.exe,Project1,945152,legacy-dll,Legacy plugin vagy shared library,
Anti\VALUTA\DLL\PTARTMK\MAKEDLL\ptartmk.dll,VALUTA,original,.dll,ptartmk.dll,ptartmk,942592,legacy-dll,Legacy plugin vagy shared library,
Anti\VALUTA\DLL\QRDEPUTY\DEBUG\Project1.exe,VALUTA,original,.exe,Project1.exe,Project1,719360,legacy-dll,Legacy plugin vagy shared library,
Anti\VALUTA\DLL\QRDEPUTY\MAKEDLL\QRGENER.dll,VALUTA,original,.dll,QRGENER.dll,QRGENER,717312,display,QR generalas vagy kijelzes,
Anti\VALUTA\DLL\QRDEPUTY\MINTA\Project1.exe,VALUTA,original,.exe,Project1.exe,Project1,466432,legacy-dll,Legacy plugin vagy shared library,
Anti\VALUTA\DLL\QRDEPUTY\NAVMODI.EXE,VALUTA,original,.exe,NAVMODI.EXE,NAVMODI,686592,legacy-dll,Legacy plugin vagy shared library,
Anti\VALUTA\DLL\QRDEPUTY\ZAROTEST\NAVTEST.EXE,VALUTA,original,.exe,NAVTEST.EXE,NAVTEST,696832,legacy-dll,Legacy plugin vagy shared library,
Anti\VALUTA\DLL\QRDEPUTY\ZAROTEST\Project1.exe,VALUTA,original,.exe,Project1.exe,Project1,696832,legacy-dll,Legacy plugin vagy shared library,
Anti\VALUTA\DLL\QRGENER\DEBUG\Project1.exe,VALUTA,original,.exe,Project1.exe,Project1,731648,display,QR generalas vagy kijelzes,
Anti\VALUTA\DLL\QRGENER\MAKEDLL\QRGENER.dll,VALUTA,original,.dll,QRGENER.dll,QRGENER,729600,display,QR generalas vagy kijelzes,
Anti\VALUTA\DLL\QRGENER\MINTA\Project1.exe,VALUTA,original,.exe,Project1.exe,Project1,466432,display,QR generalas vagy kijelzes,
Anti\VALUTA\DLL\QUITFORM\DEBUG\Project1.exe,VALUTA,original,.exe,Project1.exe,Project1,815616,legacy-dll,Legacy plugin vagy shared library,
Anti\VALUTA\DLL\QUITFORM\MAKEDLL\QUITFORM.dll,VALUTA,original,.dll,QUITFORM.dll,QUITFORM,813056,legacy-dll,Legacy plugin vagy shared library,
Anti\VALUTA\DLL\REGEN\DEBUG\Project1.exe,VALUTA,original,.exe,Project1.exe,Project1,715776,legacy-dll,Legacy plugin vagy shared library,
Anti\VALUTA\DLL\REGEN\MAKEDLL\REGEN.dll,VALUTA,original,.dll,REGEN.dll,REGEN,719360,legacy-dll,Legacy plugin vagy shared library,
Anti\VALUTA\DLL\REGIZARO\DEBUG\Project1.exe,VALUTA,original,.exe,Project1.exe,Project1,808448,legacy-dll,Legacy plugin vagy shared library,
Anti\VALUTA\DLL\REGIZARO\MAKEDLL\REGIZARO.dll,VALUTA,original,.dll,REGIZARO.dll,REGIZARO,805888,legacy-dll,Legacy plugin vagy shared library,
Anti\VALUTA\DLL\SCANNING\DEBUG\Project1.exe,VALUTA,original,.exe,Project1.exe,Project1,694272,legacy-dll,Legacy plugin vagy shared library,
Anti\VALUTA\DLL\SCANNING\EXEPROBA\scannimg.exe,VALUTA,original,.exe,scannimg.exe,scannimg,694272,legacy-dll,Legacy plugin vagy shared library,
Anti\VALUTA\DLL\SCANNING\MAKEDLL\SCANNING.dll,VALUTA,original,.dll,SCANNING.dll,SCANNING,691712,legacy-dll,Legacy plugin vagy shared library,
Anti\VALUTA\DLL\SENDOKMANY\DEBUG\Project1.exe,VALUTA,original,.exe,Project1.exe,Project1,673792,legacy-dll,Legacy plugin vagy shared library,
Anti\VALUTA\DLL\SENDOKMANY\MAKEDLL\SENDOKMANY.dll,VALUTA,original,.dll,SENDOKMANY.dll,SENDOKMANY,666624,legacy-dll,Legacy plugin vagy shared library,
Anti\VALUTA\DLL\SETRATE\DEBUG\Project1.exe,VALUTA,original,.exe,Project1.exe,Project1,678400,legacy-dll,Legacy plugin vagy shared library,
Anti\VALUTA\DLL\SETRATE\MAKEDLL\Setrate.dll,VALUTA,original,.dll,Setrate.dll,Setrate,675328,legacy-dll,Legacy plugin vagy shared library,
Anti\VALUTA\DLL\STORNO\DEBUG\Project1.exe,VALUTA,original,.exe,Project1.exe,Project1,879104,storno,Sztorno tranzakcio vagy visszavonas,
Anti\VALUTA\DLL\STORNO\MAKEDLL\Storno.dll,VALUTA,original,.dll,Storno.dll,Storno,877568,storno,Sztorno tranzakcio vagy visszavonas,
Anti\VALUTA\DLL\SUPER\DEBUG\Project1.exe,VALUTA,original,.exe,Project1.exe,Project1,428032,supervisor,Supervisor jogosultsag vagy felulbiraslat,
Anti\VALUTA\DLL\SUPER\EXEPROBA\Project1.exe,VALUTA,original,.exe,Project1.exe,Project1,409600,supervisor,Supervisor jogosultsag vagy felulbiraslat,
Anti\VALUTA\DLL\SUPER\EXEPROBA\SUPER.dll,VALUTA,original,.dll,SUPER.dll,SUPER,425472,supervisor,Supervisor jogosultsag vagy felulbiraslat,
Anti\VALUTA\DLL\SUPER\MAKEDLL\super.dll,VALUTA,original,.dll,super.dll,super,425472,supervisor,Supervisor jogosultsag vagy felulbiraslat,
Anti\VALUTA\DLL\SUPERTSK\DEBUG\Project1.exe,VALUTA,original,.exe,Project1.exe,Project1,958464,supervisor,Supervisor jogosultsag vagy felulbiraslat,
Anti\VALUTA\DLL\SUPERTSK\MAKEDLL\SUPERTSK.dll,VALUTA,original,.dll,SUPERTSK.dll,SUPERTSK,956416,supervisor,Supervisor jogosultsag vagy felulbiraslat,
Anti\VALUTA\DLL\TEAOR\DEBUG\Project1.exe,VALUTA,original,.exe,Project1.exe,Project1,831488,legacy-dll,Legacy plugin vagy shared library,
Anti\VALUTA\DLL\TEAOR\MAKEDLL\teaorsel.dll,VALUTA,original,.dll,teaorsel.dll,teaorsel,828416,legacy-dll,Legacy plugin vagy shared library,
Anti\VALUTA\DLL\TERMINAL\DEBUG\Project1.exe,VALUTA,original,.exe,Project1.exe,Project1,784896,terminal,Terminal vagy peripheral integration,
Anti\VALUTA\DLL\TERMINAL\MAKEDLL\Terminal.dll,VALUTA,original,.dll,Terminal.dll,Terminal,781824,terminal,Terminal vagy peripheral integration,
Anti\VALUTA\DLL\TERROR\DEBUG\Project1.exe,VALUTA,original,.exe,Project1.exe,Project1,688128,aml-sanctions,Szankcios vagy terrorlista ellenorzes,
Anti\VALUTA\DLL\TERROR\MAKEDLL\terrlist.dll,VALUTA,original,.dll,terrlist.dll,terrlist,684032,aml-sanctions,Szankcios vagy terrorlista ellenorzes,
Anti\VALUTA\DLL\TESCO\DEBUG\Project1.exe,VALUTA,original,.exe,Project1.exe,Project1,1825792,legacy-dll,Legacy plugin vagy shared library,
Anti\VALUTA\DLL\TESCO\MAKEDLL\Tesco.dll,VALUTA,original,.dll,Tesco.dll,Tesco,1823744,legacy-dll,Legacy plugin vagy shared library,
Anti\VALUTA\DLL\UGYFEL\DEBUG\Project1.exe,VALUTA,original,.exe,Project1.exe,Project1,1306624,customer-aml,Ugyfelkezeles es AML,
Anti\VALUTA\DLL\UGYFEL\MAKEDLL\Ugyfel.dll,VALUTA,original,.dll,Ugyfel.dll,Ugyfel,1304064,customer-aml,Ugyfelkezeles es AML,
Anti\VALUTA\DLL\UGYFELTMK\DEBUG\Project1.exe,VALUTA,original,.exe,Project1.exe,Project1,859648,customer-aml,Ugyfelkezeles es AML,
Anti\VALUTA\DLL\UGYFELTMK\MAKEDLL\UGYFTMK.dll,VALUTA,original,.dll,UGYFTMK.dll,UGYFTMK,856576,customer-aml,Ugyfelkezeles es AML,
Anti\VALUTA\DLL\UGYFELTMK\WUNION\EXEPROBA\Project1.exe,VALUTA,original,.exe,Project1.exe,Project1,411648,western-union,Western Union integracio,
Anti\VALUTA\DLL\UGYFELTMK\WUNION\MAKEDLL\Wunion.dll,VALUTA,original,.dll,Wunion.dll,Wunion,1318912,western-union,Western Union integracio,
Anti\VALUTA\DLL\UJSCANNER\DEBUG\Project1.exe,VALUTA,original,.exe,Project1.exe,Project1,863232,legacy-dll,Legacy plugin vagy shared library,
Anti\VALUTA\DLL\UJSCANNER\MAKEDLL\scanner.dll,VALUTA,original,.dll,scanner.dll,scanner,860672,legacy-dll,Legacy plugin vagy shared library,
Anti\VALUTA\DLL\VASARLAS\DEBUG\Project1.exe,VALUTA,original,.exe,Project1.exe,Project1,910848,transaction-buy,Valuta veteli tranzakcio,
Anti\VALUTA\DLL\VASARLAS\MAKEDLL\Vasarlas.dll,VALUTA,original,.dll,Vasarlas.dll,Vasarlas,908800,transaction-buy,Valuta veteli tranzakcio,
Anti\VALUTA\DLL\VERZFRIS\DEBUG\Project1.exe,VALUTA,original,.exe,Project1.exe,Project1,788992,legacy-dll,Legacy plugin vagy shared library,
Anti\VALUTA\DLL\VERZFRIS\EXPROBA\Project1.exe,VALUTA,original,.exe,Project1.exe,Project1,406016,legacy-dll,Legacy plugin vagy shared library,
Anti\VALUTA\DLL\VERZFRIS\MAKEDLL\verzfris.dll,VALUTA,original,.dll,verzfris.dll,verzfris,781824,legacy-dll,Legacy plugin vagy shared library,
Anti\VALUTA\DLL\WUNION\DEBUG\Project1.exe,VALUTA,original,.exe,Project1.exe,Project1,1320960,western-union,Western Union integracio,
Anti\VALUTA\DLL\WUNION\EXEPROBA\Project1.exe,VALUTA,original,.exe,Project1.exe,Project1,411648,western-union,Western Union integracio,
Anti\VALUTA\DLL\WUNION\MAKEDLL\Wunion.dll,VALUTA,original,.dll,Wunion.dll,Wunion,1318912,western-union,Western Union integracio,
Anti\VALUTA\DLL\XTRANZ\DEBUG\Project1.exe,VALUTA,original,.exe,Project1.exe,Project1,874496,legacy-dll,Legacy plugin vagy shared library,
Anti\VALUTA\DLL\XTRANZ\EXEPROBA\Project1.exe,VALUTA,original,.exe,Project1.exe,Project1,389120,legacy-dll,Legacy plugin vagy shared library,
Anti\VALUTA\DLL\XTRANZ\MAKEDLL\Xtranz.dll,VALUTA,original,.dll,Xtranz.dll,Xtranz,871424,legacy-dll,Legacy plugin vagy shared library,
Anti\VALUTA\IBVALTO\IBVALTO.exe,VALUTA,original,.exe,IBVALTO.exe,IBVALTO,1361408,cashdesk-shell,Fo valutavalto shell es UI orchestration,Anti\VALUTA\IBVALTO\IBVALTO.DPR
Anti\VALUTA\TRADE\fejleszt\alap\coupon.exe,VALUTA,original,.exe,coupon.exe,coupon,22928595,trade-module,Kulon trade es kiegeszito kereskedelmi modul,Anti\VALUTA\TRADE\fejleszt\trade.dpr
Anti\VALUTA\TRADE\fejleszt\alap\project1.exe,VALUTA,original,.exe,project1.exe,project1,787456,trade-module,Kulon trade es kiegeszito kereskedelmi modul,Anti\VALUTA\TRADE\fejleszt\trade.dpr
Anti\VALUTA\TRADE\fejleszt\dijak\palyadij.exe,VALUTA,original,.exe,palyadij.exe,palyadij,672256,trade-module,Kulon trade es kiegeszito kereskedelmi modul,Anti\VALUTA\TRADE\fejleszt\trade.dpr
Anti\VALUTA\TRADE\fejleszt\dijak\project1.exe,VALUTA,original,.exe,project1.exe,project1,672256,trade-module,Kulon trade es kiegeszito kereskedelmi modul,Anti\VALUTA\TRADE\fejleszt\trade.dpr
Anti\VALUTA\TRADE\fejleszt\libeay32.dll,VALUTA,original,.dll,libeay32.dll,libeay32,684032,trade-module,Kulon trade es kiegeszito kereskedelmi modul,Anti\VALUTA\TRADE\fejleszt\trade.dpr
Anti\VALUTA\TRADE\fejleszt\msvcr100.dll,VALUTA,original,.dll,msvcr100.dll,msvcr100,773968,trade-module,Kulon trade es kiegeszito kereskedelmi modul,Anti\VALUTA\TRADE\fejleszt\trade.dpr
Anti\VALUTA\TRADE\fejleszt\ssleay32.dll,VALUTA,original,.dll,ssleay32.dll,ssleay32,155648,trade-module,Kulon trade es kiegeszito kereskedelmi modul,Anti\VALUTA\TRADE\fejleszt\trade.dpr
Anti\VALUTA\TRADE\fejleszt\trade.exe,VALUTA,original,.exe,trade.exe,trade,2325504,trade-module,Kulon trade es kiegeszito kereskedelmi modul,Anti\VALUTA\TRADE\fejleszt\trade.dpr
Anti\VALUTA\TRADE\fejleszt\vsinit.dll,VALUTA,original,.dll,vsinit.dll,vsinit,75032,trade-module,Kulon trade es kiegeszito kereskedelmi modul,Anti\VALUTA\TRADE\fejleszt\trade.dpr
Anti\SZERVER\_extracted\ERTEKTAR\etdll\arftmk\debug\project1.exe,SZERVER,extracted,.exe,project1.exe,project1,957952,rates,Arfolyam karbantarto modul,
Anti\SZERVER\_extracted\ERTEKTAR\etdll\arftmk\makedll\arftmk.dll,SZERVER,extracted,.dll,arftmk.dll,arftmk,955904,rates,Arfolyam karbantarto modul,
Anti\SZERVER\_extracted\ERTEKTAR\etdll\atadolap\debug\project1.exe,SZERVER,extracted,.exe,project1.exe,project1,741888,vault-transfer,Atadolap es handover dokumentum,
Anti\SZERVER\_extracted\ERTEKTAR\etdll\atadolap\makedll\atadolap.dll,SZERVER,extracted,.dll,atadolap.dll,atadolap,738816,vault-transfer,Atadolap es handover dokumentum,
Anti\SZERVER\_extracted\ERTEKTAR\etdll\atadvet\debug\project1.exe,SZERVER,extracted,.exe,project1.exe,project1,1412608,vault-transfer,Penztarak vagy ertektarak kozotti atadas-atvetel,
Anti\SZERVER\_extracted\ERTEKTAR\etdll\atadvet\makedll\atadvet.dll,SZERVER,extracted,.dll,atadvet.dll,atadvet,1410048,vault-transfer,Penztarak vagy ertektarak kozotti atadas-atvetel,
Anti\SZERVER\_extracted\ERTEKTAR\etdll\bizodisp\debug\project1.exe,SZERVER,extracted,.exe,project1.exe,project1,987648,unclassified,Tovabbi manualis elemzes szukseges,
Anti\SZERVER\_extracted\ERTEKTAR\etdll\bizodisp\makedll\bizodisp.dll,SZERVER,extracted,.dll,bizodisp.dll,bizodisp,985088,legacy-dll,Legacy plugin vagy shared library,
Anti\SZERVER\_extracted\ERTEKTAR\etdll\bloknyom\debug\project1.exe,SZERVER,extracted,.exe,project1.exe,project1,683008,unclassified,Tovabbi manualis elemzes szukseges,
Anti\SZERVER\_extracted\ERTEKTAR\etdll\bloknyom\makedll\bloknyom.dll,SZERVER,extracted,.dll,bloknyom.dll,bloknyom,675840,legacy-dll,Legacy plugin vagy shared library,
Anti\SZERVER\_extracted\ERTEKTAR\etdll\checklst\debug\project1.exe,SZERVER,extracted,.exe,project1.exe,project1,776192,unclassified,Tovabbi manualis elemzes szukseges,
Anti\SZERVER\_extracted\ERTEKTAR\etdll\checklst\makedll\checklst.dll,SZERVER,extracted,.dll,checklst.dll,checklst,774144,legacy-dll,Legacy plugin vagy shared library,
Anti\SZERVER\_extracted\ERTEKTAR\etdll\cimlctrl\makedll\cimlctrl.dll,SZERVER,extracted,.dll,cimlctrl.dll,cimlctrl,672256,denomination,Cimletkezeles es denomination workflow,
Anti\SZERVER\_extracted\ERTEKTAR\etdll\cimlet\debug\project1.exe,SZERVER,extracted,.exe,project1.exe,project1,763904,denomination,Cimletkezeles es denomination workflow,
Anti\SZERVER\_extracted\ERTEKTAR\etdll\cimlet\makedll\cimlet.dll,SZERVER,extracted,.dll,cimlet.dll,cimlet,763392,denomination,Cimletkezeles es denomination workflow,
Anti\SZERVER\_extracted\ERTEKTAR\etdll\cimlmenu\makedll\cimlmenu.dll,SZERVER,extracted,.dll,cimlmenu.dll,cimlmenu,688128,denomination,Cimletkezeles es denomination workflow,
Anti\SZERVER\_extracted\ERTEKTAR\etdll\cimlnyom\debug\project1.exe,SZERVER,extracted,.exe,project1.exe,project1,721408,denomination,Cimletkezeles es denomination workflow,
Anti\SZERVER\_extracted\ERTEKTAR\etdll\cimlnyom\makedll\cimlnyom.dll,SZERVER,extracted,.dll,cimlnyom.dll,cimlnyom,734720,denomination,Cimletkezeles es denomination workflow,
Anti\SZERVER\_extracted\ERTEKTAR\etdll\cimsetup\debug\project1.exe,SZERVER,extracted,.exe,project1.exe,project1,498688,unclassified,Tovabbi manualis elemzes szukseges,
Anti\SZERVER\_extracted\ERTEKTAR\etdll\cimsetup\makedll\cimsetup.dll,SZERVER,extracted,.dll,cimsetup.dll,cimsetup,498176,legacy-dll,Legacy plugin vagy shared library,
Anti\SZERVER\_extracted\ERTEKTAR\etdll\estizar\debug\project1.exe,SZERVER,extracted,.exe,project1.exe,project1,898560,unclassified,Tovabbi manualis elemzes szukseges,
Anti\SZERVER\_extracted\ERTEKTAR\etdll\estizar\makedll\estizar.dll,SZERVER,extracted,.dll,estizar.dll,estizar,896000,legacy-dll,Legacy plugin vagy shared library,
Anti\SZERVER\_extracted\ERTEKTAR\etdll\getarf\debug\project1.exe,SZERVER,extracted,.exe,project1.exe,project1,696832,rates-sync,Arfolyam letoltes vagy rates sync,
Anti\SZERVER\_extracted\ERTEKTAR\etdll\getarf\makedll\getarf.dll,SZERVER,extracted,.dll,getarf.dll,getarf,694784,rates-sync,Arfolyam letoltes vagy rates sync,
Anti\SZERVER\_extracted\ERTEKTAR\etdll\getellen\debug\project1.exe,SZERVER,extracted,.exe,project1.exe,project1,680448,unclassified,Tovabbi manualis elemzes szukseges,
Anti\SZERVER\_extracted\ERTEKTAR\etdll\getellen\makedll\getellen.dll,SZERVER,extracted,.dll,getellen.dll,getellen,677888,legacy-dll,Legacy plugin vagy shared library,
Anti\SZERVER\_extracted\ERTEKTAR\etdll\getplomb\makedll\getplomb.dll,SZERVER,extracted,.dll,getplomb.dll,getplomb,685056,legacy-dll,Legacy plugin vagy shared library,
Anti\SZERVER\_extracted\ERTEKTAR\etdll\getptar\makedll\getptar.dll,SZERVER,extracted,.dll,getptar.dll,getptar,940544,legacy-dll,Legacy plugin vagy shared library,
Anti\SZERVER\_extracted\ERTEKTAR\etdll\havizar\debug\project1.exe,SZERVER,extracted,.exe,project1.exe,project1,750592,closing,Havi zaras workflow,
Anti\SZERVER\_extracted\ERTEKTAR\etdll\havizar\makedll\havizar.dll,SZERVER,extracted,.dll,havizar.dll,havizar,748544,closing,Havi zaras workflow,
Anti\SZERVER\_extracted\ERTEKTAR\etdll\hrkatvevo\debug\project1.exe,SZERVER,extracted,.exe,project1.exe,project1,1051136,unclassified,Tovabbi manualis elemzes szukseges,
Anti\SZERVER\_extracted\ERTEKTAR\etdll\hrkatvevo\makedll\hrkget.dll,SZERVER,extracted,.dll,hrkget.dll,hrkget,1049088,legacy-dll,Legacy plugin vagy shared library,
Anti\SZERVER\_extracted\ERTEKTAR\etdll\hrkcimlet\debug\project1.exe,SZERVER,extracted,.exe,project1.exe,project1,691200,denomination,Cimletkezeles es denomination workflow,
Anti\SZERVER\_extracted\ERTEKTAR\etdll\hrkcimlet\makedll\hrkcim.dll,SZERVER,extracted,.dll,hrkcim.dll,hrkcim,689152,denomination,Cimletkezeles es denomination workflow,
Anti\SZERVER\_extracted\ERTEKTAR\etdll\idoszak\makedll\idoszak.dll,SZERVER,extracted,.dll,idoszak.dll,idoszak,694272,legacy-dll,Legacy plugin vagy shared library,
Anti\SZERVER\_extracted\ERTEKTAR\etdll\irarfoly\debug\project1.exe,SZERVER,extracted,.exe,project1.exe,project1,775168,unclassified,Tovabbi manualis elemzes szukseges,
Anti\SZERVER\_extracted\ERTEKTAR\etdll\irarfoly\makedll\irarfoly.dll,SZERVER,extracted,.dll,irarfoly.dll,irarfoly,773632,legacy-dll,Legacy plugin vagy shared library,
Anti\SZERVER\_extracted\ERTEKTAR\etdll\kcimlet\debug\project1.exe,SZERVER,extracted,.exe,project1.exe,project1,799744,denomination,Cimletkezeles es denomination workflow,
Anti\SZERVER\_extracted\ERTEKTAR\etdll\kcimlet\makedll\kcimlet.dll,SZERVER,extracted,.dll,kcimlet.dll,kcimlet,793088,denomination,Cimletkezeles es denomination workflow,
Anti\SZERVER\_extracted\ERTEKTAR\etdll\keszedit\debug\project1.exe,SZERVER,extracted,.exe,project1.exe,project1,927744,unclassified,Tovabbi manualis elemzes szukseges,
Anti\SZERVER\_extracted\ERTEKTAR\etdll\keszedit\makedll\keszedit.dll,SZERVER,extracted,.dll,keszedit.dll,keszedit,925184,legacy-dll,Legacy plugin vagy shared library,
Anti\SZERVER\_extracted\ERTEKTAR\etdll\keszup\debug\project1.exe,SZERVER,extracted,.exe,project1.exe,project1,658944,unclassified,Tovabbi manualis elemzes szukseges,
Anti\SZERVER\_extracted\ERTEKTAR\etdll\keszup\makedll\keszup.dll,SZERVER,extracted,.dll,keszup.dll,keszup,652288,legacy-dll,Legacy plugin vagy shared library,
Anti\SZERVER\_extracted\ERTEKTAR\etdll\kezdij\debug\project1.exe,SZERVER,extracted,.exe,project1.exe,project1,1075712,unclassified,Tovabbi manualis elemzes szukseges,
Anti\SZERVER\_extracted\ERTEKTAR\etdll\kezdij\makedll\kezdij.dll,SZERVER,extracted,.dll,kezdij.dll,kezdij,1073664,legacy-dll,Legacy plugin vagy shared library,
Anti\SZERVER\_extracted\ERTEKTAR\etdll\korlev\debug\project1.exe,SZERVER,extracted,.exe,project1.exe,project1,845312,unclassified,Tovabbi manualis elemzes szukseges,
Anti\SZERVER\_extracted\ERTEKTAR\etdll\korlev\makedll\korlev.dll,SZERVER,extracted,.dll,korlev.dll,korlev,843264,legacy-dll,Legacy plugin vagy shared library,
Anti\SZERVER\_extracted\ERTEKTAR\etdll\listak\debug\project1.exe,SZERVER,extracted,.exe,project1.exe,project1,1187328,unclassified,Tovabbi manualis elemzes szukseges,
Anti\SZERVER\_extracted\ERTEKTAR\etdll\listak\makedll\listak.dll,SZERVER,extracted,.dll,listak.dll,listak,1184256,legacy-dll,Legacy plugin vagy shared library,
Anti\SZERVER\_extracted\ERTEKTAR\etdll\logdisp\debug\project1.exe,SZERVER,extracted,.exe,project1.exe,project1,506880,unclassified,Tovabbi manualis elemzes szukseges,
Anti\SZERVER\_extracted\ERTEKTAR\etdll\logdisp\makedll\logdisp.dll,SZERVER,extracted,.dll,logdisp.dll,logdisp,504320,legacy-dll,Legacy plugin vagy shared library,
Anti\SZERVER\_extracted\ERTEKTAR\etdll\logiro\debug\project1.exe,SZERVER,extracted,.exe,project1.exe,project1,393728,unclassified,Tovabbi manualis elemzes szukseges,
Anti\SZERVER\_extracted\ERTEKTAR\etdll\logiro\exeproba\project1.exe,SZERVER,extracted,.exe,project1.exe,project1,412672,unclassified,Tovabbi manualis elemzes szukseges,
Anti\SZERVER\_extracted\ERTEKTAR\etdll\logiro\makedll\logiro.dll,SZERVER,extracted,.dll,logiro.dll,logiro,387072,legacy-dll,Legacy plugin vagy shared library,
Anti\SZERVER\_extracted\ERTEKTAR\etdll\maktablak\debug\project1.exe,SZERVER,extracted,.exe,project1.exe,project1,697856,unclassified,Tovabbi manualis elemzes szukseges,
Anti\SZERVER\_extracted\ERTEKTAR\etdll\maktablak\makedll\maktabla.dll,SZERVER,extracted,.dll,maktabla.dll,maktabla,695808,legacy-dll,Legacy plugin vagy shared library,
Anti\SZERVER\_extracted\ERTEKTAR\etdll\matptar\debug\project1.exe,SZERVER,extracted,.exe,project1.exe,project1,973824,unclassified,Tovabbi manualis elemzes szukseges,
Anti\SZERVER\_extracted\ERTEKTAR\etdll\matptar\makedll\matptar.dll,SZERVER,extracted,.dll,matptar.dll,matptar,971776,legacy-dll,Legacy plugin vagy shared library,
Anti\SZERVER\_extracted\ERTEKTAR\etdll\mentes\debug\project1.exe,SZERVER,extracted,.exe,project1.exe,project1,695808,unclassified,Tovabbi manualis elemzes szukseges,
Anti\SZERVER\_extracted\ERTEKTAR\etdll\mentes\exeproba\project1.exe,SZERVER,extracted,.exe,project1.exe,project1,389120,unclassified,Tovabbi manualis elemzes szukseges,
Anti\SZERVER\_extracted\ERTEKTAR\etdll\mentes\makedll\mentes.dll,SZERVER,extracted,.dll,mentes.dll,mentes,693248,legacy-dll,Legacy plugin vagy shared library,
Anti\SZERVER\_extracted\ERTEKTAR\etdll\napijel\debug\project1.exe,SZERVER,extracted,.exe,project1.exe,project1,932352,unclassified,Tovabbi manualis elemzes szukseges,
Anti\SZERVER\_extracted\ERTEKTAR\etdll\napijel\makedll\napijel.dll,SZERVER,extracted,.dll,napijel.dll,napijel,930304,legacy-dll,Legacy plugin vagy shared library,
Anti\SZERVER\_extracted\ERTEKTAR\etdll\napikezd\debug\project1.exe,SZERVER,extracted,.exe,project1.exe,project1,897024,unclassified,Tovabbi manualis elemzes szukseges,
Anti\SZERVER\_extracted\ERTEKTAR\etdll\napikezd\makedll\napikezd.dll,SZERVER,extracted,.dll,napikezd.dll,napikezd,894464,legacy-dll,Legacy plugin vagy shared library,
Anti\SZERVER\_extracted\ERTEKTAR\etdll\napkonyv\debug\project1.exe,SZERVER,extracted,.exe,project1.exe,project1,868352,unclassified,Tovabbi manualis elemzes szukseges,
Anti\SZERVER\_extracted\ERTEKTAR\etdll\napkonyv\makedll\napkonyv.dll,SZERVER,extracted,.dll,napkonyv.dll,napkonyv,865280,legacy-dll,Legacy plugin vagy shared library,
Anti\SZERVER\_extracted\ERTEKTAR\etdll\napzar\debug\project1.exe,SZERVER,extracted,.exe,project1.exe,project1,833024,closing,Napzaras vagy closing workflow,
Anti\SZERVER\_extracted\ERTEKTAR\etdll\napzar\makedll\napzar.dll,SZERVER,extracted,.dll,napzar.dll,napzar,829952,closing,Napzaras vagy closing workflow,
Anti\SZERVER\_extracted\ERTEKTAR\etdll\nifval\debug\project1.exe,SZERVER,extracted,.exe,project1.exe,project1,753664,unclassified,Tovabbi manualis elemzes szukseges,
Anti\SZERVER\_extracted\ERTEKTAR\etdll\nifval\makedll\nifval.dll,SZERVER,extracted,.dll,nifval.dll,nifval,751104,legacy-dll,Legacy plugin vagy shared library,
Anti\SZERVER\_extracted\ERTEKTAR\etdll\nznyomt\debug\project1.exe,SZERVER,extracted,.exe,project1.exe,project1,847872,unclassified,Tovabbi manualis elemzes szukseges,
Anti\SZERVER\_extracted\ERTEKTAR\etdll\nznyomt\makedll\nznyomt.dll,SZERVER,extracted,.dll,nznyomt.dll,nznyomt,845824,legacy-dll,Legacy plugin vagy shared library,
Anti\SZERVER\_extracted\ERTEKTAR\etdll\penztarak\debug\old_unpacked\Project1.exe,SZERVER,extracted,.exe,Project1.exe,Project1,1400832,unclassified,Tovabbi manualis elemzes szukseges,
Anti\SZERVER\_extracted\ERTEKTAR\etdll\penztarak\debug\project1.exe,SZERVER,extracted,.exe,project1.exe,project1,1498112,unclassified,Tovabbi manualis elemzes szukseges,
Anti\SZERVER\_extracted\ERTEKTAR\etdll\penztarak\makedll\ptarak.dll,SZERVER,extracted,.dll,ptarak.dll,ptarak,1496064,legacy-dll,Legacy plugin vagy shared library,
Anti\SZERVER\_extracted\ERTEKTAR\etdll\pictload\debug\project1.exe,SZERVER,extracted,.exe,project1.exe,project1,647680,unclassified,Tovabbi manualis elemzes szukseges,
Anti\SZERVER\_extracted\ERTEKTAR\etdll\pictload\makedll\pictload.dll,SZERVER,extracted,.dll,pictload.dll,pictload,642048,legacy-dll,Legacy plugin vagy shared library,
Anti\SZERVER\_extracted\ERTEKTAR\etdll\pillall\debug\project1.exe,SZERVER,extracted,.exe,project1.exe,project1,837120,cash-stock,Pillanatnyi penztarallas,
Anti\SZERVER\_extracted\ERTEKTAR\etdll\pillall\makedll\pillall.dll,SZERVER,extracted,.dll,pillall.dll,pillall,834048,cash-stock,Pillanatnyi penztarallas,
Anti\SZERVER\_extracted\ERTEKTAR\etdll\pillkesz\debug\project1.exe,SZERVER,extracted,.exe,project1.exe,project1,1155072,unclassified,Tovabbi manualis elemzes szukseges,
Anti\SZERVER\_extracted\ERTEKTAR\etdll\pillkesz\exeproba\project1.exe,SZERVER,extracted,.exe,project1.exe,project1,389120,unclassified,Tovabbi manualis elemzes szukseges,
Anti\SZERVER\_extracted\ERTEKTAR\etdll\pillkesz\grafikon\project1.exe,SZERVER,extracted,.exe,project1.exe,project1,865792,unclassified,Tovabbi manualis elemzes szukseges,
Anti\SZERVER\_extracted\ERTEKTAR\etdll\pillkesz\makedll\pillkesz.dll,SZERVER,extracted,.dll,pillkesz.dll,pillkesz,1152000,legacy-dll,Legacy plugin vagy shared library,
Anti\SZERVER\_extracted\ERTEKTAR\etdll\prosbe\debug\project1.exe,SZERVER,extracted,.exe,project1.exe,project1,1052160,auth-cashier,Penztaros beleptetes,
Anti\SZERVER\_extracted\ERTEKTAR\etdll\prosbe\makedll\prosbe.dll,SZERVER,extracted,.dll,prosbe.dll,prosbe,1050112,auth-cashier,Penztaros beleptetes,
Anti\SZERVER\_extracted\ERTEKTAR\etdll\prostmk\debug\project1.exe,SZERVER,extracted,.exe,project1.exe,project1,954880,auth-cashier,Penztaros es jelszo karbantartas,
Anti\SZERVER\_extracted\ERTEKTAR\etdll\prostmk\makedll\prostmk.dll,SZERVER,extracted,.dll,prostmk.dll,prostmk,952832,auth-cashier,Penztaros es jelszo karbantartas,
Anti\SZERVER\_extracted\ERTEKTAR\etdll\ptarkesz\debug\project1.exe,SZERVER,extracted,.exe,project1.exe,project1,680448,unclassified,Tovabbi manualis elemzes szukseges,
Anti\SZERVER\_extracted\ERTEKTAR\etdll\ptarkesz\makedll\aktkesz.dll,SZERVER,extracted,.dll,aktkesz.dll,aktkesz,677888,legacy-dll,Legacy plugin vagy shared library,
Anti\SZERVER\_extracted\ERTEKTAR\etdll\ptartmk\debug\project1.exe,SZERVER,extracted,.exe,project1.exe,project1,945152,unclassified,Tovabbi manualis elemzes szukseges,
Anti\SZERVER\_extracted\ERTEKTAR\etdll\ptartmk\makedll\ptartmk.dll,SZERVER,extracted,.dll,ptartmk.dll,ptartmk,942592,legacy-dll,Legacy plugin vagy shared library,
Anti\SZERVER\_extracted\ERTEKTAR\etdll\quitform\debug\project1.exe,SZERVER,extracted,.exe,project1.exe,project1,815104,unclassified,Tovabbi manualis elemzes szukseges,
Anti\SZERVER\_extracted\ERTEKTAR\etdll\quitform\makedll\quitform.dll,SZERVER,extracted,.dll,quitform.dll,quitform,812544,legacy-dll,Legacy plugin vagy shared library,
Anti\SZERVER\_extracted\ERTEKTAR\etdll\ratectrl\debug\project1.exe,SZERVER,extracted,.exe,project1.exe,project1,1020416,unclassified,Tovabbi manualis elemzes szukseges,
Anti\SZERVER\_extracted\ERTEKTAR\etdll\ratectrl\makedll\ratectrl.dll,SZERVER,extracted,.dll,ratectrl.dll,ratectrl,1017344,legacy-dll,Legacy plugin vagy shared library,
Anti\SZERVER\_extracted\ERTEKTAR\etdll\rateperm\debug\minta.exe,SZERVER,extracted,.exe,minta.exe,minta,877056,unclassified,Tovabbi manualis elemzes szukseges,
Anti\SZERVER\_extracted\ERTEKTAR\etdll\rateperm\makedll\rateperm.dll,SZERVER,extracted,.dll,rateperm.dll,rateperm,875520,legacy-dll,Legacy plugin vagy shared library,
Anti\SZERVER\_extracted\ERTEKTAR\etdll\regen\debug\project1.exe,SZERVER,extracted,.exe,project1.exe,project1,707584,unclassified,Tovabbi manualis elemzes szukseges,
Anti\SZERVER\_extracted\ERTEKTAR\etdll\regen\makedll\regen.dll,SZERVER,extracted,.dll,regen.dll,regen,701440,legacy-dll,Legacy plugin vagy shared library,
Anti\SZERVER\_extracted\ERTEKTAR\etdll\regizaro\makedll\regizaro.dll,SZERVER,extracted,.dll,regizaro.dll,regizaro,805888,legacy-dll,Legacy plugin vagy shared library,
Anti\SZERVER\_extracted\ERTEKTAR\etdll\storno\debug\project1.exe,SZERVER,extracted,.exe,project1.exe,project1,973312,storno,Sztorno tranzakcio vagy visszavonas,
Anti\SZERVER\_extracted\ERTEKTAR\etdll\storno\makedll\storno.dll,SZERVER,extracted,.dll,storno.dll,storno,971264,storno,Sztorno tranzakcio vagy visszavonas,
Anti\SZERVER\_extracted\ERTEKTAR\etdll\super\makedll\super.dll,SZERVER,extracted,.dll,super.dll,super,425472,supervisor,Supervisor jogosultsag vagy felulbiraslat,
Anti\SZERVER\_extracted\ERTEKTAR\etdll\supertsk\debug\project1.exe,SZERVER,extracted,.exe,project1.exe,project1,809984,supervisor,Supervisor jogosultsag vagy felulbiraslat,
Anti\SZERVER\_extracted\ERTEKTAR\etdll\supertsk\makedll\supertsk.dll,SZERVER,extracted,.dll,supertsk.dll,supertsk,806912,supervisor,Supervisor jogosultsag vagy felulbiraslat,
Anti\SZERVER\_extracted\ERTEKTAR\etdll\terminal\makedll\terminal.dll,SZERVER,extracted,.dll,terminal.dll,terminal,781824,terminal,Terminal vagy peripheral integration,
Anti\SZERVER\_extracted\ERTEKTAR\etdll\wunion\makedll\wunion.dll,SZERVER,extracted,.dll,wunion.dll,wunion,1063424,western-union,Western Union integracio,
Anti\SZERVER\_extracted\ERTEKTAR\fejleszt\frissito\frissito.exe,SZERVER,extracted,.exe,frissito.exe,frissito,947712,unclassified,Tovabbi manualis elemzes szukseges,
Anti\SZERVER\_extracted\ERTEKTAR\fejleszt\frissito\project1.exe,SZERVER,extracted,.exe,project1.exe,project1,947712,unclassified,Tovabbi manualis elemzes szukseges,
Anti\SZERVER\_extracted\ERTEKTAR\fejleszt\newyear\evnyito.exe,SZERVER,extracted,.exe,evnyito.exe,evnyito,676352,year-opening,Evnyito folyamat,
Anti\SZERVER\_extracted\ERTEKTAR\fejleszt\newyear\project1.exe,SZERVER,extracted,.exe,project1.exe,project1,676352,year-opening,Evnyito folyamat,
Anti\SZERVER\_extracted\firebird\19220_ibconsole_1.1.0.27_unpacked\IBConsole.exe,SZERVER,extracted,.exe,IBConsole.exe,IBConsole,4553728,firebird-runtime,Firebird adatbazis runtime vagy telepito,
Anti\SZERVER\_extracted\firebird\firebird-2.1.1.17910-0_win32.exe,SZERVER,extracted,.exe,firebird-2.1.1.17910-0_win32.exe,firebird-2.1.1.17910-0_win32,6659927,firebird-runtime,Firebird adatbazis runtime vagy telepito,
Anti\SZERVER\_extracted\firebird\firebird.exe,SZERVER,extracted,.exe,firebird.exe,firebird,2774893,firebird-runtime,Firebird adatbazis runtime vagy telepito,
Anti\SZERVER\_extracted\firebird\ibmanager.exe,SZERVER,extracted,.exe,ibmanager.exe,ibmanager,2156544,firebird-runtime,Firebird adatbazis runtime vagy telepito,
Anti\SZERVER\_extracted\progkill.exe,SZERVER,extracted,.exe,progkill.exe,progkill,430592,unclassified,Tovabbi manualis elemzes szukseges,
Anti\SZERVER\_extracted\SZERVER\fejleszt\_arfteszt\arfolyam.exe,SZERVER,extracted,.exe,arfolyam.exe,arfolyam,1163264,rates,Arfolyam kezeles es rates tooling,
Anti\SZERVER\_extracted\SZERVER\fejleszt\_napiforg\napiforg.exe,SZERVER,extracted,.exe,napiforg.exe,napiforg,723456,unclassified,Tovabbi manualis elemzes szukseges,
Anti\SZERVER\_extracted\SZERVER\fejleszt\archival\archivalo.exe,SZERVER,extracted,.exe,archivalo.exe,archivalo,700928,unclassified,Tovabbi manualis elemzes szukseges,
Anti\SZERVER\_extracted\SZERVER\fejleszt\archival\project1.exe,SZERVER,extracted,.exe,project1.exe,project1,700928,unclassified,Tovabbi manualis elemzes szukseges,
Anti\SZERVER\_extracted\SZERVER\fejleszt\arfolyam\old\arfolyam.exe,SZERVER,extracted,.exe,arfolyam.exe,arfolyam,1166336,rates,Arfolyam kezeles es rates tooling,
Anti\SZERVER\_extracted\SZERVER\fejleszt\arfolyam\old\attolto\project1.exe,SZERVER,extracted,.exe,project1.exe,project1,707584,rates,Arfolyam kezeles es rates tooling,
Anti\SZERVER\_extracted\SZERVER\fejleszt\arfolyam\verzio20\arfolyam.exe,SZERVER,extracted,.exe,arfolyam.exe,arfolyam,1166336,rates,Arfolyam kezeles es rates tooling,
Anti\SZERVER\_extracted\SZERVER\fejleszt\arfolyam\verzio20\arfolyam_unpacked\Arfolyam.exe,SZERVER,extracted,.exe,Arfolyam.exe,Arfolyam,1163264,rates,Arfolyam kezeles es rates tooling,
Anti\SZERVER\_extracted\SZERVER\fejleszt\arfolyam\verzio21\arfolyam.exe,SZERVER,extracted,.exe,arfolyam.exe,arfolyam,1170432,rates,Arfolyam kezeles es rates tooling,
Anti\SZERVER\_extracted\SZERVER\fejleszt\arfolyam\verzio21\arfolyam_unpacked\Arfolyam.exe,SZERVER,extracted,.exe,Arfolyam.exe,Arfolyam,1163264,rates,Arfolyam kezeles es rates tooling,
Anti\SZERVER\_extracted\SZERVER\fejleszt\arfolyam\verzio22\arfolyam.exe,SZERVER,extracted,.exe,arfolyam.exe,arfolyam,1170432,rates,Arfolyam kezeles es rates tooling,
Anti\SZERVER\_extracted\SZERVER\fejleszt\arfolyam\verzio22\arfolyam_unpacked\Arfolyam.exe,SZERVER,extracted,.exe,Arfolyam.exe,Arfolyam,1163264,rates,Arfolyam kezeles es rates tooling,
Anti\SZERVER\_extracted\SZERVER\fejleszt\banklist\project1.exe,SZERVER,extracted,.exe,project1.exe,project1,725504,unclassified,Tovabbi manualis elemzes szukseges,
Anti\SZERVER\_extracted\SZERVER\fejleszt\beszam\makebesz.exe,SZERVER,extracted,.exe,makebesz.exe,makebesz,946688,unclassified,Tovabbi manualis elemzes szukseges,
Anti\SZERVER\_extracted\SZERVER\fejleszt\booking\advetexcel\debug\project1.exe,SZERVER,extracted,.exe,project1.exe,project1,689664,reservation,Foglalas rendszer,
Anti\SZERVER\_extracted\SZERVER\fejleszt\booking\advetexcel\makedll\advetex.dll,SZERVER,extracted,.dll,advetex.dll,advetex,683008,reservation,Foglalas rendszer,
Anti\SZERVER\_extracted\SZERVER\fejleszt\booking\booking\booking\booking.exe,SZERVER,extracted,.exe,booking.exe,booking,756736,reservation,Foglalas rendszer,
Anti\SZERVER\_extracted\SZERVER\fejleszt\booking\forgexel\debug\project1.exe,SZERVER,extracted,.exe,project1.exe,project1,794112,reservation,Foglalas rendszer,
Anti\SZERVER\_extracted\SZERVER\fejleszt\booking\forgexel\makedll\forgex.dll,SZERVER,extracted,.dll,forgex.dll,forgex,787456,reservation,Foglalas rendszer,
Anti\SZERVER\_extracted\SZERVER\fejleszt\booking\keszexcel\debug\project1.exe,SZERVER,extracted,.exe,project1.exe,project1,712704,reservation,Foglalas rendszer,
Anti\SZERVER\_extracted\SZERVER\fejleszt\booking\keszexcel\makedll\keszex.dll,SZERVER,extracted,.dll,keszex.dll,keszex,706560,reservation,Foglalas rendszer,
Anti\SZERVER\_extracted\SZERVER\fejleszt\booking\proba\project1.exe,SZERVER,extracted,.exe,project1.exe,project1,406528,reservation,Foglalas rendszer,
Anti\SZERVER\_extracted\SZERVER\fejleszt\booking\save\advetexcel\debug\project1.exe,SZERVER,extracted,.exe,project1.exe,project1,689664,reservation,Foglalas rendszer,
Anti\SZERVER\_extracted\SZERVER\fejleszt\booking\save\advetexcel\makedll\advetex.dll,SZERVER,extracted,.dll,advetex.dll,advetex,683008,reservation,Foglalas rendszer,
Anti\SZERVER\_extracted\SZERVER\fejleszt\booking\save\booking\booking.exe,SZERVER,extracted,.exe,booking.exe,booking,757248,reservation,Foglalas rendszer,
Anti\SZERVER\_extracted\SZERVER\fejleszt\booking\save\forgexel\debug\project1.exe,SZERVER,extracted,.exe,project1.exe,project1,794112,reservation,Foglalas rendszer,
Anti\SZERVER\_extracted\SZERVER\fejleszt\booking\save\forgexel\makedll\forgex.dll,SZERVER,extracted,.dll,forgex.dll,forgex,787456,reservation,Foglalas rendszer,
Anti\SZERVER\_extracted\SZERVER\fejleszt\booking\save\keszexcel\debug\project1.exe,SZERVER,extracted,.exe,project1.exe,project1,712704,reservation,Foglalas rendszer,
Anti\SZERVER\_extracted\SZERVER\fejleszt\booking\save\keszexcel\makedll\keszex.dll,SZERVER,extracted,.dll,keszex.dll,keszex,706560,reservation,Foglalas rendszer,
Anti\SZERVER\_extracted\SZERVER\fejleszt\confident\confident.exe,SZERVER,extracted,.exe,confident.exe,confident,451584,unclassified,Tovabbi manualis elemzes szukseges,
Anti\SZERVER\_extracted\SZERVER\fejleszt\confident\project1.exe,SZERVER,extracted,.exe,project1.exe,project1,451584,unclassified,Tovabbi manualis elemzes szukseges,
Anti\SZERVER\_extracted\SZERVER\fejleszt\etrade\etrade.exe,SZERVER,extracted,.exe,etrade.exe,etrade,674816,trade-module,Kulon trade es kiegeszito kereskedelmi modul,
Anti\SZERVER\_extracted\SZERVER\fejleszt\everseny\acversny.exe,SZERVER,extracted,.exe,acversny.exe,acversny,1186304,unclassified,Tovabbi manualis elemzes szukseges,
Anti\SZERVER\_extracted\SZERVER\fejleszt\evitranz\project2.exe,SZERVER,extracted,.exe,project2.exe,project2,697344,unclassified,Tovabbi manualis elemzes szukseges,
Anti\SZERVER\_extracted\SZERVER\fejleszt\evnyito\evnyito.exe,SZERVER,extracted,.exe,evnyito.exe,evnyito,713216,year-opening,Evnyito folyamat,
Anti\SZERVER\_extracted\SZERVER\fejleszt\evnyito\project1.exe,SZERVER,extracted,.exe,project1.exe,project1,713216,year-opening,Evnyito folyamat,
Anti\SZERVER\_extracted\SZERVER\fejleszt\expadvet\xadvet.exe,SZERVER,extracted,.exe,xadvet.exe,xadvet,748032,unclassified,Tovabbi manualis elemzes szukseges,
Anti\SZERVER\_extracted\SZERVER\fejleszt\expevnyito\project1.exe,SZERVER,extracted,.exe,project1.exe,project1,725504,year-opening,Evnyito folyamat,
Anti\SZERVER\_extracted\SZERVER\fejleszt\expgbakall\project1.exe,SZERVER,extracted,.exe,project1.exe,project1,416768,unclassified,Tovabbi manualis elemzes szukseges,
Anti\SZERVER\_extracted\SZERVER\fejleszt\fdbtomorito\tomorito.exe,SZERVER,extracted,.exe,tomorito.exe,tomorito,441344,unclassified,Tovabbi manualis elemzes szukseges,
Anti\SZERVER\_extracted\SZERVER\fejleszt\fdbtorlo\fdbtorlo.exe,SZERVER,extracted,.exe,fdbtorlo.exe,fdbtorlo,698368,unclassified,Tovabbi manualis elemzes szukseges,
Anti\SZERVER\_extracted\SZERVER\fejleszt\foglalo\foglalo.exe,SZERVER,extracted,.exe,foglalo.exe,foglalo,720896,reservation,Foglalas rendszer,
Anti\SZERVER\_extracted\SZERVER\fejleszt\forgdisp\project1.exe,SZERVER,extracted,.exe,project1.exe,project1,693248,unclassified,Tovabbi manualis elemzes szukseges,
Anti\SZERVER\_extracted\SZERVER\fejleszt\frissdat\frissdat.exe,SZERVER,extracted,.exe,frissdat.exe,frissdat,748032,unclassified,Tovabbi manualis elemzes szukseges,
Anti\SZERVER\_extracted\SZERVER\fejleszt\frissdat\tolto\project1.exe,SZERVER,extracted,.exe,project1.exe,project1,669184,unclassified,Tovabbi manualis elemzes szukseges,
Anti\SZERVER\_extracted\SZERVER\fejleszt\gbakall\project1.exe,SZERVER,extracted,.exe,project1.exe,project1,416768,unclassified,Tovabbi manualis elemzes szukseges,
Anti\SZERVER\_extracted\SZERVER\fejleszt\haszon\haszon.exe,SZERVER,extracted,.exe,haszon.exe,haszon,1185792,profit,Haszonszamitas,
Anti\SZERVER\_extracted\SZERVER\fejleszt\havitablo\havitablo.exe,SZERVER,extracted,.exe,havitablo.exe,havitablo,770560,unclassified,Tovabbi manualis elemzes szukseges,
Anti\SZERVER\_extracted\SZERVER\fejleszt\havitrad\project1.exe,SZERVER,extracted,.exe,project1.exe,project1,687104,unclassified,Tovabbi manualis elemzes szukseges,
Anti\SZERVER\_extracted\SZERVER\fejleszt\helga\dllek\arftmk\debug\project1.exe,SZERVER,extracted,.exe,project1.exe,project1,951296,rates,Arfolyam karbantarto modul,
Anti\SZERVER\_extracted\SZERVER\fejleszt\helga\dllek\arftmk\makedll\arftmk.dll,SZERVER,extracted,.dll,arftmk.dll,arftmk,949248,rates,Arfolyam karbantarto modul,
Anti\SZERVER\_extracted\SZERVER\fejleszt\helga\dllek\beerk\debug\project1.exe,SZERVER,extracted,.exe,project1.exe,project1,3681280,unclassified,Tovabbi manualis elemzes szukseges,
Anti\SZERVER\_extracted\SZERVER\fejleszt\helga\dllek\beerk\makedll\beerk.dll,SZERVER,extracted,.dll,beerk.dll,beerk,3675136,legacy-dll,Legacy plugin vagy shared library,
Anti\SZERVER\_extracted\SZERVER\fejleszt\helga\dllek\dolgozok\debug\project1.exe,SZERVER,extracted,.exe,project1.exe,project1,1148928,unclassified,Tovabbi manualis elemzes szukseges,
Anti\SZERVER\_extracted\SZERVER\fejleszt\helga\dllek\dolgozok\makedll\dolgozok.dll,SZERVER,extracted,.dll,dolgozok.dll,dolgozok,1146368,legacy-dll,Legacy plugin vagy shared library,
Anti\SZERVER\_extracted\SZERVER\fejleszt\helga\dllek\import\debug\project1.exe,SZERVER,extracted,.exe,project1.exe,project1,1290240,server-import,Import vagy adatbetoltes,
Anti\SZERVER\_extracted\SZERVER\fejleszt\helga\dllek\import\makedll\import.dll,SZERVER,extracted,.dll,import.dll,import,1287680,server-import,Import vagy adatbetoltes,
Anti\SZERVER\_extracted\SZERVER\fejleszt\helga\dllek\irtmk\debug\project1.exe,SZERVER,extracted,.exe,project1.exe,project1,1035776,unclassified,Tovabbi manualis elemzes szukseges,
Anti\SZERVER\_extracted\SZERVER\fejleszt\helga\dllek\irtmk\makedll\irtmk.dll,SZERVER,extracted,.dll,irtmk.dll,irtmk,1032704,legacy-dll,Legacy plugin vagy shared library,
Anti\SZERVER\_extracted\SZERVER\fejleszt\helga\dllek\mnbhibak\debug\project1.exe,SZERVER,extracted,.exe,project1.exe,project1,918016,compliance-rates,MNB rates vagy reporting,
Anti\SZERVER\_extracted\SZERVER\fejleszt\helga\dllek\mnbhibak\makedll\mnbhibak.dll,SZERVER,extracted,.dll,mnbhibak.dll,mnbhibak,916480,compliance-rates,MNB rates vagy reporting,
Anti\SZERVER\_extracted\SZERVER\fejleszt\helga\dllek\tranzdij\debug\tdij.exe,SZERVER,extracted,.exe,tdij.exe,tdij,1099264,unclassified,Tovabbi manualis elemzes szukseges,
Anti\SZERVER\_extracted\SZERVER\fejleszt\helga\dllek\tranzdij\makedll\tranzdij.dll,SZERVER,extracted,.dll,tranzdij.dll,tranzdij,1097216,legacy-dll,Legacy plugin vagy shared library,
Anti\SZERVER\_extracted\SZERVER\fejleszt\helga\dllek\westforg\debug\project1.exe,SZERVER,extracted,.exe,project1.exe,project1,774144,unclassified,Tovabbi manualis elemzes szukseges,
Anti\SZERVER\_extracted\SZERVER\fejleszt\helga\dllek\westforg\makedll\westforg.dll,SZERVER,extracted,.dll,westforg.dll,westforg,772096,legacy-dll,Legacy plugin vagy shared library,
Anti\SZERVER\_extracted\SZERVER\fejleszt\helga\dllek\zarasok\debug\project1.exe,SZERVER,extracted,.exe,project1.exe,project1,822784,unclassified,Tovabbi manualis elemzes szukseges,
Anti\SZERVER\_extracted\SZERVER\fejleszt\helga\dllek\zarasok\makedll\zarasctrl.dll,SZERVER,extracted,.dll,zarasctrl.dll,zarasctrl,820224,legacy-dll,Legacy plugin vagy shared library,
Anti\SZERVER\_extracted\SZERVER\fejleszt\helga\locserver\locserver.exe,SZERVER,extracted,.exe,locserver.exe,locserver,1757696,server-core,Kozponti szerver alkalmazas,
Anti\SZERVER\_extracted\SZERVER\fejleszt\hrkvetel\hrkvetel.exe,SZERVER,extracted,.exe,hrkvetel.exe,hrkvetel,586240,unclassified,Tovabbi manualis elemzes szukseges,
Anti\SZERVER\_extracted\SZERVER\fejleszt\idbeiro\project1.exe,SZERVER,extracted,.exe,project1.exe,project1,730624,unclassified,Tovabbi manualis elemzes szukseges,
Anti\SZERVER\_extracted\SZERVER\fejleszt\jelenlet\jelenlet.exe,SZERVER,extracted,.exe,jelenlet.exe,jelenlet,465920,hr-attendance,Jelenleti nyilvantartas,
Anti\SZERVER\_extracted\SZERVER\fejleszt\jogiszemely\jogiszem.exe,SZERVER,extracted,.exe,jogiszem.exe,jogiszem,865792,unclassified,Tovabbi manualis elemzes szukseges,
Anti\SZERVER\_extracted\SZERVER\fejleszt\jutmend\jutmend.exe,SZERVER,extracted,.exe,jutmend.exe,jutmend,724992,unclassified,Tovabbi manualis elemzes szukseges,
Anti\SZERVER\_extracted\SZERVER\fejleszt\kdchange\kdchange.exe,SZERVER,extracted,.exe,kdchange.exe,kdchange,689152,unclassified,Tovabbi manualis elemzes szukseges,
Anti\SZERVER\_extracted\SZERVER\fejleszt\kdchange\project1.exe,SZERVER,extracted,.exe,project1.exe,project1,689152,unclassified,Tovabbi manualis elemzes szukseges,
Anti\SZERVER\_extracted\SZERVER\fejleszt\kereso\project2.exe,SZERVER,extracted,.exe,project2.exe,project2,677888,unclassified,Tovabbi manualis elemzes szukseges,
Anti\SZERVER\_extracted\SZERVER\fejleszt\kezdij\cegbetolt\project1.exe,SZERVER,extracted,.exe,project1.exe,project1,689152,unclassified,Tovabbi manualis elemzes szukseges,
Anti\SZERVER\_extracted\SZERVER\fejleszt\kezdij\kezdij.exe,SZERVER,extracted,.exe,kezdij.exe,kezdij,814080,unclassified,Tovabbi manualis elemzes szukseges,
Anti\SZERVER\_extracted\SZERVER\fejleszt\korlevel\zsuzsa\evnyito\evnyito.exe,SZERVER,extracted,.exe,evnyito.exe,evnyito,572928,year-opening,Evnyito folyamat,
Anti\SZERVER\_extracted\SZERVER\fejleszt\korlevel\zsuzsa\korlevel.exe,SZERVER,extracted,.exe,korlevel.exe,korlevel,1133568,circular,Korlevel es announcement workflow,
Anti\SZERVER\_extracted\SZERVER\fejleszt\korlevel\zsuzsa\korlevel_unpacked\Korlevel.exe,SZERVER,extracted,.exe,Korlevel.exe,Korlevel,0,circular,Korlevel es announcement workflow,
Anti\SZERVER\_extracted\SZERVER\fejleszt\korlevel\zsuzsa\start\indito.exe,SZERVER,extracted,.exe,indito.exe,indito,458752,circular,Korlevel es announcement workflow,
Anti\SZERVER\_extracted\SZERVER\fejleszt\lemento\lemento.exe,SZERVER,extracted,.exe,lemento.exe,lemento,1181696,unclassified,Tovabbi manualis elemzes szukseges,
Anti\SZERVER\_extracted\SZERVER\fejleszt\listopenoffices\debug\project1.exe,SZERVER,extracted,.exe,project1.exe,project1,690688,unclassified,Tovabbi manualis elemzes szukseges,
Anti\SZERVER\_extracted\SZERVER\fejleszt\listopenoffices\makedll\opofflist.dll,SZERVER,extracted,.dll,opofflist.dll,opofflist,688128,legacy-dll,Legacy plugin vagy shared library,
Anti\SZERVER\_extracted\SZERVER\fejleszt\litenews\litenews.exe,SZERVER,extracted,.exe,litenews.exe,litenews,435712,unclassified,Tovabbi manualis elemzes szukseges,
Anti\SZERVER\_extracted\SZERVER\fejleszt\litenews\project1.exe,SZERVER,extracted,.exe,project1.exe,project1,435712,unclassified,Tovabbi manualis elemzes szukseges,
Anti\SZERVER\_extracted\SZERVER\fejleszt\makeszlt\excel\project1.exe,SZERVER,extracted,.exe,project1.exe,project1,443904,unclassified,Tovabbi manualis elemzes szukseges,
Anti\SZERVER\_extracted\SZERVER\fejleszt\makeszlt\keszlex.exe,SZERVER,extracted,.exe,keszlex.exe,keszlex,703488,cash-stock,Keszlet vagy stock export/osszesites,
Anti\SZERVER\_extracted\SZERVER\fejleszt\makiroda\makiroda.exe,SZERVER,extracted,.exe,makiroda.exe,makiroda,662528,unclassified,Tovabbi manualis elemzes szukseges,
Anti\SZERVER\_extracted\SZERVER\fejleszt\mendjogi\mendjogi.exe,SZERVER,extracted,.exe,mendjogi.exe,mendjogi,711168,unclassified,Tovabbi manualis elemzes szukseges,
Anti\SZERVER\_extracted\SZERVER\fejleszt\mentes\mentes.exe,SZERVER,extracted,.exe,mentes.exe,mentes,556544,unclassified,Tovabbi manualis elemzes szukseges,
Anti\SZERVER\_extracted\SZERVER\fejleszt\monegram\mgram.exe,SZERVER,extracted,.exe,mgram.exe,mgram,1079808,unclassified,Tovabbi manualis elemzes szukseges,
Anti\SZERVER\_extracted\SZERVER\fejleszt\napiment\napiment.exe,SZERVER,extracted,.exe,napiment.exe,napiment,813568,unclassified,Tovabbi manualis elemzes szukseges,
Anti\SZERVER\_extracted\SZERVER\fejleszt\nevseek\project1.exe,SZERVER,extracted,.exe,project1.exe,project1,688640,unclassified,Tovabbi manualis elemzes szukseges,
Anti\SZERVER\_extracted\SZERVER\fejleszt\newrate\project1.exe,SZERVER,extracted,.exe,project1.exe,project1,802816,unclassified,Tovabbi manualis elemzes szukseges,
Anti\SZERVER\_extracted\SZERVER\fejleszt\newyear\evnyito.exe,SZERVER,extracted,.exe,evnyito.exe,evnyito,679936,year-opening,Evnyito folyamat,
Anti\SZERVER\_extracted\SZERVER\fejleszt\newyear\project1.exe,SZERVER,extracted,.exe,project1.exe,project1,679936,year-opening,Evnyito folyamat,
Anti\SZERVER\_extracted\SZERVER\fejleszt\okmctrl\okmctrl.exe,SZERVER,extracted,.exe,okmctrl.exe,okmctrl,839168,unclassified,Tovabbi manualis elemzes szukseges,
Anti\SZERVER\_extracted\SZERVER\fejleszt\orsoseek\project2.exe,SZERVER,extracted,.exe,project2.exe,project2,724992,unclassified,Tovabbi manualis elemzes szukseges,
Anti\SZERVER\_extracted\SZERVER\fejleszt\palyadij\matrica.exe,SZERVER,extracted,.exe,matrica.exe,matrica,1405440,unclassified,Tovabbi manualis elemzes szukseges,
Anti\SZERVER\_extracted\SZERVER\fejleszt\palyadij\project1.exe,SZERVER,extracted,.exe,project1.exe,project1,1405440,unclassified,Tovabbi manualis elemzes szukseges,
Anti\SZERVER\_extracted\SZERVER\fejleszt\permit\project1.exe,SZERVER,extracted,.exe,project1.exe,project1,914432,permissions,Jogosultsagkezeles,
Anti\SZERVER\_extracted\SZERVER\fejleszt\personal\kereso\kereso.exe,SZERVER,extracted,.exe,kereso.exe,kereso,1296384,hr,Dolgozo/szemelyzet nyilvantartas,
Anti\SZERVER\_extracted\SZERVER\fejleszt\personal\perseek\project1.exe,SZERVER,extracted,.exe,project1.exe,project1,720384,hr,Dolgozo/szemelyzet nyilvantartas,
Anti\SZERVER\_extracted\SZERVER\fejleszt\personal\tolto\project1.exe,SZERVER,extracted,.exe,project1.exe,project1,707584,hr,Dolgozo/szemelyzet nyilvantartas,
Anti\SZERVER\_extracted\SZERVER\fejleszt\police\1\project1.exe,SZERVER,extracted,.exe,project1.exe,project1,698368,compliance-reporting,Rendorsegi vagy gyanus riport,
Anti\SZERVER\_extracted\SZERVER\fejleszt\police\2\project1.exe,SZERVER,extracted,.exe,project1.exe,project1,699392,compliance-reporting,Rendorsegi vagy gyanus riport,
Anti\SZERVER\_extracted\SZERVER\fejleszt\police\kereso\project1.exe,SZERVER,extracted,.exe,project1.exe,project1,866304,compliance-reporting,Rendorsegi vagy gyanus riport,
Anti\SZERVER\_extracted\SZERVER\fejleszt\police\project1.exe,SZERVER,extracted,.exe,project1.exe,project1,716800,compliance-reporting,Rendorsegi vagy gyanus riport,
Anti\SZERVER\_extracted\SZERVER\fejleszt\postterm\posterm.exe,SZERVER,extracted,.exe,posterm.exe,posterm,879104,terminal,POS terminal integracio,
Anti\SZERVER\_extracted\SZERVER\fejleszt\ptforg\ptarctrl.exe,SZERVER,extracted,.exe,ptarctrl.exe,ptarctrl,981504,unclassified,Tovabbi manualis elemzes szukseges,
Anti\SZERVER\_extracted\SZERVER\fejleszt\pttrfee\pttrfee.exe,SZERVER,extracted,.exe,pttrfee.exe,pttrfee,746496,unclassified,Tovabbi manualis elemzes szukseges,
Anti\SZERVER\_extracted\SZERVER\fejleszt\recguard\recguard.exe,SZERVER,extracted,.exe,recguard.exe,recguard,680448,unclassified,Tovabbi manualis elemzes szukseges,
Anti\SZERVER\_extracted\SZERVER\fejleszt\recptor\dll\debug\tabmake.exe,SZERVER,extracted,.exe,tabmake.exe,tabmake,704000,server-receptor,Szerver oldali adatreceptor,
Anti\SZERVER\_extracted\SZERVER\fejleszt\recptor\dll\makedll\maktablo.dll,SZERVER,extracted,.dll,maktablo.dll,maktablo,693760,server-receptor,Szerver oldali adatreceptor,
Anti\SZERVER\_extracted\SZERVER\fejleszt\recptor\getlett\project1.exe,SZERVER,extracted,.exe,project1.exe,project1,669696,server-receptor,Szerver oldali adatreceptor,
Anti\SZERVER\_extracted\SZERVER\fejleszt\recptor\kedvmak\kedvmak.exe,SZERVER,extracted,.exe,kedvmak.exe,kedvmak,678912,server-receptor,Szerver oldali adatreceptor,
Anti\SZERVER\_extracted\SZERVER\fejleszt\recptor\orecept\storno.dll,SZERVER,extracted,.dll,storno.dll,storno,708608,storno,Sztorno tranzakcio vagy visszavonas,
Anti\SZERVER\_extracted\SZERVER\fejleszt\recptor\orecept\wrecept.exe,SZERVER,extracted,.exe,wrecept.exe,wrecept,919552,server-receptor,Szerver oldali adatreceptor,
Anti\SZERVER\_extracted\SZERVER\fejleszt\recptor\orecptor_unpacked\Wrecept.exe,SZERVER,extracted,.exe,Wrecept.exe,Wrecept,761856,server-receptor,Szerver oldali adatreceptor,
Anti\SZERVER\_extracted\SZERVER\fejleszt\recptor\tablomak\tabmak.exe,SZERVER,extracted,.exe,tabmak.exe,tabmak,678912,server-receptor,Szerver oldali adatreceptor,
Anti\SZERVER\_extracted\SZERVER\fejleszt\recptor\wrecept.exe,SZERVER,extracted,.exe,wrecept.exe,wrecept,761856,server-receptor,Szerver oldali adatreceptor,
Anti\SZERVER\_extracted\SZERVER\fejleszt\remaltib\altib.exe,SZERVER,extracted,.exe,altib.exe,altib,1124864,unclassified,Tovabbi manualis elemzes szukseges,
Anti\SZERVER\_extracted\SZERVER\fejleszt\server\server.exe,SZERVER,extracted,.exe,server.exe,server,1651712,server-core,Kozponti szerver alkalmazas,
Anti\SZERVER\_extracted\SZERVER\fejleszt\statiszt\cartcash\project1.exe,SZERVER,extracted,.exe,project1.exe,project1,700416,unclassified,Tovabbi manualis elemzes szukseges,
Anti\SZERVER\_extracted\SZERVER\fejleszt\statiszt\project1.exe,SZERVER,extracted,.exe,project1.exe,project1,700928,unclassified,Tovabbi manualis elemzes szukseges,
Anti\SZERVER\_extracted\SZERVER\fejleszt\summa\summa.exe,SZERVER,extracted,.exe,summa.exe,summa,852480,unclassified,Tovabbi manualis elemzes szukseges,
Anti\SZERVER\_extracted\SZERVER\fejleszt\sumrate\project1.exe,SZERVER,extracted,.exe,project1.exe,project1,676864,unclassified,Tovabbi manualis elemzes szukseges,
Anti\SZERVER\_extracted\SZERVER\fejleszt\sumtablo\stablo.exe,SZERVER,extracted,.exe,stablo.exe,stablo,477696,unclassified,Tovabbi manualis elemzes szukseges,
Anti\SZERVER\_extracted\SZERVER\fejleszt\sumtrade\electrad.exe,SZERVER,extracted,.exe,electrad.exe,electrad,899072,trade-module,Kulon trade es kiegeszito kereskedelmi modul,
Anti\SZERVER\_extracted\SZERVER\fejleszt\tablomak\tablomak.exe,SZERVER,extracted,.exe,tablomak.exe,tablomak,833024,unclassified,Tovabbi manualis elemzes szukseges,
Anti\SZERVER\_extracted\SZERVER\fejleszt\terror\maketerrlist\terror.exe,SZERVER,extracted,.exe,terror.exe,terror,868864,aml-sanctions,Szankcios vagy terrorlista ellenorzes,
Anti\SZERVER\_extracted\SZERVER\fejleszt\tiltcopy\project1.exe,SZERVER,extracted,.exe,project1.exe,project1,716800,unclassified,Tovabbi manualis elemzes szukseges,
Anti\SZERVER\_extracted\SZERVER\fejleszt\tranzacs\be.exe,SZERVER,extracted,.exe,be.exe,be,157356,unclassified,Tovabbi manualis elemzes szukseges,
Anti\SZERVER\_extracted\SZERVER\fejleszt\tranzacs\bestat.exe,SZERVER,extracted,.exe,bestat.exe,bestat,157628,unclassified,Tovabbi manualis elemzes szukseges,
Anti\SZERVER\_extracted\SZERVER\fejleszt\tranzdb\project1.exe,SZERVER,extracted,.exe,project1.exe,project1,675840,unclassified,Tovabbi manualis elemzes szukseges,
Anti\SZERVER\_extracted\SZERVER\fejleszt\tranzdij\project1.exe,SZERVER,extracted,.exe,project1.exe,project1,695808,unclassified,Tovabbi manualis elemzes szukseges,
Anti\SZERVER\_extracted\SZERVER\fejleszt\trnzstat\project1.exe,SZERVER,extracted,.exe,project1.exe,project1,722432,unclassified,Tovabbi manualis elemzes szukseges,
Anti\SZERVER\_extracted\SZERVER\fejleszt\uctrl\adatpotlo\adatpotlo.exe,SZERVER,extracted,.exe,adatpotlo.exe,adatpotlo,770560,unclassified,Tovabbi manualis elemzes szukseges,
Anti\SZERVER\_extracted\SZERVER\fejleszt\uctrl\atvitel\project1.exe,SZERVER,extracted,.exe,project1.exe,project1,717824,unclassified,Tovabbi manualis elemzes szukseges,
Anti\SZERVER\_extracted\SZERVER\fejleszt\uctrl\butitott\ugyfctrl.exe,SZERVER,extracted,.exe,ugyfctrl.exe,ugyfctrl,1412608,unclassified,Tovabbi manualis elemzes szukseges,
Anti\SZERVER\_extracted\SZERVER\fejleszt\uctrl\hibakeres\hibakereso.exe,SZERVER,extracted,.exe,hibakereso.exe,hibakereso,740352,unclassified,Tovabbi manualis elemzes szukseges,
Anti\SZERVER\_extracted\SZERVER\fejleszt\uctrl\mend\mend.exe,SZERVER,extracted,.exe,mend.exe,mend,673280,unclassified,Tovabbi manualis elemzes szukseges,
Anti\SZERVER\_extracted\SZERVER\fejleszt\uctrl\regeneral\project2.exe,SZERVER,extracted,.exe,project2.exe,project2,714240,unclassified,Tovabbi manualis elemzes szukseges,
Anti\SZERVER\_extracted\SZERVER\fejleszt\uctrl\svisor\svisor.exe,SZERVER,extracted,.exe,svisor.exe,svisor,771584,unclassified,Tovabbi manualis elemzes szukseges,
Anti\SZERVER\_extracted\SZERVER\fejleszt\uctrl\u2text\ugyf2txt.exe,SZERVER,extracted,.exe,ugyf2txt.exe,ugyf2txt,692224,unclassified,Tovabbi manualis elemzes szukseges,
Anti\SZERVER\_extracted\SZERVER\fejleszt\uctrl\ugyfcreat\ugyf2fdb.exe,SZERVER,extracted,.exe,ugyf2fdb.exe,ugyf2fdb,730624,unclassified,Tovabbi manualis elemzes szukseges,
Anti\SZERVER\_extracted\SZERVER\fejleszt\uctrl\ugyfreg\ugyfreg.exe,SZERVER,extracted,.exe,ugyfreg.exe,ugyfreg,698880,unclassified,Tovabbi manualis elemzes szukseges,
Anti\SZERVER\_extracted\SZERVER\fejleszt\ufill18\project1.exe,SZERVER,extracted,.exe,project1.exe,project1,715776,unclassified,Tovabbi manualis elemzes szukseges,
Anti\SZERVER\_extracted\SZERVER\fejleszt\ufill19\project1.exe,SZERVER,extracted,.exe,project1.exe,project1,716800,unclassified,Tovabbi manualis elemzes szukseges,
Anti\SZERVER\_extracted\SZERVER\fejleszt\uforg\project1.exe,SZERVER,extracted,.exe,project1.exe,project1,721408,unclassified,Tovabbi manualis elemzes szukseges,
Anti\SZERVER\_extracted\SZERVER\fejleszt\ugyfelcontrol\dll\adatgyujto\debug\project1.exe,SZERVER,extracted,.exe,project1.exe,project1,713216,customer-aml,Ugyfelkezeles es AML,
Anti\SZERVER\_extracted\SZERVER\fejleszt\ugyfelcontrol\dll\adatgyujto\mnakedll\adatgyujto.dll,SZERVER,extracted,.dll,adatgyujto.dll,adatgyujto,707072,customer-aml,Ugyfelkezeles es AML,
Anti\SZERVER\_extracted\SZERVER\fejleszt\ugyfelcontrol\dll\adatlista\debug\project1.exe,SZERVER,extracted,.exe,project1.exe,project1,721920,customer-aml,Ugyfelkezeles es AML,
Anti\SZERVER\_extracted\SZERVER\fejleszt\ugyfelcontrol\dll\adatlista\makedll\lista.dll,SZERVER,extracted,.dll,lista.dll,lista,720384,customer-aml,Ugyfelkezeles es AML,
Anti\SZERVER\_extracted\SZERVER\fejleszt\ugyfelcontrol\dll\evimax\debug\project1.exe,SZERVER,extracted,.exe,project1.exe,project1,728064,customer-aml,Ugyfelkezeles es AML,
Anti\SZERVER\_extracted\SZERVER\fejleszt\ugyfelcontrol\dll\evimax\makedll\evimax.dll,SZERVER,extracted,.dll,evimax.dll,evimax,725504,customer-aml,Ugyfelkezeles es AML,
Anti\SZERVER\_extracted\SZERVER\fejleszt\ugyfelcontrol\dll\excel\debug\project1.exe,SZERVER,extracted,.exe,project1.exe,project1,845824,customer-aml,Ugyfelkezeles es AML,
Anti\SZERVER\_extracted\SZERVER\fejleszt\ugyfelcontrol\dll\excel\makedll\makeexcel.dll,SZERVER,extracted,.dll,makeexcel.dll,makeexcel,703488,customer-aml,Ugyfelkezeles es AML,
Anti\SZERVER\_extracted\SZERVER\fejleszt\ugyfelcontrol\dll\idoszak\debug\project1.exe,SZERVER,extracted,.exe,project1.exe,project1,696832,customer-aml,Ugyfelkezeles es AML,
Anti\SZERVER\_extracted\SZERVER\fejleszt\ugyfelcontrol\dll\idoszak\makedll\idoszak.dll,SZERVER,extracted,.dll,idoszak.dll,idoszak,694272,customer-aml,Ugyfelkezeles es AML,
Anti\SZERVER\_extracted\SZERVER\fejleszt\ugyfelcontrol\dll\idoszakos\debug\project1.exe,SZERVER,extracted,.exe,project1.exe,project1,887296,customer-aml,Ugyfelkezeles es AML,
Anti\SZERVER\_extracted\SZERVER\fejleszt\ugyfelcontrol\dll\idoszakos\makedll\idoszakos.dll,SZERVER,extracted,.dll,idoszakos.dll,idoszakos,885248,customer-aml,Ugyfelkezeles es AML,
Anti\SZERVER\_extracted\SZERVER\fejleszt\ugyfelcontrol\dll\import\debug\project1.exe,SZERVER,extracted,.exe,project1.exe,project1,798208,server-import,Import vagy adatbetoltes,
Anti\SZERVER\_extracted\SZERVER\fejleszt\ugyfelcontrol\dll\import\makedll\import.dll,SZERVER,extracted,.dll,import.dll,import,795136,server-import,Import vagy adatbetoltes,
Anti\SZERVER\_extracted\SZERVER\fejleszt\ugyfelcontrol\dll\kereso\debug\project1.exe,SZERVER,extracted,.exe,project1.exe,project1,888832,customer-aml,Ugyfelkezeles es AML,
Anti\SZERVER\_extracted\SZERVER\fejleszt\ugyfelcontrol\dll\kereso\makedll\kereso.dll,SZERVER,extracted,.dll,kereso.dll,kereso,886272,customer-aml,Ugyfelkezeles es AML,
Anti\SZERVER\_extracted\SZERVER\fejleszt\ugyfelcontrol\dll\letilt\debug\project1.exe,SZERVER,extracted,.exe,project1.exe,project1,870912,customer-aml,Ugyfelkezeles es AML,
Anti\SZERVER\_extracted\SZERVER\fejleszt\ugyfelcontrol\dll\letilt\makedll\letilt.dll,SZERVER,extracted,.dll,letilt.dll,letilt,868352,customer-aml,Ugyfelkezeles es AML,
Anti\SZERVER\_extracted\SZERVER\fejleszt\ugyfelcontrol\dll\makeexcel\debug\project1.exe,SZERVER,extracted,.exe,project1.exe,project1,389120,customer-aml,Ugyfelkezeles es AML,
Anti\SZERVER\_extracted\SZERVER\fejleszt\ugyfelcontrol\dll\okmdisp\debug\project1.exe,SZERVER,extracted,.exe,project1.exe,project1,785920,customer-aml,Ugyfelkezeles es AML,
Anti\SZERVER\_extracted\SZERVER\fejleszt\ugyfelcontrol\dll\okmdisp\makedll\okmdisp.dll,SZERVER,extracted,.dll,okmdisp.dll,okmdisp,783360,customer-aml,Ugyfelkezeles es AML,
Anti\SZERVER\_extracted\SZERVER\fejleszt\ugyfelcontrol\dll\terrornaplo\debug\project1.exe,SZERVER,extracted,.exe,project1.exe,project1,844288,aml-sanctions,Szankcios vagy terrorlista ellenorzes,
Anti\SZERVER\_extracted\SZERVER\fejleszt\ugyfelcontrol\dll\terrornaplo\makedll\terrnaplo.dll,SZERVER,extracted,.dll,terrnaplo.dll,terrnaplo,841216,aml-sanctions,Szankcios vagy terrorlista ellenorzes,
Anti\SZERVER\_extracted\SZERVER\fejleszt\ugyfelcontrol\dll\tiltasok\debug\project1.exe,SZERVER,extracted,.exe,project1.exe,project1,1084416,customer-aml,Ugyfelkezeles es AML,
Anti\SZERVER\_extracted\SZERVER\fejleszt\ugyfelcontrol\dll\tiltasok\makedll\tiltasok.dll,SZERVER,extracted,.dll,tiltasok.dll,tiltasok,1081856,customer-aml,Ugyfelkezeles es AML,
Anti\SZERVER\_extracted\SZERVER\fejleszt\ugyfelcontrol\dll\tiltasok\save\project1.exe,SZERVER,extracted,.exe,project1.exe,project1,875520,customer-aml,Ugyfelkezeles es AML,
Anti\SZERVER\_extracted\SZERVER\fejleszt\ugyfelcontrol\dll\ujimport\debug\project1.exe,SZERVER,extracted,.exe,project1.exe,project1,799744,server-import,Import vagy adatbetoltes,
Anti\SZERVER\_extracted\SZERVER\fejleszt\ugyfelcontrol\dll\ujimport\makedll\ujimport.dll,SZERVER,extracted,.dll,ujimport.dll,ujimport,797696,server-import,Import vagy adatbetoltes,
Anti\SZERVER\_extracted\SZERVER\fejleszt\ugyfelcontrol\ugyfctrl\ugyfctrl.exe,SZERVER,extracted,.exe,ugyfctrl.exe,ugyfctrl,988160,customer-aml,Ugyfelkezeles es AML,
Anti\SZERVER\_extracted\SZERVER\fejleszt\ugyfseek\project1.exe,SZERVER,extracted,.exe,project1.exe,project1,694784,unclassified,Tovabbi manualis elemzes szukseges,
Anti\SZERVER\_extracted\SZERVER\fejleszt\verseny\verseny.exe,SZERVER,extracted,.exe,verseny.exe,verseny,908288,unclassified,Tovabbi manualis elemzes szukseges,
Anti\SZERVER\_extracted\SZERVER\fejleszt\verseny_mend\modibank.exe,SZERVER,extracted,.exe,modibank.exe,modibank,705536,unclassified,Tovabbi manualis elemzes szukseges,
Anti\SZERVER\_extracted\SZERVER\fejleszt\verseny_mend\project1.exe,SZERVER,extracted,.exe,project1.exe,project1,698880,unclassified,Tovabbi manualis elemzes szukseges,
Anti\SZERVER\_extracted\SZERVER\fejleszt\vevo\vevok.exe,SZERVER,extracted,.exe,vevok.exe,vevok,771072,unclassified,Tovabbi manualis elemzes szukseges,
Anti\SZERVER\_extracted\SZERVER\fejleszt\vevoszam\2\project1.exe,SZERVER,extracted,.exe,project1.exe,project1,694784,unclassified,Tovabbi manualis elemzes szukseges,
Anti\SZERVER\_extracted\SZERVER\fejleszt\vevoszam\3\project1.exe,SZERVER,extracted,.exe,project1.exe,project1,697344,unclassified,Tovabbi manualis elemzes szukseges,
Anti\SZERVER\_extracted\SZERVER\fejleszt\vevoszam\project1.exe,SZERVER,extracted,.exe,project1.exe,project1,724480,unclassified,Tovabbi manualis elemzes szukseges,
Anti\SZERVER\_extracted\SZERVER\fejleszt\western\western.exe,SZERVER,extracted,.exe,western.exe,western,761856,western-union,Western Union integracio,
Anti\SZERVER\_extracted\SZERVER\fejleszt\westuni\westuni.exe,SZERVER,extracted,.exe,westuni.exe,westuni,813568,unclassified,Tovabbi manualis elemzes szukseges,
Anti\SZERVER\_extracted\SZERVER\fejleszt\wucontrol\project1.exe,SZERVER,extracted,.exe,project1.exe,project1,698880,unclassified,Tovabbi manualis elemzes szukseges,
Anti\SZERVER\_extracted\SZERVER\fejleszt\wuniforg\wuniforg.exe,SZERVER,extracted,.exe,wuniforg.exe,wuniforg,722944,unclassified,Tovabbi manualis elemzes szukseges,
Anti\SZERVER\_extracted\SZERVER\newdll\arftmk.dll,SZERVER,extracted,.dll,arftmk.dll,arftmk,954880,rates,Arfolyam karbantarto modul,
Anti\SZERVER\_extracted\SZERVER\newdll\atlagarf.dll,SZERVER,extracted,.dll,atlagarf.dll,atlagarf,983552,legacy-dll,Legacy plugin vagy shared library,
Anti\SZERVER\_extracted\SZERVER\newdll\bankdisp.dll,SZERVER,extracted,.dll,bankdisp.dll,bankdisp,829952,legacy-dll,Legacy plugin vagy shared library,
Anti\SZERVER\_extracted\SZERVER\newdll\beerk.dll,SZERVER,extracted,.dll,beerk.dll,beerk,3675136,legacy-dll,Legacy plugin vagy shared library,
Anti\SZERVER\_extracted\SZERVER\newdll\datadisp.dll,SZERVER,extracted,.dll,datadisp.dll,datadisp,838656,legacy-dll,Legacy plugin vagy shared library,
Anti\SZERVER\_extracted\SZERVER\newdll\dbctrl.dll,SZERVER,extracted,.dll,dbctrl.dll,dbctrl,680448,legacy-dll,Legacy plugin vagy shared library,
Anti\SZERVER\_extracted\SZERVER\newdll\dolgjutalek.dll,SZERVER,extracted,.dll,dolgjutalek.dll,dolgjutalek,995328,legacy-dll,Legacy plugin vagy shared library,
Anti\SZERVER\_extracted\SZERVER\newdll\dolgozok.dll,SZERVER,extracted,.dll,dolgozok.dll,dolgozok,1143808,legacy-dll,Legacy plugin vagy shared library,
Anti\SZERVER\_extracted\SZERVER\newdll\forgdisp.dll,SZERVER,extracted,.dll,forgdisp.dll,forgdisp,841728,legacy-dll,Legacy plugin vagy shared library,
Anti\SZERVER\_extracted\SZERVER\newdll\getdisp.dll,SZERVER,extracted,.dll,getdisp.dll,getdisp,399360,legacy-dll,Legacy plugin vagy shared library,
Anti\SZERVER\_extracted\SZERVER\newdll\getegyseg.dll,SZERVER,extracted,.dll,getegyseg.dll,getegyseg,699392,legacy-dll,Legacy plugin vagy shared library,
Anti\SZERVER\_extracted\SZERVER\newdll\gyujto.dll,SZERVER,extracted,.dll,gyujto.dll,gyujto,839680,legacy-dll,Legacy plugin vagy shared library,
Anti\SZERVER\_extracted\SZERVER\newdll\hovalasz.dll,SZERVER,extracted,.dll,hovalasz.dll,hovalasz,691712,legacy-dll,Legacy plugin vagy shared library,
Anti\SZERVER\_extracted\SZERVER\newdll\hrk.dll,SZERVER,extracted,.dll,hrk.dll,hrk,908800,legacy-dll,Legacy plugin vagy shared library,
Anti\SZERVER\_extracted\SZERVER\newdll\idoszak.dll,SZERVER,extracted,.dll,idoszak.dll,idoszak,688128,legacy-dll,Legacy plugin vagy shared library,
Anti\SZERVER\_extracted\SZERVER\newdll\import.dll,SZERVER,extracted,.dll,import.dll,import,1285120,server-import,Import vagy adatbetoltes,
Anti\SZERVER\_extracted\SZERVER\newdll\irtmk.dll,SZERVER,extracted,.dll,irtmk.dll,irtmk,1032704,legacy-dll,Legacy plugin vagy shared library,
Anti\SZERVER\_extracted\SZERVER\newdll\jutszaz.dll,SZERVER,extracted,.dll,jutszaz.dll,jutszaz,840192,legacy-dll,Legacy plugin vagy shared library,
Anti\SZERVER\_extracted\SZERVER\newdll\kdtrdisp.dll,SZERVER,extracted,.dll,kdtrdisp.dll,kdtrdisp,731648,legacy-dll,Legacy plugin vagy shared library,
Anti\SZERVER\_extracted\SZERVER\newdll\keszdisp.dll,SZERVER,extracted,.dll,keszdisp.dll,keszdisp,844800,legacy-dll,Legacy plugin vagy shared library,
Anti\SZERVER\_extracted\SZERVER\newdll\kezdij.dll,SZERVER,extracted,.dll,kezdij.dll,kezdij,820736,legacy-dll,Legacy plugin vagy shared library,
Anti\SZERVER\_extracted\SZERVER\newdll\legyujto.dll,SZERVER,extracted,.dll,legyujto.dll,legyujto,742400,legacy-dll,Legacy plugin vagy shared library,
Anti\SZERVER\_extracted\SZERVER\newdll\missctrl.dll,SZERVER,extracted,.dll,missctrl.dll,missctrl,714240,legacy-dll,Legacy plugin vagy shared library,
Anti\SZERVER\_extracted\SZERVER\newdll\mnbhibak.dll,SZERVER,extracted,.dll,mnbhibak.dll,mnbhibak,916480,compliance-rates,MNB rates vagy reporting,
Anti\SZERVER\_extracted\SZERVER\newdll\ptkdisp.dll,SZERVER,extracted,.dll,ptkdisp.dll,ptkdisp,852992,legacy-dll,Legacy plugin vagy shared library,
Anti\SZERVER\_extracted\SZERVER\newdll\stornodisp.dll,SZERVER,extracted,.dll,stornodisp.dll,stornodisp,856064,storno,Sztorno tranzakcio vagy visszavonas,
Anti\SZERVER\_extracted\SZERVER\newdll\sumwuafa.dll,SZERVER,extracted,.dll,sumwuafa.dll,sumwuafa,672768,legacy-dll,Legacy plugin vagy shared library,
Anti\SZERVER\_extracted\SZERVER\newdll\tranzdij.dll,SZERVER,extracted,.dll,tranzdij.dll,tranzdij,1097216,legacy-dll,Legacy plugin vagy shared library,
Anti\SZERVER\_extracted\SZERVER\newdll\trbdisp.dll,SZERVER,extracted,.dll,trbdisp.dll,trbdisp,854016,legacy-dll,Legacy plugin vagy shared library,
Anti\SZERVER\_extracted\SZERVER\newdll\userin.dll,SZERVER,extracted,.dll,userin.dll,userin,967168,legacy-dll,Legacy plugin vagy shared library,
Anti\SZERVER\_extracted\SZERVER\newdll\westforg.dll,SZERVER,extracted,.dll,westforg.dll,westforg,772096,legacy-dll,Legacy plugin vagy shared library,
Anti\SZERVER\_extracted\SZERVER\newdll\wudisp.dll,SZERVER,extracted,.dll,wudisp.dll,wudisp,716288,legacy-dll,Legacy plugin vagy shared library,
Anti\SZERVER\_extracted\SZERVER\newdll\wuwaadvet.dll,SZERVER,extracted,.dll,wuwaadvet.dll,wuwaadvet,995840,legacy-dll,Legacy plugin vagy shared library,
Anti\SZERVER\_extracted\SZERVER\newdll\zarasctrl.dll,SZERVER,extracted,.dll,zarasctrl.dll,zarasctrl,817664,legacy-dll,Legacy plugin vagy shared library,
Anti\SZERVER\_extracted\SZERVER\ujdll\adatgyujto\debug\project1.exe,SZERVER,extracted,.exe,project1.exe,project1,748544,unclassified,Tovabbi manualis elemzes szukseges,
Anti\SZERVER\_extracted\SZERVER\ujdll\adatgyujto\makedll\legyujto.dll,SZERVER,extracted,.dll,legyujto.dll,legyujto,742400,legacy-dll,Legacy plugin vagy shared library,
Anti\SZERVER\_extracted\SZERVER\ujdll\arftmk\debug\project1.exe,SZERVER,extracted,.exe,project1.exe,project1,956928,rates,Arfolyam karbantarto modul,
Anti\SZERVER\_extracted\SZERVER\ujdll\arftmk\makedll\arftmk.dll,SZERVER,extracted,.dll,arftmk.dll,arftmk,954880,rates,Arfolyam karbantarto modul,
Anti\SZERVER\_extracted\SZERVER\ujdll\atlagarf\debug\project1.exe,SZERVER,extracted,.exe,project1.exe,project1,985600,unclassified,Tovabbi manualis elemzes szukseges,
Anti\SZERVER\_extracted\SZERVER\ujdll\atlagarf\makedll\atlagarf.dll,SZERVER,extracted,.dll,atlagarf.dll,atlagarf,983552,legacy-dll,Legacy plugin vagy shared library,
Anti\SZERVER\_extracted\SZERVER\ujdll\bankforg\debug\project1.exe,SZERVER,extracted,.exe,project1.exe,project1,832512,unclassified,Tovabbi manualis elemzes szukseges,
Anti\SZERVER\_extracted\SZERVER\ujdll\bankforg\makedll\bankdisp.dll,SZERVER,extracted,.dll,bankdisp.dll,bankdisp,829952,legacy-dll,Legacy plugin vagy shared library,
Anti\SZERVER\_extracted\SZERVER\ujdll\beerkctrl\debug\project1.exe,SZERVER,extracted,.exe,project1.exe,project1,716800,unclassified,Tovabbi manualis elemzes szukseges,
Anti\SZERVER\_extracted\SZERVER\ujdll\beerkctrl\makedll\missctrl.dll,SZERVER,extracted,.dll,missctrl.dll,missctrl,714240,legacy-dll,Legacy plugin vagy shared library,
Anti\SZERVER\_extracted\SZERVER\ujdll\beerkezes\debug\project1.exe,SZERVER,extracted,.exe,project1.exe,project1,3681280,unclassified,Tovabbi manualis elemzes szukseges,
Anti\SZERVER\_extracted\SZERVER\ujdll\beerkezes\makedll\beerk.dll,SZERVER,extracted,.dll,beerk.dll,beerk,3675136,legacy-dll,Legacy plugin vagy shared library,
Anti\SZERVER\_extracted\SZERVER\ujdll\bejelentes\debug\project1.exe,SZERVER,extracted,.exe,project1.exe,project1,461824,unclassified,Tovabbi manualis elemzes szukseges,
Anti\SZERVER\_extracted\SZERVER\ujdll\datadisp\debug\project1.exe,SZERVER,extracted,.exe,project1.exe,project1,841216,unclassified,Tovabbi manualis elemzes szukseges,
Anti\SZERVER\_extracted\SZERVER\ujdll\datadisp\makedll\datadisp.dll,SZERVER,extracted,.dll,datadisp.dll,datadisp,838656,legacy-dll,Legacy plugin vagy shared library,
Anti\SZERVER\_extracted\SZERVER\ujdll\dbookctrl\debug\project1.exe,SZERVER,extracted,.exe,project1.exe,project1,686080,unclassified,Tovabbi manualis elemzes szukseges,
Anti\SZERVER\_extracted\SZERVER\ujdll\dbookctrl\makedll\dbctrl.dll,SZERVER,extracted,.dll,dbctrl.dll,dbctrl,679936,legacy-dll,Legacy plugin vagy shared library,
Anti\SZERVER\_extracted\SZERVER\ujdll\dolgozok\debug\project1.exe,SZERVER,extracted,.exe,project1.exe,project1,1145344,unclassified,Tovabbi manualis elemzes szukseges,
Anti\SZERVER\_extracted\SZERVER\ujdll\dolgozok\makedll\dolgozok.dll,SZERVER,extracted,.dll,dolgozok.dll,dolgozok,1143808,legacy-dll,Legacy plugin vagy shared library,
Anti\SZERVER\_extracted\SZERVER\ujdll\forgalomdisp\debug\forgdisp.exe,SZERVER,extracted,.exe,forgdisp.exe,forgdisp,844288,unclassified,Tovabbi manualis elemzes szukseges,
Anti\SZERVER\_extracted\SZERVER\ujdll\forgalomdisp\debug\project1.exe,SZERVER,extracted,.exe,project1.exe,project1,856576,unclassified,Tovabbi manualis elemzes szukseges,
Anti\SZERVER\_extracted\SZERVER\ujdll\forgalomdisp\makedll\forgdisp.dll,SZERVER,extracted,.dll,forgdisp.dll,forgdisp,841728,legacy-dll,Legacy plugin vagy shared library,
Anti\SZERVER\_extracted\SZERVER\ujdll\getdisp\debug\project1.exe,SZERVER,extracted,.exe,project1.exe,project1,406528,unclassified,Tovabbi manualis elemzes szukseges,
Anti\SZERVER\_extracted\SZERVER\ujdll\getdisp\makedll\getdisp.dll,SZERVER,extracted,.dll,getdisp.dll,getdisp,399360,legacy-dll,Legacy plugin vagy shared library,
Anti\SZERVER\_extracted\SZERVER\ujdll\getuzlet\debug\project1.exe,SZERVER,extracted,.exe,project1.exe,project1,701952,unclassified,Tovabbi manualis elemzes szukseges,
Anti\SZERVER\_extracted\SZERVER\ujdll\hovalasz\debug\project1.exe,SZERVER,extracted,.exe,project1.exe,project1,693760,unclassified,Tovabbi manualis elemzes szukseges,
Anti\SZERVER\_extracted\SZERVER\ujdll\hovalasz\makedll\hovalasz.dll,SZERVER,extracted,.dll,hovalasz.dll,hovalasz,691712,legacy-dll,Legacy plugin vagy shared library,
Anti\SZERVER\_extracted\SZERVER\ujdll\hrkserver\debug\project1.exe,SZERVER,extracted,.exe,project1.exe,project1,910848,server-core,Kozponti szerver alkalmazas,
Anti\SZERVER\_extracted\SZERVER\ujdll\hrkserver\makedll\hrk.dll,SZERVER,extracted,.dll,hrk.dll,hrk,908800,server-core,Kozponti szerver alkalmazas,
Anti\SZERVER\_extracted\SZERVER\ujdll\idoszak\debug\project1.exe,SZERVER,extracted,.exe,project1.exe,project1,695808,unclassified,Tovabbi manualis elemzes szukseges,
Anti\SZERVER\_extracted\SZERVER\ujdll\idoszak\makedll\idoszak.dll,SZERVER,extracted,.dll,idoszak.dll,idoszak,688128,legacy-dll,Legacy plugin vagy shared library,
Anti\SZERVER\_extracted\SZERVER\ujdll\import\debug\project1.exe,SZERVER,extracted,.exe,project1.exe,project1,1286656,server-import,Import vagy adatbetoltes,
Anti\SZERVER\_extracted\SZERVER\ujdll\import\makedll\import.dll,SZERVER,extracted,.dll,import.dll,import,1285120,server-import,Import vagy adatbetoltes,
Anti\SZERVER\_extracted\SZERVER\ujdll\irtmk\debug\project1.exe,SZERVER,extracted,.exe,project1.exe,project1,1035776,unclassified,Tovabbi manualis elemzes szukseges,
Anti\SZERVER\_extracted\SZERVER\ujdll\irtmk\makedll\irtmk.dll,SZERVER,extracted,.dll,irtmk.dll,irtmk,1032704,legacy-dll,Legacy plugin vagy shared library,
Anti\SZERVER\_extracted\SZERVER\ujdll\jutszamito\debug\project1.exe,SZERVER,extracted,.exe,project1.exe,project1,997888,unclassified,Tovabbi manualis elemzes szukseges,
Anti\SZERVER\_extracted\SZERVER\ujdll\jutszamito\makedll\dolgjutalek.dll,SZERVER,extracted,.dll,dolgjutalek.dll,dolgjutalek,995328,legacy-dll,Legacy plugin vagy shared library,
Anti\SZERVER\_extracted\SZERVER\ujdll\jutszazalek\debug\project1.exe,SZERVER,extracted,.exe,project1.exe,project1,842752,unclassified,Tovabbi manualis elemzes szukseges,
Anti\SZERVER\_extracted\SZERVER\ujdll\jutszazalek\makedll\jutszaz.dll,SZERVER,extracted,.dll,jutszaz.dll,jutszaz,840192,legacy-dll,Legacy plugin vagy shared library,
Anti\SZERVER\_extracted\SZERVER\ujdll\keszletdisp\debug\project1.exe,SZERVER,extracted,.exe,project1.exe,project1,846848,unclassified,Tovabbi manualis elemzes szukseges,
Anti\SZERVER\_extracted\SZERVER\ujdll\keszletdisp\makedll\keszdisp.dll,SZERVER,extracted,.dll,keszdisp.dll,keszdisp,844800,legacy-dll,Legacy plugin vagy shared library,
Anti\SZERVER\_extracted\SZERVER\ujdll\kezdij\debug\project1.exe,SZERVER,extracted,.exe,project1.exe,project1,827392,unclassified,Tovabbi manualis elemzes szukseges,
Anti\SZERVER\_extracted\SZERVER\ujdll\kezdij\makedll\kezdij.dll,SZERVER,extracted,.dll,kezdij.dll,kezdij,820736,legacy-dll,Legacy plugin vagy shared library,
Anti\SZERVER\_extracted\SZERVER\ujdll\kezdtranzdisp\debug\project1.exe,SZERVER,extracted,.exe,project1.exe,project1,733696,unclassified,Tovabbi manualis elemzes szukseges,
Anti\SZERVER\_extracted\SZERVER\ujdll\kezdtranzdisp\makedll\kdtrdisp.dll,SZERVER,extracted,.dll,kdtrdisp.dll,kdtrdisp,731648,legacy-dll,Legacy plugin vagy shared library,
Anti\SZERVER\_extracted\SZERVER\ujdll\mnbgyujto\debug\project1.exe,SZERVER,extracted,.exe,project1.exe,project1,842752,compliance-rates,MNB rates vagy reporting,
Anti\SZERVER\_extracted\SZERVER\ujdll\mnbgyujto\makedll\gyujto.dll,SZERVER,extracted,.dll,gyujto.dll,gyujto,839680,compliance-rates,MNB rates vagy reporting,
Anti\SZERVER\_extracted\SZERVER\ujdll\mnbhibak\debug\project1.exe,SZERVER,extracted,.exe,project1.exe,project1,918016,compliance-rates,MNB rates vagy reporting,
Anti\SZERVER\_extracted\SZERVER\ujdll\mnbhibak\makedll\mnbhibak.dll,SZERVER,extracted,.dll,mnbhibak.dll,mnbhibak,916480,compliance-rates,MNB rates vagy reporting,
Anti\SZERVER\_extracted\SZERVER\ujdll\ptarkozott\debug\project1.exe,SZERVER,extracted,.exe,project1.exe,project1,855040,unclassified,Tovabbi manualis elemzes szukseges,
Anti\SZERVER\_extracted\SZERVER\ujdll\ptarkozott\makedll\ptkdisp.dll,SZERVER,extracted,.dll,ptkdisp.dll,ptkdisp,852992,legacy-dll,Legacy plugin vagy shared library,
Anti\SZERVER\_extracted\SZERVER\ujdll\stornodisp\debug\project1.exe,SZERVER,extracted,.exe,project1.exe,project1,857600,storno,Sztorno tranzakcio vagy visszavonas,
Anti\SZERVER\_extracted\SZERVER\ujdll\stornodisp\makedll\stornodisp.dll,SZERVER,extracted,.dll,stornodisp.dll,stornodisp,856064,storno,Sztorno tranzakcio vagy visszavonas,
Anti\SZERVER\_extracted\SZERVER\ujdll\sumwuafa\debug\project1.exe,SZERVER,extracted,.exe,project1.exe,project1,678912,unclassified,Tovabbi manualis elemzes szukseges,
Anti\SZERVER\_extracted\SZERVER\ujdll\sumwuafa\makedll\sumwuafa.dll,SZERVER,extracted,.dll,sumwuafa.dll,sumwuafa,672768,legacy-dll,Legacy plugin vagy shared library,
Anti\SZERVER\_extracted\SZERVER\ujdll\tranzakc\debug\tdij.exe,SZERVER,extracted,.exe,tdij.exe,tdij,1099776,unclassified,Tovabbi manualis elemzes szukseges,
Anti\SZERVER\_extracted\SZERVER\ujdll\tranzakc\exeproba\project1.exe,SZERVER,extracted,.exe,project1.exe,project1,389120,unclassified,Tovabbi manualis elemzes szukseges,
Anti\SZERVER\_extracted\SZERVER\ujdll\tranzakc\makedll\tranzdij.dll,SZERVER,extracted,.dll,tranzdij.dll,tranzdij,1097216,legacy-dll,Legacy plugin vagy shared library,
Anti\SZERVER\_extracted\SZERVER\ujdll\trbdisp\debug\project1.exe,SZERVER,extracted,.exe,project1.exe,project1,855552,unclassified,Tovabbi manualis elemzes szukseges,
Anti\SZERVER\_extracted\SZERVER\ujdll\trbdisp\makedll\trbdisp.dll,SZERVER,extracted,.dll,trbdisp.dll,trbdisp,854016,legacy-dll,Legacy plugin vagy shared library,
Anti\SZERVER\_extracted\SZERVER\ujdll\unpacker\debug\project1.exe,SZERVER,extracted,.exe,project1.exe,project1,732160,unclassified,Tovabbi manualis elemzes szukseges,
Anti\SZERVER\_extracted\SZERVER\ujdll\unpacker\makedll\unpacker.dll,SZERVER,extracted,.dll,unpacker.dll,unpacker,729088,legacy-dll,Legacy plugin vagy shared library,
Anti\SZERVER\_extracted\SZERVER\ujdll\unpacker\ounpacker_unpacked\DEBUG\Project1.exe,SZERVER,extracted,.exe,Project1.exe,Project1,731136,unclassified,Tovabbi manualis elemzes szukseges,
Anti\SZERVER\_extracted\SZERVER\ujdll\unpacker\ounpacker_unpacked\MAKEDLL\Unpacker.dll,SZERVER,extracted,.dll,Unpacker.dll,Unpacker,728576,legacy-dll,Legacy plugin vagy shared library,
Anti\SZERVER\_extracted\SZERVER\ujdll\userbelep\debug\project1.exe,SZERVER,extracted,.exe,project1.exe,project1,969728,unclassified,Tovabbi manualis elemzes szukseges,
Anti\SZERVER\_extracted\SZERVER\ujdll\userbelep\makedll\userin.dll,SZERVER,extracted,.dll,userin.dll,userin,967168,legacy-dll,Legacy plugin vagy shared library,
Anti\SZERVER\_extracted\SZERVER\ujdll\western\debug\project1.exe,SZERVER,extracted,.exe,project1.exe,project1,774144,western-union,Western Union integracio,
Anti\SZERVER\_extracted\SZERVER\ujdll\western\makedll\westforg.dll,SZERVER,extracted,.dll,westforg.dll,westforg,772096,western-union,Western Union integracio,
Anti\SZERVER\_extracted\SZERVER\ujdll\wuafatranz\debug\project1.exe,SZERVER,extracted,.exe,project1.exe,project1,998912,unclassified,Tovabbi manualis elemzes szukseges,
Anti\SZERVER\_extracted\SZERVER\ujdll\wuafatranz\makedll\wuwaadvet.dll,SZERVER,extracted,.dll,wuwaadvet.dll,wuwaadvet,995840,legacy-dll,Legacy plugin vagy shared library,
Anti\SZERVER\_extracted\SZERVER\ujdll\wunidisp\debug\project1.exe,SZERVER,extracted,.exe,project1.exe,project1,717824,unclassified,Tovabbi manualis elemzes szukseges,
Anti\SZERVER\_extracted\SZERVER\ujdll\wunidisp\makedll\wudisp.dll,SZERVER,extracted,.dll,wudisp.dll,wudisp,716288,legacy-dll,Legacy plugin vagy shared library,
Anti\SZERVER\_extracted\SZERVER\ujdll\zarasctrl\debug\project1.exe,SZERVER,extracted,.exe,project1.exe,project1,820224,unclassified,Tovabbi manualis elemzes szukseges,
Anti\SZERVER\_extracted\SZERVER\ujdll\zarasctrl\makedll\zarasctrl.dll,SZERVER,extracted,.dll,zarasctrl.dll,zarasctrl,817664,legacy-dll,Legacy plugin vagy shared library,
Anti\SZERVER\_extracted\VALUTA\DLL\_BASEDLL\Project1.exe,SZERVER,extracted,.exe,Project1.exe,Project1,389120,legacy-dll,Legacy plugin vagy shared library,
Anti\SZERVER\_extracted\VALUTA\DLL\ADATLAP\DEBUG\Project1.exe,SZERVER,extracted,.exe,Project1.exe,Project1,1010176,legacy-dll,Legacy plugin vagy shared library,
Anti\SZERVER\_extracted\VALUTA\DLL\ADATLAP\EXEPROBA\adatlap.dll,SZERVER,extracted,.dll,adatlap.dll,adatlap,1026048,legacy-dll,Legacy plugin vagy shared library,
Anti\SZERVER\_extracted\VALUTA\DLL\ADATLAP\EXEPROBA\Project1.exe,SZERVER,extracted,.exe,Project1.exe,Project1,409600,legacy-dll,Legacy plugin vagy shared library,
Anti\SZERVER\_extracted\VALUTA\DLL\ADATLAP\MAKEDLL\ADATLAP.dll,SZERVER,extracted,.dll,ADATLAP.dll,ADATLAP,1007616,legacy-dll,Legacy plugin vagy shared library,
Anti\SZERVER\_extracted\VALUTA\DLL\AFATABLA\DEBUG\Project1.exe,SZERVER,extracted,.exe,Project1.exe,Project1,837120,legacy-dll,Legacy plugin vagy shared library,
Anti\SZERVER\_extracted\VALUTA\DLL\AFATABLA\MAKEDLL\AfaTab.dll,SZERVER,extracted,.dll,AfaTab.dll,AfaTab,835072,legacy-dll,Legacy plugin vagy shared library,
Anti\SZERVER\_extracted\VALUTA\DLL\ARFDISP\DEBUG\Project1.exe,SZERVER,extracted,.exe,Project1.exe,Project1,770048,legacy-dll,Legacy plugin vagy shared library,
Anti\SZERVER\_extracted\VALUTA\DLL\ARFDISP\MAKEDLL\ARFDISP.dll,SZERVER,extracted,.dll,ARFDISP.dll,ARFDISP,766976,legacy-dll,Legacy plugin vagy shared library,
Anti\SZERVER\_extracted\VALUTA\DLL\ARFREG\DEBUG\Project1.exe,SZERVER,extracted,.exe,Project1.exe,Project1,808960,rates,Arfolyam regiszter vagy megjelenites,
Anti\SZERVER\_extracted\VALUTA\DLL\ARFREG\EXEPROBA\Project1.exe,SZERVER,extracted,.exe,Project1.exe,Project1,389120,rates,Arfolyam regiszter vagy megjelenites,
Anti\SZERVER\_extracted\VALUTA\DLL\ARFREG\MAKEDLL\ARFREG.dll,SZERVER,extracted,.dll,ARFREG.dll,ARFREG,806400,rates,Arfolyam regiszter vagy megjelenites,
Anti\SZERVER\_extracted\VALUTA\DLL\ARFREG\UJDLL\DEBUG\Project1.exe,SZERVER,extracted,.exe,Project1.exe,Project1,808448,rates,Arfolyam regiszter vagy megjelenites,
Anti\SZERVER\_extracted\VALUTA\DLL\ARFTMK\DEBUG\Project1.exe,SZERVER,extracted,.exe,Project1.exe,Project1,986112,rates,Arfolyam karbantarto modul,
Anti\SZERVER\_extracted\VALUTA\DLL\ARFTMK\MAKEDLL\Arftmk.dll,SZERVER,extracted,.dll,Arftmk.dll,Arftmk,984064,rates,Arfolyam karbantarto modul,
Anti\SZERVER\_extracted\VALUTA\DLL\Arfvalt.dll,SZERVER,extracted,.dll,Arfvalt.dll,Arfvalt,699392,legacy-dll,Legacy plugin vagy shared library,
Anti\SZERVER\_extracted\VALUTA\DLL\ARFVALT\DEBUG\Project1.exe,SZERVER,extracted,.exe,Project1.exe,Project1,701440,legacy-dll,Legacy plugin vagy shared library,
Anti\SZERVER\_extracted\VALUTA\DLL\ARFVALT\MAKEDLL\Arfvalt.dll,SZERVER,extracted,.dll,Arfvalt.dll,Arfvalt,698880,legacy-dll,Legacy plugin vagy shared library,
Anti\SZERVER\_extracted\VALUTA\DLL\ATADOLAP\DEBUG\Project1.exe,SZERVER,extracted,.exe,Project1.exe,Project1,804352,vault-transfer,Atadolap es handover dokumentum,
Anti\SZERVER\_extracted\VALUTA\DLL\ATADOLAP\MAKEDLL\Atadolap.dll,SZERVER,extracted,.dll,Atadolap.dll,Atadolap,801280,vault-transfer,Atadolap es handover dokumentum,
Anti\SZERVER\_extracted\VALUTA\DLL\ATADVET\DEBUG\Project1.exe,SZERVER,extracted,.exe,Project1.exe,Project1,1430528,vault-transfer,Penztarak vagy ertektarak kozotti atadas-atvetel,
Anti\SZERVER\_extracted\VALUTA\DLL\ATADVET\MAKEDLL\Atadvet.dll,SZERVER,extracted,.dll,Atadvet.dll,Atadvet,1427968,vault-transfer,Penztarak vagy ertektarak kozotti atadas-atvetel,
Anti\SZERVER\_extracted\VALUTA\DLL\BIGARFVALT\DEBUG\Project1.exe,SZERVER,extracted,.exe,Project1.exe,Project1,705024,legacy-dll,Legacy plugin vagy shared library,
Anti\SZERVER\_extracted\VALUTA\DLL\BIGARFVALT\MAKEDLL\BigArfValt.dll,SZERVER,extracted,.dll,BigArfValt.dll,BigArfValt,702464,legacy-dll,Legacy plugin vagy shared library,
Anti\SZERVER\_extracted\VALUTA\DLL\BIGCTRL\DEBUG\Project1.exe,SZERVER,extracted,.exe,Project1.exe,Project1,726528,legacy-dll,Legacy plugin vagy shared library,
Anti\SZERVER\_extracted\VALUTA\DLL\BIGCTRL\MAKEDLL\Bigctrl.dll,SZERVER,extracted,.dll,Bigctrl.dll,Bigctrl,717824,legacy-dll,Legacy plugin vagy shared library,
Anti\SZERVER\_extracted\VALUTA\DLL\BIZODISP\DEBUG\Project1.exe,SZERVER,extracted,.exe,Project1.exe,Project1,1022464,legacy-dll,Legacy plugin vagy shared library,
Anti\SZERVER\_extracted\VALUTA\DLL\BIZODISP\EXEPROBA\Project1.exe,SZERVER,extracted,.exe,Project1.exe,Project1,389120,legacy-dll,Legacy plugin vagy shared library,
Anti\SZERVER\_extracted\VALUTA\DLL\BIZODISP\MAKEDLL\Bizodisp.dll,SZERVER,extracted,.dll,Bizodisp.dll,Bizodisp,1020416,legacy-dll,Legacy plugin vagy shared library,
Anti\SZERVER\_extracted\VALUTA\DLL\BLOKNYOM\DEBUG\Project1.exe,SZERVER,extracted,.exe,Project1.exe,Project1,704000,legacy-dll,Legacy plugin vagy shared library,
Anti\SZERVER\_extracted\VALUTA\DLL\BLOKNYOM\exeproba\Project1.exe,SZERVER,extracted,.exe,Project1.exe,Project1,411648,legacy-dll,Legacy plugin vagy shared library,
Anti\SZERVER\_extracted\VALUTA\DLL\BLOKNYOM\MAKEDLL\Bloknyom.dll,SZERVER,extracted,.dll,Bloknyom.dll,Bloknyom,692224,legacy-dll,Legacy plugin vagy shared library,
Anti\SZERVER\_extracted\VALUTA\DLL\CHECKLST\MAKEDLL\Checklst.dll,SZERVER,extracted,.dll,Checklst.dll,Checklst,774144,legacy-dll,Legacy plugin vagy shared library,
Anti\SZERVER\_extracted\VALUTA\DLL\CIMLCTRL\DEBUG\Project1.exe,SZERVER,extracted,.exe,Project1.exe,Project1,686080,denomination,Cimletkezeles es denomination workflow,
Anti\SZERVER\_extracted\VALUTA\DLL\CIMLCTRL\exeproba\Project1.exe,SZERVER,extracted,.exe,Project1.exe,Project1,681984,denomination,Cimletkezeles es denomination workflow,
Anti\SZERVER\_extracted\VALUTA\DLL\CIMLCTRL\MAKEDLL\CimlCtrl.dll,SZERVER,extracted,.dll,CimlCtrl.dll,CimlCtrl,674304,denomination,Cimletkezeles es denomination workflow,
Anti\SZERVER\_extracted\VALUTA\DLL\CIMLET\DEBUG\Project1.exe,SZERVER,extracted,.exe,Project1.exe,Project1,764416,denomination,Cimletkezeles es denomination workflow,
Anti\SZERVER\_extracted\VALUTA\DLL\CIMLET\MAKEDLL\Cimlet.dll,SZERVER,extracted,.dll,Cimlet.dll,Cimlet,749568,denomination,Cimletkezeles es denomination workflow,
Anti\SZERVER\_extracted\VALUTA\DLL\CIMLMENU\DEBUG\Project1.exe,SZERVER,extracted,.exe,Project1.exe,Project1,691200,denomination,Cimletkezeles es denomination workflow,
Anti\SZERVER\_extracted\VALUTA\DLL\CIMLMENU\EXEPROBA\Project1.exe,SZERVER,extracted,.exe,Project1.exe,Project1,417280,denomination,Cimletkezeles es denomination workflow,
Anti\SZERVER\_extracted\VALUTA\DLL\CIMLMENU\MAKEDLL\CIMLMENU.dll,SZERVER,extracted,.dll,CIMLMENU.dll,CIMLMENU,688640,denomination,Cimletkezeles es denomination workflow,
Anti\SZERVER\_extracted\VALUTA\DLL\CIMLNYOM\DEBUG\Project1.exe,SZERVER,extracted,.exe,Project1.exe,Project1,723968,denomination,Cimletkezeles es denomination workflow,
Anti\SZERVER\_extracted\VALUTA\DLL\CIMLNYOM\EXEPROBA\cnyom.exe,SZERVER,extracted,.exe,cnyom.exe,cnyom,411648,denomination,Cimletkezeles es denomination workflow,
Anti\SZERVER\_extracted\VALUTA\DLL\CIMLNYOM\EXEPROBA\Project1.exe,SZERVER,extracted,.exe,Project1.exe,Project1,411648,denomination,Cimletkezeles es denomination workflow,
Anti\SZERVER\_extracted\VALUTA\DLL\CIMLNYOM\MAKEDLL\CimlNyom.dll,SZERVER,extracted,.dll,CimlNyom.dll,CimlNyom,721920,denomination,Cimletkezeles es denomination workflow,
Anti\SZERVER\_extracted\VALUTA\DLL\CIMSETUP\DEBUG\Project1.exe,SZERVER,extracted,.exe,Project1.exe,Project1,499712,legacy-dll,Legacy plugin vagy shared library,
Anti\SZERVER\_extracted\VALUTA\DLL\CIMSETUP\MAKEDLL\Cimsetup.dll,SZERVER,extracted,.dll,Cimsetup.dll,Cimsetup,498176,legacy-dll,Legacy plugin vagy shared library,
Anti\SZERVER\_extracted\VALUTA\DLL\CONFIDEN\DEBUG\Project1.exe,SZERVER,extracted,.exe,Project1.exe,Project1,703488,legacy-dll,Legacy plugin vagy shared library,
Anti\SZERVER\_extracted\VALUTA\DLL\CONFIDEN\MAKEDLL\Confi.dll,SZERVER,extracted,.dll,Confi.dll,Confi,700928,legacy-dll,Legacy plugin vagy shared library,
Anti\SZERVER\_extracted\VALUTA\DLL\CONFIRM\DEBUG\Project1.exe,SZERVER,extracted,.exe,Project1.exe,Project1,679424,legacy-dll,Legacy plugin vagy shared library,
Anti\SZERVER\_extracted\VALUTA\DLL\CONFIRM\MAKEDLL\confirm.dll,SZERVER,extracted,.dll,confirm.dll,confirm,676864,legacy-dll,Legacy plugin vagy shared library,
Anti\SZERVER\_extracted\VALUTA\DLL\COPY2FTP\DEBUG\Project1.exe,SZERVER,extracted,.exe,Project1.exe,Project1,647680,legacy-dll,Legacy plugin vagy shared library,
Anti\SZERVER\_extracted\VALUTA\DLL\COPY2FTP\EXEPROBA\Project1.exe,SZERVER,extracted,.exe,Project1.exe,Project1,412160,legacy-dll,Legacy plugin vagy shared library,
Anti\SZERVER\_extracted\VALUTA\DLL\COPY2FTP\MAKEDLL\COPY2FTP.dll,SZERVER,extracted,.dll,COPY2FTP.dll,COPY2FTP,641024,legacy-dll,Legacy plugin vagy shared library,
Anti\SZERVER\_extracted\VALUTA\DLL\DEKRUTIN\DEBUG\Project1.exe,SZERVER,extracted,.exe,Project1.exe,Project1,755712,legacy-dll,Legacy plugin vagy shared library,
Anti\SZERVER\_extracted\VALUTA\DLL\DEKRUTIN\EXEPROBA\Project1.exe,SZERVER,extracted,.exe,Project1.exe,Project1,399872,legacy-dll,Legacy plugin vagy shared library,
Anti\SZERVER\_extracted\VALUTA\DLL\DEKRUTIN\MAKEDLL\dekad.dll,SZERVER,extracted,.dll,dekad.dll,dekad,753664,legacy-dll,Legacy plugin vagy shared library,
Anti\SZERVER\_extracted\VALUTA\DLL\DOCDISP\DEBUG\Project1.exe,SZERVER,extracted,.exe,Project1.exe,Project1,792576,legacy-dll,Legacy plugin vagy shared library,
Anti\SZERVER\_extracted\VALUTA\DLL\DOCDISP\MAKEDLL\Docdisp.dll,SZERVER,extracted,.dll,Docdisp.dll,Docdisp,791040,legacy-dll,Legacy plugin vagy shared library,
Anti\SZERVER\_extracted\VALUTA\DLL\ELADAS\DEBUG\Project1.exe,SZERVER,extracted,.exe,Project1.exe,Project1,932864,transaction-sell,Valuta eladasi tranzakcio,
Anti\SZERVER\_extracted\VALUTA\DLL\ELADAS\MAKEDLL\Eladas.dll,SZERVER,extracted,.dll,Eladas.dll,Eladas,930816,transaction-sell,Valuta eladasi tranzakcio,
Anti\SZERVER\_extracted\VALUTA\DLL\ESTIZAR\DEBUG\Project1.exe,SZERVER,extracted,.exe,Project1.exe,Project1,918016,legacy-dll,Legacy plugin vagy shared library,
Anti\SZERVER\_extracted\VALUTA\DLL\ESTIZAR\MAKEDLL\Estizar.dll,SZERVER,extracted,.dll,Estizar.dll,Estizar,915968,legacy-dll,Legacy plugin vagy shared library,
Anti\SZERVER\_extracted\VALUTA\DLL\EUAKCIO\DEBUG\Project1.exe,SZERVER,extracted,.exe,Project1.exe,Project1,420864,legacy-dll,Legacy plugin vagy shared library,
Anti\SZERVER\_extracted\VALUTA\DLL\EUAKCIO\MAKEDLL\EusAkcio.dll,SZERVER,extracted,.dll,EusAkcio.dll,EusAkcio,418304,legacy-dll,Legacy plugin vagy shared library,
Anti\SZERVER\_extracted\VALUTA\DLL\FIRSTCTRL\DEBUG\Project1.exe,SZERVER,extracted,.exe,Project1.exe,Project1,681984,legacy-dll,Legacy plugin vagy shared library,
Anti\SZERVER\_extracted\VALUTA\DLL\FIRSTCTRL\MAKEDLL\FirstCtrl.dll,SZERVER,extracted,.dll,FirstCtrl.dll,FirstCtrl,679936,legacy-dll,Legacy plugin vagy shared library,
Anti\SZERVER\_extracted\VALUTA\DLL\FNYUJSAG\ALAP\MAKEDLL\Fnyujsag.dll,SZERVER,extracted,.dll,Fnyujsag.dll,Fnyujsag,676864,display,Futofeny vagy kijelzo komponens,
Anti\SZERVER\_extracted\VALUTA\DLL\FNYUJSAG\BAJCSY\DEBUG\Project1.exe,SZERVER,extracted,.exe,Project1.exe,Project1,678400,display,Futofeny vagy kijelzo komponens,
Anti\SZERVER\_extracted\VALUTA\DLL\FNYUJSAG\BAJCSY\MAKEDLL\Fnyujsag.dll,SZERVER,extracted,.dll,Fnyujsag.dll,Fnyujsag,676352,display,Futofeny vagy kijelzo komponens,
Anti\SZERVER\_extracted\VALUTA\DLL\FNYUJSAG\BCSABA\DEBUG\Project1.exe,SZERVER,extracted,.exe,Project1.exe,Project1,677376,display,Futofeny vagy kijelzo komponens,
Anti\SZERVER\_extracted\VALUTA\DLL\FNYUJSAG\BCSABA\MAKEDLL\Fnyujsag.dll,SZERVER,extracted,.dll,Fnyujsag.dll,Fnyujsag,674816,display,Futofeny vagy kijelzo komponens,
Anti\SZERVER\_extracted\VALUTA\DLL\FNYUJSAG\CORSO\Fnyujsag.dll,SZERVER,extracted,.dll,Fnyujsag.dll,Fnyujsag,677888,display,Futofeny vagy kijelzo komponens,
Anti\SZERVER\_extracted\VALUTA\DLL\FNYUJSAG\DEBUG\Project1.exe,SZERVER,extracted,.exe,Project1.exe,Project1,679424,display,Futofeny vagy kijelzo komponens,
Anti\SZERVER\_extracted\VALUTA\DLL\FNYUJSAG\DIANA\DEBUG\Project1.exe,SZERVER,extracted,.exe,Project1.exe,Project1,679424,display,Futofeny vagy kijelzo komponens,
Anti\SZERVER\_extracted\VALUTA\DLL\FNYUJSAG\DIANA\MAKEDLL\Fnyujsag.dll,SZERVER,extracted,.dll,Fnyujsag.dll,Fnyujsag,677888,display,Futofeny vagy kijelzo komponens,
Anti\SZERVER\_extracted\VALUTA\DLL\FNYUJSAG\dombovar\DEBUG\Project1.exe,SZERVER,extracted,.exe,Project1.exe,Project1,701440,display,Futofeny vagy kijelzo komponens,
Anti\SZERVER\_extracted\VALUTA\DLL\FNYUJSAG\dombovar\exeproba\Project1.exe,SZERVER,extracted,.exe,Project1.exe,Project1,406016,display,Futofeny vagy kijelzo komponens,
Anti\SZERVER\_extracted\VALUTA\DLL\FNYUJSAG\dombovar\MAKEDLL\Fnyujsag.dll,SZERVER,extracted,.dll,Fnyujsag.dll,Fnyujsag,683520,display,Futofeny vagy kijelzo komponens,
Anti\SZERVER\_extracted\VALUTA\DLL\FNYUJSAG\DUPLACOM\DEBUG\Fnyujsag.dll,SZERVER,extracted,.dll,Fnyujsag.dll,Fnyujsag,677376,display,Futofeny vagy kijelzo komponens,
Anti\SZERVER\_extracted\VALUTA\DLL\FNYUJSAG\DUPLACOM\MAKEDLL\Fnyujsag.dll,SZERVER,extracted,.dll,Fnyujsag.dll,Fnyujsag,677376,display,Futofeny vagy kijelzo komponens,
Anti\SZERVER\_extracted\VALUTA\DLL\FNYUJSAG\DUPOTHER\DEBUG\Project1.exe,SZERVER,extracted,.exe,Project1.exe,Project1,679936,display,Futofeny vagy kijelzo komponens,
Anti\SZERVER\_extracted\VALUTA\DLL\FNYUJSAG\DUPOTHER\MAKEDLL\Fnyujsag.dll,SZERVER,extracted,.dll,Fnyujsag.dll,Fnyujsag,677888,display,Futofeny vagy kijelzo komponens,
Anti\SZERVER\_extracted\VALUTA\DLL\FNYUJSAG\EXEPROBA\Project1.exe,SZERVER,extracted,.exe,Project1.exe,Project1,388608,display,Futofeny vagy kijelzo komponens,
Anti\SZERVER\_extracted\VALUTA\DLL\FNYUJSAG\FERENCES\DEBUG\Project1.exe,SZERVER,extracted,.exe,Project1.exe,Project1,701440,display,Futofeny vagy kijelzo komponens,
Anti\SZERVER\_extracted\VALUTA\DLL\FNYUJSAG\FERENCES\exeproba\Project1.exe,SZERVER,extracted,.exe,Project1.exe,Project1,406016,display,Futofeny vagy kijelzo komponens,
Anti\SZERVER\_extracted\VALUTA\DLL\FNYUJSAG\FERENCES\MAKEDLL\Fnyujsag.dll,SZERVER,extracted,.dll,Fnyujsag.dll,Fnyujsag,698368,display,Futofeny vagy kijelzo komponens,
Anti\SZERVER\_extracted\VALUTA\DLL\FNYUJSAG\IRGALMAS\MAKEDLL\Fnyujsag.dll,SZERVER,extracted,.dll,Fnyujsag.dll,Fnyujsag,677376,display,Futofeny vagy kijelzo komponens,
Anti\SZERVER\_extracted\VALUTA\DLL\FNYUJSAG\MAKEDLL\Fnyujsag.dll,SZERVER,extracted,.dll,Fnyujsag.dll,Fnyujsag,677888,display,Futofeny vagy kijelzo komponens,
Anti\SZERVER\_extracted\VALUTA\DLL\FNYUJSAG\NOSPEED\MAKEDLL\Fnyujsag.dll,SZERVER,extracted,.dll,Fnyujsag.dll,Fnyujsag,677888,display,Futofeny vagy kijelzo komponens,
Anti\SZERVER\_extracted\VALUTA\DLL\FNYUJSAG\OROS\MAKEDLL\Fnyujsag.dll,SZERVER,extracted,.dll,Fnyujsag.dll,Fnyujsag,674816,display,Futofeny vagy kijelzo komponens,
Anti\SZERVER\_extracted\VALUTA\DLL\FNYUJSAG\RAKOCZI\Fnyujsag.dll,SZERVER,extracted,.dll,Fnyujsag.dll,Fnyujsag,677888,display,Futofeny vagy kijelzo komponens,
Anti\SZERVER\_extracted\VALUTA\DLL\FNYUJSAG\spec8085\DEBUG\Project1.exe,SZERVER,extracted,.exe,Project1.exe,Project1,679424,display,Futofeny vagy kijelzo komponens,
Anti\SZERVER\_extracted\VALUTA\DLL\FNYUJSAG\spec8085\MAKEDLL\Fnyujsag.dll,SZERVER,extracted,.dll,Fnyujsag.dll,Fnyujsag,677888,display,Futofeny vagy kijelzo komponens,
Anti\SZERVER\_extracted\VALUTA\DLL\FNYUJSAG\SZOBOSZLO\DEBUG\Project1.exe,SZERVER,extracted,.exe,Project1.exe,Project1,678912,display,Futofeny vagy kijelzo komponens,
Anti\SZERVER\_extracted\VALUTA\DLL\FNYUJSAG\SZOBOSZLO\MAKEDLL\Fnyujsag.dll,SZERVER,extracted,.dll,Fnyujsag.dll,Fnyujsag,676864,display,Futofeny vagy kijelzo komponens,
Anti\SZERVER\_extracted\VALUTA\DLL\FNYUJSAG\UJTIPUS\DEBUG\Project1.exe,SZERVER,extracted,.exe,Project1.exe,Project1,697856,display,Futofeny vagy kijelzo komponens,
Anti\SZERVER\_extracted\VALUTA\DLL\FNYUJSAG\UJTIPUS\MAKEDLL\Fnyujsag.dll,SZERVER,extracted,.dll,Fnyujsag.dll,Fnyujsag,678400,display,Futofeny vagy kijelzo komponens,
Anti\SZERVER\_extracted\VALUTA\DLL\FOGLALO\DEBUG\Project1.exe,SZERVER,extracted,.exe,Project1.exe,Project1,1060864,reservation,Foglalas rendszer,
Anti\SZERVER\_extracted\VALUTA\DLL\FOGLALO\EXEPROBA\Project1.exe,SZERVER,extracted,.exe,Project1.exe,Project1,389120,reservation,Foglalas rendszer,
Anti\SZERVER\_extracted\VALUTA\DLL\FOGLALO\MAKEDLL\foglalo.dll,SZERVER,extracted,.dll,foglalo.dll,foglalo,1058304,reservation,Foglalas rendszer,
Anti\SZERVER\_extracted\VALUTA\DLL\FOGLREND\DEBUG\Project1.exe,SZERVER,extracted,.exe,Project1.exe,Project1,724480,legacy-dll,Legacy plugin vagy shared library,
Anti\SZERVER\_extracted\VALUTA\DLL\FOGLREND\MAKEDLL\foglrend.dll,SZERVER,extracted,.dll,foglrend.dll,foglrend,721408,legacy-dll,Legacy plugin vagy shared library,
Anti\SZERVER\_extracted\VALUTA\DLL\FORGOSSZ\DEBUG\Project1.exe,SZERVER,extracted,.exe,Project1.exe,Project1,979968,legacy-dll,Legacy plugin vagy shared library,
Anti\SZERVER\_extracted\VALUTA\DLL\FORGOSSZ\MAKEDLL\Forgossz.dll,SZERVER,extracted,.dll,Forgossz.dll,Forgossz,977408,legacy-dll,Legacy plugin vagy shared library,
Anti\SZERVER\_extracted\VALUTA\DLL\GEPSETUP\DEBUG\Project1.exe,SZERVER,extracted,.exe,Project1.exe,Project1,2379264,legacy-dll,Legacy plugin vagy shared library,
Anti\SZERVER\_extracted\VALUTA\DLL\GEPSETUP\EXEPROBA\Project1.exe,SZERVER,extracted,.exe,Project1.exe,Project1,389120,legacy-dll,Legacy plugin vagy shared library,
Anti\SZERVER\_extracted\VALUTA\DLL\GEPSETUP\MAKEDLL\GEPSETUP.dll,SZERVER,extracted,.dll,GEPSETUP.dll,GEPSETUP,2376192,legacy-dll,Legacy plugin vagy shared library,
Anti\SZERVER\_extracted\VALUTA\DLL\GETARF\DEBUG\Project1.exe,SZERVER,extracted,.exe,Project1.exe,Project1,734720,rates-sync,Arfolyam letoltes vagy rates sync,
Anti\SZERVER\_extracted\VALUTA\DLL\GETARF\MAKEDLL\Getarf.dll,SZERVER,extracted,.dll,Getarf.dll,Getarf,732160,rates-sync,Arfolyam letoltes vagy rates sync,
Anti\SZERVER\_extracted\VALUTA\DLL\GETARF\UJDLL\DEBUG\Project1.exe,SZERVER,extracted,.exe,Project1.exe,Project1,753152,rates-sync,Arfolyam letoltes vagy rates sync,
Anti\SZERVER\_extracted\VALUTA\DLL\GETARF\UJDLL\MAKEDLL\Getarf.dll,SZERVER,extracted,.dll,Getarf.dll,Getarf,751616,rates-sync,Arfolyam letoltes vagy rates sync,
Anti\SZERVER\_extracted\VALUTA\DLL\GETENGED\DEBUG\Project1.exe,SZERVER,extracted,.exe,Project1.exe,Project1,704512,legacy-dll,Legacy plugin vagy shared library,
Anti\SZERVER\_extracted\VALUTA\DLL\GETENGED\MAKEDLL\getenged.dll,SZERVER,extracted,.dll,getenged.dll,getenged,701952,legacy-dll,Legacy plugin vagy shared library,
Anti\SZERVER\_extracted\VALUTA\DLL\GETFIZE\DEBUG\Project1.exe,SZERVER,extracted,.exe,Project1.exe,Project1,705536,legacy-dll,Legacy plugin vagy shared library,
Anti\SZERVER\_extracted\VALUTA\DLL\GETFIZE\MAKEDLL\Getfize.dll,SZERVER,extracted,.dll,Getfize.dll,Getfize,702464,legacy-dll,Legacy plugin vagy shared library,
Anti\SZERVER\_extracted\VALUTA\DLL\GETISO\DEBUG\Project1.exe,SZERVER,extracted,.exe,Project1.exe,Project1,698368,legacy-dll,Legacy plugin vagy shared library,
Anti\SZERVER\_extracted\VALUTA\DLL\GETISO\MAKEDLL\GETISO.dll,SZERVER,extracted,.dll,GETISO.dll,GETISO,694272,legacy-dll,Legacy plugin vagy shared library,
Anti\SZERVER\_extracted\VALUTA\DLL\GETNYUGT\DEBUG\Project1.exe,SZERVER,extracted,.exe,Project1.exe,Project1,782336,legacy-dll,Legacy plugin vagy shared library,
Anti\SZERVER\_extracted\VALUTA\DLL\GETNYUGT\MAKEDLL\Getnyug.dll,SZERVER,extracted,.dll,Getnyug.dll,Getnyug,779264,legacy-dll,Legacy plugin vagy shared library,
Anti\SZERVER\_extracted\VALUTA\DLL\GETPLOMB\MAKEDLL\Getplomb.dll,SZERVER,extracted,.dll,Getplomb.dll,Getplomb,685056,legacy-dll,Legacy plugin vagy shared library,
Anti\SZERVER\_extracted\VALUTA\DLL\GETPTAR\DEBUG\Project1.exe,SZERVER,extracted,.exe,Project1.exe,Project1,944128,legacy-dll,Legacy plugin vagy shared library,
Anti\SZERVER\_extracted\VALUTA\DLL\GETPTAR\MAKEDLL\GetPTar.dll,SZERVER,extracted,.dll,GetPTar.dll,GetPTar,940544,legacy-dll,Legacy plugin vagy shared library,
Anti\SZERVER\_extracted\VALUTA\DLL\GETSTATUS\DEBUG\Project1.exe,SZERVER,extracted,.exe,Project1.exe,Project1,837632,legacy-dll,Legacy plugin vagy shared library,
Anti\SZERVER\_extracted\VALUTA\DLL\GETSTATUS\EXEPROBA\Project1.exe,SZERVER,extracted,.exe,Project1.exe,Project1,394240,legacy-dll,Legacy plugin vagy shared library,
Anti\SZERVER\_extracted\VALUTA\DLL\GETSTATUS\MAKEDLL\GETSTAT.dll,SZERVER,extracted,.dll,GETSTAT.dll,GETSTAT,834560,legacy-dll,Legacy plugin vagy shared library,
Anti\SZERVER\_extracted\VALUTA\DLL\GETWCEG\DEBUG\Project1.exe,SZERVER,extracted,.exe,Project1.exe,Project1,959488,legacy-dll,Legacy plugin vagy shared library,
Anti\SZERVER\_extracted\VALUTA\DLL\GETWCEG\MAKEDLL\Getwceg.dll,SZERVER,extracted,.dll,Getwceg.dll,Getwceg,956928,legacy-dll,Legacy plugin vagy shared library,
Anti\SZERVER\_extracted\VALUTA\DLL\GETWUGYF\MAKEDLL\Getwugyf.dll,SZERVER,extracted,.dll,Getwugyf.dll,Getwugyf,967680,legacy-dll,Legacy plugin vagy shared library,
Anti\SZERVER\_extracted\VALUTA\DLL\GONGBACK\DEBUG\Project1.exe,SZERVER,extracted,.exe,Project1.exe,Project1,654848,legacy-dll,Legacy plugin vagy shared library,
Anti\SZERVER\_extracted\VALUTA\DLL\GONGBACK\MAKEDLL\GongBack.dll,SZERVER,extracted,.dll,GongBack.dll,GongBack,648192,legacy-dll,Legacy plugin vagy shared library,
Anti\SZERVER\_extracted\VALUTA\DLL\HAVIZAR\DEBUG\Project1.exe,SZERVER,extracted,.exe,Project1.exe,Project1,778752,closing,Havi zaras workflow,
Anti\SZERVER\_extracted\VALUTA\DLL\HAVIZAR\MAKEDLL\Havizar.dll,SZERVER,extracted,.dll,Havizar.dll,Havizar,776704,closing,Havi zaras workflow,
Anti\SZERVER\_extracted\VALUTA\DLL\HRKATADO\DEBUG\Project1.exe,SZERVER,extracted,.exe,Project1.exe,Project1,1043968,legacy-dll,Legacy plugin vagy shared library,
Anti\SZERVER\_extracted\VALUTA\DLL\HRKATADO\MAKEDLL\Hrksend.dll,SZERVER,extracted,.dll,Hrksend.dll,Hrksend,1042432,legacy-dll,Legacy plugin vagy shared library,
Anti\SZERVER\_extracted\VALUTA\DLL\HRKZARO\DEBUG\Project1.exe,SZERVER,extracted,.exe,Project1.exe,Project1,6190592,legacy-dll,Legacy plugin vagy shared library,
Anti\SZERVER\_extracted\VALUTA\DLL\HRKZARO\MAKEDLL\hrkzaro.dll,SZERVER,extracted,.dll,hrkzaro.dll,hrkzaro,6188032,legacy-dll,Legacy plugin vagy shared library,
Anti\SZERVER\_extracted\VALUTA\DLL\IDOSZAK\DEBUG\Project1.exe,SZERVER,extracted,.exe,Project1.exe,Project1,711680,legacy-dll,Legacy plugin vagy shared library,
Anti\SZERVER\_extracted\VALUTA\DLL\IDOSZAK\MAKEDLL\Idoszak.dll,SZERVER,extracted,.dll,Idoszak.dll,Idoszak,695296,legacy-dll,Legacy plugin vagy shared library,
Anti\SZERVER\_extracted\VALUTA\DLL\KCIMLET\DEBUG\Project1.exe,SZERVER,extracted,.exe,Project1.exe,Project1,800768,denomination,Cimletkezeles es denomination workflow,
Anti\SZERVER\_extracted\VALUTA\DLL\KCIMLET\EXEPROBA\Project1.exe,SZERVER,extracted,.exe,Project1.exe,Project1,423424,denomination,Cimletkezeles es denomination workflow,
Anti\SZERVER\_extracted\VALUTA\DLL\KCIMLET\MAKEDLL\Kcimlet.dll,SZERVER,extracted,.dll,Kcimlet.dll,Kcimlet,794624,denomination,Cimletkezeles es denomination workflow,
Anti\SZERVER\_extracted\VALUTA\DLL\KELLCIM\DEBUG\Project1.exe,SZERVER,extracted,.exe,Project1.exe,Project1,420352,legacy-dll,Legacy plugin vagy shared library,
Anti\SZERVER\_extracted\VALUTA\DLL\KELLCIM\MAKEDLL\KELLCIM.dll,SZERVER,extracted,.dll,KELLCIM.dll,KELLCIM,418304,legacy-dll,Legacy plugin vagy shared library,
Anti\SZERVER\_extracted\VALUTA\DLL\KESZEDIT\DEBUG\Project1.exe,SZERVER,extracted,.exe,Project1.exe,Project1,924672,legacy-dll,Legacy plugin vagy shared library,
Anti\SZERVER\_extracted\VALUTA\DLL\KESZEDIT\MAKEDLL\Keszedit.dll,SZERVER,extracted,.dll,Keszedit.dll,Keszedit,921600,legacy-dll,Legacy plugin vagy shared library,
Anti\SZERVER\_extracted\VALUTA\DLL\KESZUP\DEBUG\Project1.exe,SZERVER,extracted,.exe,Project1.exe,Project1,685056,legacy-dll,Legacy plugin vagy shared library,
Anti\SZERVER\_extracted\VALUTA\DLL\KESZUP\EXEPROBA\Project1.exe,SZERVER,extracted,.exe,Project1.exe,Project1,396800,legacy-dll,Legacy plugin vagy shared library,
Anti\SZERVER\_extracted\VALUTA\DLL\KESZUP\MAKEDLL\KESZUP.dll,SZERVER,extracted,.dll,KESZUP.dll,KESZUP,679424,legacy-dll,Legacy plugin vagy shared library,
Anti\SZERVER\_extracted\VALUTA\DLL\KEZDEKAD\DEBUG\Project1.exe,SZERVER,extracted,.exe,Project1.exe,Project1,757248,legacy-dll,Legacy plugin vagy shared library,
Anti\SZERVER\_extracted\VALUTA\DLL\KEZDEKAD\EXEPROBA\Project1.exe,SZERVER,extracted,.exe,Project1.exe,Project1,416768,legacy-dll,Legacy plugin vagy shared library,
Anti\SZERVER\_extracted\VALUTA\DLL\KEZDEKAD\MAKEDLL\kezdek.dll,SZERVER,extracted,.dll,kezdek.dll,kezdek,754688,legacy-dll,Legacy plugin vagy shared library,
Anti\SZERVER\_extracted\VALUTA\DLL\KEZDIJ\DEBUG\Project1.exe,SZERVER,extracted,.exe,Project1.exe,Project1,1082880,legacy-dll,Legacy plugin vagy shared library,
Anti\SZERVER\_extracted\VALUTA\DLL\KEZDIJ\MAKEDLL\KEZDIJ.dll,SZERVER,extracted,.dll,KEZDIJ.dll,KEZDIJ,1080320,legacy-dll,Legacy plugin vagy shared library,
Anti\SZERVER\_extracted\VALUTA\DLL\KEZDKEDV\DEBUG\Project1.exe,SZERVER,extracted,.exe,Project1.exe,Project1,707584,legacy-dll,Legacy plugin vagy shared library,
Anti\SZERVER\_extracted\VALUTA\DLL\KEZDKEDV\MAKEDLL\KEZDKEDV.dll,SZERVER,extracted,.dll,KEZDKEDV.dll,KEZDKEDV,705024,legacy-dll,Legacy plugin vagy shared library,
Anti\SZERVER\_extracted\VALUTA\DLL\KISARFVALT\DEBUG\Project1.exe,SZERVER,extracted,.exe,Project1.exe,Project1,768512,legacy-dll,Legacy plugin vagy shared library,
Anti\SZERVER\_extracted\VALUTA\DLL\KISARFVALT\MAKEDLL\Kisarfvalt.dll,SZERVER,extracted,.dll,Kisarfvalt.dll,Kisarfvalt,765440,legacy-dll,Legacy plugin vagy shared library,
Anti\SZERVER\_extracted\VALUTA\DLL\KISCIMLET\DEBUG\Project1.exe,SZERVER,extracted,.exe,Project1.exe,Project1,866304,denomination,Cimletkezeles es denomination workflow,
Anti\SZERVER\_extracted\VALUTA\DLL\KISCIMLET\MAKEDLL\Kiscim.dll,SZERVER,extracted,.dll,Kiscim.dll,Kiscim,863232,denomination,Cimletkezeles es denomination workflow,
Anti\SZERVER\_extracted\VALUTA\DLL\KISUGYFEL\DEBUG\Project1.exe,SZERVER,extracted,.exe,Project1.exe,Project1,846336,customer-aml,Ugyfelkezeles es AML,
Anti\SZERVER\_extracted\VALUTA\DLL\KISUGYFEL\MAKEDLL\KISUGYFEL.dll,SZERVER,extracted,.dll,KISUGYFEL.dll,KISUGYFEL,844288,customer-aml,Ugyfelkezeles es AML,
Anti\SZERVER\_extracted\VALUTA\DLL\KORLEV\DEBUG\Project1.exe,SZERVER,extracted,.exe,Project1.exe,Project1,845824,legacy-dll,Legacy plugin vagy shared library,
Anti\SZERVER\_extracted\VALUTA\DLL\KORLEV\MAKEDLL\korlev.dll,SZERVER,extracted,.dll,korlev.dll,korlev,843776,legacy-dll,Legacy plugin vagy shared library,
Anti\SZERVER\_extracted\VALUTA\DLL\KORLEV\NEWYEAR\NEWYEAR\DEBUG\Project1.exe,SZERVER,extracted,.exe,Project1.exe,Project1,700416,year-opening,Evnyito folyamat,
Anti\SZERVER\_extracted\VALUTA\DLL\KORLEV\NEWYEAR\NEWYEAR\MAKEDLL\NEWYEAR.dll,SZERVER,extracted,.dll,NEWYEAR.dll,NEWYEAR,694784,year-opening,Evnyito folyamat,
Anti\SZERVER\_extracted\VALUTA\DLL\KORLEV\NEWYEAR\SERVER\Project1.exe,SZERVER,extracted,.exe,Project1.exe,Project1,710144,year-opening,Evnyito folyamat,
Anti\SZERVER\_extracted\VALUTA\DLL\LISTAK\DEBUG\Project1.exe,SZERVER,extracted,.exe,Project1.exe,Project1,1191424,legacy-dll,Legacy plugin vagy shared library,
Anti\SZERVER\_extracted\VALUTA\DLL\LISTAK\MAKEDLL\Listak.dll,SZERVER,extracted,.dll,Listak.dll,Listak,1189376,legacy-dll,Legacy plugin vagy shared library,
Anti\SZERVER\_extracted\VALUTA\DLL\LOGDISP\DEBUG\Project1.exe,SZERVER,extracted,.exe,Project1.exe,Project1,506880,legacy-dll,Legacy plugin vagy shared library,
Anti\SZERVER\_extracted\VALUTA\DLL\LOGDISP\MAKEDLL\Logdisp.dll,SZERVER,extracted,.dll,Logdisp.dll,Logdisp,486912,legacy-dll,Legacy plugin vagy shared library,
Anti\SZERVER\_extracted\VALUTA\DLL\LOGIRO\EXEPROBA\Project1.exe,SZERVER,extracted,.exe,Project1.exe,Project1,412672,legacy-dll,Legacy plugin vagy shared library,
Anti\SZERVER\_extracted\VALUTA\DLL\LOGIRO\MAKEDLL\Logiro.dll,SZERVER,extracted,.dll,Logiro.dll,Logiro,372736,legacy-dll,Legacy plugin vagy shared library,
Anti\SZERVER\_extracted\VALUTA\DLL\MAIFORG\MAKEDLL\Maiforg.dll,SZERVER,extracted,.dll,Maiforg.dll,Maiforg,959488,legacy-dll,Legacy plugin vagy shared library,
Anti\SZERVER\_extracted\VALUTA\DLL\MAKTABLAK\DEBUG\Project1.exe,SZERVER,extracted,.exe,Project1.exe,Project1,705024,legacy-dll,Legacy plugin vagy shared library,
Anti\SZERVER\_extracted\VALUTA\DLL\MAKTABLAK\MAKEDLL\MAKTABLA.dll,SZERVER,extracted,.dll,MAKTABLA.dll,MAKTABLA,702464,legacy-dll,Legacy plugin vagy shared library,
Anti\SZERVER\_extracted\VALUTA\DLL\MATPTAR\DEBUG\Project1.exe,SZERVER,extracted,.exe,Project1.exe,Project1,981504,legacy-dll,Legacy plugin vagy shared library,
Anti\SZERVER\_extracted\VALUTA\DLL\MATPTAR\MAKEDLL\Matptar.dll,SZERVER,extracted,.dll,Matptar.dll,Matptar,979456,legacy-dll,Legacy plugin vagy shared library,
Anti\SZERVER\_extracted\VALUTA\DLL\MATREGEN\DEBUG\Project1.exe,SZERVER,extracted,.exe,Project1.exe,Project1,702464,legacy-dll,Legacy plugin vagy shared library,
Anti\SZERVER\_extracted\VALUTA\DLL\MATREGEN\EXEPROBA\Project1.exe,SZERVER,extracted,.exe,Project1.exe,Project1,411648,legacy-dll,Legacy plugin vagy shared library,
Anti\SZERVER\_extracted\VALUTA\DLL\MATREGEN\MAKEDLL\Matregen.dll,SZERVER,extracted,.dll,Matregen.dll,Matregen,699904,legacy-dll,Legacy plugin vagy shared library,
Anti\SZERVER\_extracted\VALUTA\DLL\MENTES\DEBUG\Project1.exe,SZERVER,extracted,.exe,Project1.exe,Project1,664576,legacy-dll,Legacy plugin vagy shared library,
Anti\SZERVER\_extracted\VALUTA\DLL\MENTES\EXEPROBA\Project1.exe,SZERVER,extracted,.exe,Project1.exe,Project1,389120,legacy-dll,Legacy plugin vagy shared library,
Anti\SZERVER\_extracted\VALUTA\DLL\MENTES\MAKEDLL\MENTES.dll,SZERVER,extracted,.dll,MENTES.dll,MENTES,657920,legacy-dll,Legacy plugin vagy shared library,
Anti\SZERVER\_extracted\VALUTA\DLL\METRO\DEBUG\Project1.exe,SZERVER,extracted,.exe,Project1.exe,Project1,1052160,legacy-dll,Legacy plugin vagy shared library,
Anti\SZERVER\_extracted\VALUTA\DLL\METRO\MAKEDLL\Metro.dll,SZERVER,extracted,.dll,Metro.dll,Metro,1049600,legacy-dll,Legacy plugin vagy shared library,
Anti\SZERVER\_extracted\VALUTA\DLL\NAPIFORG\DEBUG\Project1.exe,SZERVER,extracted,.exe,Project1.exe,Project1,973824,legacy-dll,Legacy plugin vagy shared library,
Anti\SZERVER\_extracted\VALUTA\DLL\NAPIFORG\MAKEDLL\Napiforg.dll,SZERVER,extracted,.dll,Napiforg.dll,Napiforg,971264,legacy-dll,Legacy plugin vagy shared library,
Anti\SZERVER\_extracted\VALUTA\DLL\NAPIJEL\DEBUG\PROJECT1.EXE,SZERVER,extracted,.exe,PROJECT1.EXE,PROJECT1,915456,legacy-dll,Legacy plugin vagy shared library,
Anti\SZERVER\_extracted\VALUTA\DLL\NAPIJEL\MAKEDLL\NAPIJEL.dll,SZERVER,extracted,.dll,NAPIJEL.dll,NAPIJEL,912896,legacy-dll,Legacy plugin vagy shared library,
Anti\SZERVER\_extracted\VALUTA\DLL\NAPIKEZD\DEBUG\Project1.exe,SZERVER,extracted,.exe,Project1.exe,Project1,898048,legacy-dll,Legacy plugin vagy shared library,
Anti\SZERVER\_extracted\VALUTA\DLL\NAPIKEZD\EXEPROBA\Project1.exe,SZERVER,extracted,.exe,Project1.exe,Project1,416768,legacy-dll,Legacy plugin vagy shared library,
Anti\SZERVER\_extracted\VALUTA\DLL\NAPIKEZD\MAKEDLL\napikezd.dll,SZERVER,extracted,.dll,napikezd.dll,napikezd,894976,legacy-dll,Legacy plugin vagy shared library,
Anti\SZERVER\_extracted\VALUTA\DLL\NAPKONYV\DEBUG\Project1.exe,SZERVER,extracted,.exe,Project1.exe,Project1,904704,legacy-dll,Legacy plugin vagy shared library,
Anti\SZERVER\_extracted\VALUTA\DLL\NAPKONYV\EXEPROBA\Project1.exe,SZERVER,extracted,.exe,Project1.exe,Project1,416768,legacy-dll,Legacy plugin vagy shared library,
Anti\SZERVER\_extracted\VALUTA\DLL\NAPKONYV\MAKEDLL\napkonyv.dll,SZERVER,extracted,.dll,napkonyv.dll,napkonyv,902144,legacy-dll,Legacy plugin vagy shared library,
Anti\SZERVER\_extracted\VALUTA\DLL\NAPZAR\DEBUG\Project1.exe,SZERVER,extracted,.exe,Project1.exe,Project1,834048,closing,Napzaras vagy closing workflow,
Anti\SZERVER\_extracted\VALUTA\DLL\NAPZAR\MAKEDLL\Napzar.dll,SZERVER,extracted,.dll,Napzar.dll,Napzar,831488,closing,Napzaras vagy closing workflow,
Anti\SZERVER\_extracted\VALUTA\DLL\NAVZARO\DEBUG\Project1.exe,SZERVER,extracted,.exe,Project1.exe,Project1,724992,legacy-dll,Legacy plugin vagy shared library,
Anti\SZERVER\_extracted\VALUTA\DLL\NAVZARO\MAKEDLL\Navzaro.dll,SZERVER,extracted,.dll,Navzaro.dll,Navzaro,722432,legacy-dll,Legacy plugin vagy shared library,
Anti\SZERVER\_extracted\VALUTA\DLL\NZNYOMT\DEBUG\Project1.exe,SZERVER,extracted,.exe,Project1.exe,Project1,859136,legacy-dll,Legacy plugin vagy shared library,
Anti\SZERVER\_extracted\VALUTA\DLL\NZNYOMT\MAKEDLL\NzNyomt.dll,SZERVER,extracted,.dll,NzNyomt.dll,NzNyomt,857088,legacy-dll,Legacy plugin vagy shared library,
Anti\SZERVER\_extracted\VALUTA\DLL\OTHERTSK\DEBUG\Project1.exe,SZERVER,extracted,.exe,Project1.exe,Project1,1351168,legacy-dll,Legacy plugin vagy shared library,
Anti\SZERVER\_extracted\VALUTA\DLL\OTHERTSK\MAKEDLL\Othertsk.dll,SZERVER,extracted,.dll,Othertsk.dll,Othertsk,1348608,legacy-dll,Legacy plugin vagy shared library,
Anti\SZERVER\_extracted\VALUTA\DLL\OTP\DEBUG\Project1.exe,SZERVER,extracted,.exe,Project1.exe,Project1,2591232,legacy-dll,Legacy plugin vagy shared library,
Anti\SZERVER\_extracted\VALUTA\DLL\OTP\MAKEDLL\otp.dll,SZERVER,extracted,.dll,otp.dll,otp,2583040,legacy-dll,Legacy plugin vagy shared library,
Anti\SZERVER\_extracted\VALUTA\DLL\OTPLOG\DEBUG\Project1.exe,SZERVER,extracted,.exe,Project1.exe,Project1,758784,legacy-dll,Legacy plugin vagy shared library,
Anti\SZERVER\_extracted\VALUTA\DLL\OTPLOG\MAKEDLL\otplog.dll,SZERVER,extracted,.dll,otplog.dll,otplog,756736,legacy-dll,Legacy plugin vagy shared library,
Anti\SZERVER\_extracted\VALUTA\DLL\PAUSDISP\DEBUG\Project1.exe,SZERVER,extracted,.exe,Project1.exe,Project1,707584,legacy-dll,Legacy plugin vagy shared library,
Anti\SZERVER\_extracted\VALUTA\DLL\PAUSDISP\MAKEDDLL\PausDisp.dll,SZERVER,extracted,.dll,PausDisp.dll,PausDisp,705024,legacy-dll,Legacy plugin vagy shared library,
Anti\SZERVER\_extracted\VALUTA\DLL\PILLALL\DEBUG\Project1.exe,SZERVER,extracted,.exe,Project1.exe,Project1,839680,cash-stock,Pillanatnyi penztarallas,
Anti\SZERVER\_extracted\VALUTA\DLL\PILLALL\MAKEDLL\PILLALL.dll,SZERVER,extracted,.dll,PILLALL.dll,PILLALL,836608,cash-stock,Pillanatnyi penztarallas,
Anti\SZERVER\_extracted\VALUTA\DLL\PILLKESZ\DEBUG\Project1.exe,SZERVER,extracted,.exe,Project1.exe,Project1,1154560,legacy-dll,Legacy plugin vagy shared library,
Anti\SZERVER\_extracted\VALUTA\DLL\PILLKESZ\EXEPROBA\Project1.exe,SZERVER,extracted,.exe,Project1.exe,Project1,389120,legacy-dll,Legacy plugin vagy shared library,
Anti\SZERVER\_extracted\VALUTA\DLL\PILLKESZ\GRAFIKON\Project1.exe,SZERVER,extracted,.exe,Project1.exe,Project1,865792,legacy-dll,Legacy plugin vagy shared library,
Anti\SZERVER\_extracted\VALUTA\DLL\PILLKESZ\MAKEDLL\PILLKESZ.dll,SZERVER,extracted,.dll,PILLKESZ.dll,PILLKESZ,1152512,legacy-dll,Legacy plugin vagy shared library,
Anti\SZERVER\_extracted\VALUTA\DLL\PROCEND\DEBUG\Project1.exe,SZERVER,extracted,.exe,Project1.exe,Project1,563712,legacy-dll,Legacy plugin vagy shared library,
Anti\SZERVER\_extracted\VALUTA\DLL\PROCEND\MAKEDLL\Procend.dll,SZERVER,extracted,.dll,Procend.dll,Procend,557056,legacy-dll,Legacy plugin vagy shared library,
Anti\SZERVER\_extracted\VALUTA\DLL\PROSBE\DEBUG\Project1.exe,SZERVER,extracted,.exe,Project1.exe,Project1,1053184,auth-cashier,Penztaros beleptetes,
Anti\SZERVER\_extracted\VALUTA\DLL\PROSBE\EXEPROBA\Project1.exe,SZERVER,extracted,.exe,Project1.exe,Project1,394240,auth-cashier,Penztaros beleptetes,
Anti\SZERVER\_extracted\VALUTA\DLL\PROSBE\MAKEDLL\Prosbe.dll,SZERVER,extracted,.dll,Prosbe.dll,Prosbe,1050624,auth-cashier,Penztaros beleptetes,
Anti\SZERVER\_extracted\VALUTA\DLL\PROSKI\DEBUG\Project1.exe,SZERVER,extracted,.exe,Project1.exe,Project1,653824,auth-cashier,Penztaros kileptetes,
Anti\SZERVER\_extracted\VALUTA\DLL\PROSKI\exeproba\Project1.exe,SZERVER,extracted,.exe,Project1.exe,Project1,394240,auth-cashier,Penztaros kileptetes,
Anti\SZERVER\_extracted\VALUTA\DLL\PROSKI\MAKEDLL\Proski.dll,SZERVER,extracted,.dll,Proski.dll,Proski,647168,auth-cashier,Penztaros kileptetes,
Anti\SZERVER\_extracted\VALUTA\DLL\PROSTMK\DEBUG\Project1.exe,SZERVER,extracted,.exe,Project1.exe,Project1,954880,auth-cashier,Penztaros es jelszo karbantartas,
Anti\SZERVER\_extracted\VALUTA\DLL\PROSTMK\MAKEDLL\Prostmk.dll,SZERVER,extracted,.dll,Prostmk.dll,Prostmk,952320,auth-cashier,Penztaros es jelszo karbantartas,
Anti\SZERVER\_extracted\VALUTA\DLL\PTARKESZ\DEBUG\Project1.exe,SZERVER,extracted,.exe,Project1.exe,Project1,681472,legacy-dll,Legacy plugin vagy shared library,
Anti\SZERVER\_extracted\VALUTA\DLL\PTARKESZ\EXEPROBA\Project1.exe,SZERVER,extracted,.exe,Project1.exe,Project1,389120,legacy-dll,Legacy plugin vagy shared library,
Anti\SZERVER\_extracted\VALUTA\DLL\PTARKESZ\MAKEDLL\AKTKESZ.dll,SZERVER,extracted,.dll,AKTKESZ.dll,AKTKESZ,678400,legacy-dll,Legacy plugin vagy shared library,
Anti\SZERVER\_extracted\VALUTA\DLL\PTARTMK\DEBUG\Project1.exe,SZERVER,extracted,.exe,Project1.exe,Project1,945152,legacy-dll,Legacy plugin vagy shared library,
Anti\SZERVER\_extracted\VALUTA\DLL\PTARTMK\MAKEDLL\ptartmk.dll,SZERVER,extracted,.dll,ptartmk.dll,ptartmk,942592,legacy-dll,Legacy plugin vagy shared library,
Anti\SZERVER\_extracted\VALUTA\DLL\QRDEPUTY\DEBUG\Project1.exe,SZERVER,extracted,.exe,Project1.exe,Project1,719360,legacy-dll,Legacy plugin vagy shared library,
Anti\SZERVER\_extracted\VALUTA\DLL\QRDEPUTY\MAKEDLL\QRGENER.dll,SZERVER,extracted,.dll,QRGENER.dll,QRGENER,717312,display,QR generalas vagy kijelzes,
Anti\SZERVER\_extracted\VALUTA\DLL\QRDEPUTY\MINTA\Project1.exe,SZERVER,extracted,.exe,Project1.exe,Project1,466432,legacy-dll,Legacy plugin vagy shared library,
Anti\SZERVER\_extracted\VALUTA\DLL\QRDEPUTY\NAVMODI.EXE,SZERVER,extracted,.exe,NAVMODI.EXE,NAVMODI,686592,legacy-dll,Legacy plugin vagy shared library,
Anti\SZERVER\_extracted\VALUTA\DLL\QRDEPUTY\ZAROTEST\NAVTEST.EXE,SZERVER,extracted,.exe,NAVTEST.EXE,NAVTEST,696832,legacy-dll,Legacy plugin vagy shared library,
Anti\SZERVER\_extracted\VALUTA\DLL\QRDEPUTY\ZAROTEST\Project1.exe,SZERVER,extracted,.exe,Project1.exe,Project1,696832,legacy-dll,Legacy plugin vagy shared library,
Anti\SZERVER\_extracted\VALUTA\DLL\QRGENER\DEBUG\Project1.exe,SZERVER,extracted,.exe,Project1.exe,Project1,731648,display,QR generalas vagy kijelzes,
Anti\SZERVER\_extracted\VALUTA\DLL\QRGENER\MAKEDLL\QRGENER.dll,SZERVER,extracted,.dll,QRGENER.dll,QRGENER,729600,display,QR generalas vagy kijelzes,
Anti\SZERVER\_extracted\VALUTA\DLL\QRGENER\MINTA\Project1.exe,SZERVER,extracted,.exe,Project1.exe,Project1,466432,display,QR generalas vagy kijelzes,
Anti\SZERVER\_extracted\VALUTA\DLL\QUITFORM\DEBUG\Project1.exe,SZERVER,extracted,.exe,Project1.exe,Project1,815616,legacy-dll,Legacy plugin vagy shared library,
Anti\SZERVER\_extracted\VALUTA\DLL\QUITFORM\MAKEDLL\QUITFORM.dll,SZERVER,extracted,.dll,QUITFORM.dll,QUITFORM,813056,legacy-dll,Legacy plugin vagy shared library,
Anti\SZERVER\_extracted\VALUTA\DLL\REGEN\DEBUG\Project1.exe,SZERVER,extracted,.exe,Project1.exe,Project1,715776,legacy-dll,Legacy plugin vagy shared library,
Anti\SZERVER\_extracted\VALUTA\DLL\REGEN\MAKEDLL\REGEN.dll,SZERVER,extracted,.dll,REGEN.dll,REGEN,719360,legacy-dll,Legacy plugin vagy shared library,
Anti\SZERVER\_extracted\VALUTA\DLL\REGIZARO\DEBUG\Project1.exe,SZERVER,extracted,.exe,Project1.exe,Project1,808448,legacy-dll,Legacy plugin vagy shared library,
Anti\SZERVER\_extracted\VALUTA\DLL\REGIZARO\MAKEDLL\REGIZARO.dll,SZERVER,extracted,.dll,REGIZARO.dll,REGIZARO,805888,legacy-dll,Legacy plugin vagy shared library,
Anti\SZERVER\_extracted\VALUTA\DLL\SCANNING\DEBUG\Project1.exe,SZERVER,extracted,.exe,Project1.exe,Project1,694272,legacy-dll,Legacy plugin vagy shared library,
Anti\SZERVER\_extracted\VALUTA\DLL\SCANNING\EXEPROBA\scannimg.exe,SZERVER,extracted,.exe,scannimg.exe,scannimg,694272,legacy-dll,Legacy plugin vagy shared library,
Anti\SZERVER\_extracted\VALUTA\DLL\SCANNING\MAKEDLL\SCANNING.dll,SZERVER,extracted,.dll,SCANNING.dll,SCANNING,691712,legacy-dll,Legacy plugin vagy shared library,
Anti\SZERVER\_extracted\VALUTA\DLL\SENDOKMANY\DEBUG\Project1.exe,SZERVER,extracted,.exe,Project1.exe,Project1,673792,legacy-dll,Legacy plugin vagy shared library,
Anti\SZERVER\_extracted\VALUTA\DLL\SENDOKMANY\MAKEDLL\SENDOKMANY.dll,SZERVER,extracted,.dll,SENDOKMANY.dll,SENDOKMANY,666624,legacy-dll,Legacy plugin vagy shared library,
Anti\SZERVER\_extracted\VALUTA\DLL\SETRATE\DEBUG\Project1.exe,SZERVER,extracted,.exe,Project1.exe,Project1,678400,legacy-dll,Legacy plugin vagy shared library,
Anti\SZERVER\_extracted\VALUTA\DLL\SETRATE\MAKEDLL\Setrate.dll,SZERVER,extracted,.dll,Setrate.dll,Setrate,675328,legacy-dll,Legacy plugin vagy shared library,
Anti\SZERVER\_extracted\VALUTA\DLL\STORNO\DEBUG\Project1.exe,SZERVER,extracted,.exe,Project1.exe,Project1,879104,storno,Sztorno tranzakcio vagy visszavonas,
Anti\SZERVER\_extracted\VALUTA\DLL\STORNO\MAKEDLL\Storno.dll,SZERVER,extracted,.dll,Storno.dll,Storno,877568,storno,Sztorno tranzakcio vagy visszavonas,
Anti\SZERVER\_extracted\VALUTA\DLL\SUPER\DEBUG\Project1.exe,SZERVER,extracted,.exe,Project1.exe,Project1,428032,supervisor,Supervisor jogosultsag vagy felulbiraslat,
Anti\SZERVER\_extracted\VALUTA\DLL\SUPER\EXEPROBA\Project1.exe,SZERVER,extracted,.exe,Project1.exe,Project1,409600,supervisor,Supervisor jogosultsag vagy felulbiraslat,
Anti\SZERVER\_extracted\VALUTA\DLL\SUPER\EXEPROBA\SUPER.dll,SZERVER,extracted,.dll,SUPER.dll,SUPER,425472,supervisor,Supervisor jogosultsag vagy felulbiraslat,
Anti\SZERVER\_extracted\VALUTA\DLL\SUPER\MAKEDLL\super.dll,SZERVER,extracted,.dll,super.dll,super,425472,supervisor,Supervisor jogosultsag vagy felulbiraslat,
Anti\SZERVER\_extracted\VALUTA\DLL\SUPERTSK\DEBUG\Project1.exe,SZERVER,extracted,.exe,Project1.exe,Project1,958464,supervisor,Supervisor jogosultsag vagy felulbiraslat,
Anti\SZERVER\_extracted\VALUTA\DLL\SUPERTSK\MAKEDLL\SUPERTSK.dll,SZERVER,extracted,.dll,SUPERTSK.dll,SUPERTSK,956416,supervisor,Supervisor jogosultsag vagy felulbiraslat,
Anti\SZERVER\_extracted\VALUTA\DLL\TEAOR\DEBUG\Project1.exe,SZERVER,extracted,.exe,Project1.exe,Project1,831488,legacy-dll,Legacy plugin vagy shared library,
Anti\SZERVER\_extracted\VALUTA\DLL\TEAOR\MAKEDLL\teaorsel.dll,SZERVER,extracted,.dll,teaorsel.dll,teaorsel,828416,legacy-dll,Legacy plugin vagy shared library,
Anti\SZERVER\_extracted\VALUTA\DLL\TERMINAL\DEBUG\Project1.exe,SZERVER,extracted,.exe,Project1.exe,Project1,784896,terminal,Terminal vagy peripheral integration,
Anti\SZERVER\_extracted\VALUTA\DLL\TERMINAL\MAKEDLL\Terminal.dll,SZERVER,extracted,.dll,Terminal.dll,Terminal,781824,terminal,Terminal vagy peripheral integration,
Anti\SZERVER\_extracted\VALUTA\DLL\TERROR\DEBUG\Project1.exe,SZERVER,extracted,.exe,Project1.exe,Project1,688128,aml-sanctions,Szankcios vagy terrorlista ellenorzes,
Anti\SZERVER\_extracted\VALUTA\DLL\TERROR\MAKEDLL\terrlist.dll,SZERVER,extracted,.dll,terrlist.dll,terrlist,684032,aml-sanctions,Szankcios vagy terrorlista ellenorzes,
Anti\SZERVER\_extracted\VALUTA\DLL\TESCO\DEBUG\Project1.exe,SZERVER,extracted,.exe,Project1.exe,Project1,1825792,legacy-dll,Legacy plugin vagy shared library,
Anti\SZERVER\_extracted\VALUTA\DLL\TESCO\MAKEDLL\Tesco.dll,SZERVER,extracted,.dll,Tesco.dll,Tesco,1823744,legacy-dll,Legacy plugin vagy shared library,
Anti\SZERVER\_extracted\VALUTA\DLL\UGYFEL\DEBUG\Project1.exe,SZERVER,extracted,.exe,Project1.exe,Project1,1306624,customer-aml,Ugyfelkezeles es AML,
Anti\SZERVER\_extracted\VALUTA\DLL\UGYFEL\MAKEDLL\Ugyfel.dll,SZERVER,extracted,.dll,Ugyfel.dll,Ugyfel,1304064,customer-aml,Ugyfelkezeles es AML,
Anti\SZERVER\_extracted\VALUTA\DLL\UGYFELTMK\DEBUG\Project1.exe,SZERVER,extracted,.exe,Project1.exe,Project1,859648,customer-aml,Ugyfelkezeles es AML,
Anti\SZERVER\_extracted\VALUTA\DLL\UGYFELTMK\MAKEDLL\UGYFTMK.dll,SZERVER,extracted,.dll,UGYFTMK.dll,UGYFTMK,856576,customer-aml,Ugyfelkezeles es AML,
Anti\SZERVER\_extracted\VALUTA\DLL\UGYFELTMK\WUNION\EXEPROBA\Project1.exe,SZERVER,extracted,.exe,Project1.exe,Project1,411648,western-union,Western Union integracio,
Anti\SZERVER\_extracted\VALUTA\DLL\UGYFELTMK\WUNION\MAKEDLL\Wunion.dll,SZERVER,extracted,.dll,Wunion.dll,Wunion,1318912,western-union,Western Union integracio,
Anti\SZERVER\_extracted\VALUTA\DLL\UJSCANNER\DEBUG\Project1.exe,SZERVER,extracted,.exe,Project1.exe,Project1,863232,legacy-dll,Legacy plugin vagy shared library,
Anti\SZERVER\_extracted\VALUTA\DLL\UJSCANNER\MAKEDLL\scanner.dll,SZERVER,extracted,.dll,scanner.dll,scanner,860672,legacy-dll,Legacy plugin vagy shared library,
Anti\SZERVER\_extracted\VALUTA\DLL\VASARLAS\DEBUG\Project1.exe,SZERVER,extracted,.exe,Project1.exe,Project1,910848,transaction-buy,Valuta veteli tranzakcio,
Anti\SZERVER\_extracted\VALUTA\DLL\VASARLAS\MAKEDLL\Vasarlas.dll,SZERVER,extracted,.dll,Vasarlas.dll,Vasarlas,908800,transaction-buy,Valuta veteli tranzakcio,
Anti\SZERVER\_extracted\VALUTA\DLL\VERZFRIS\DEBUG\Project1.exe,SZERVER,extracted,.exe,Project1.exe,Project1,788992,legacy-dll,Legacy plugin vagy shared library,
Anti\SZERVER\_extracted\VALUTA\DLL\VERZFRIS\EXPROBA\Project1.exe,SZERVER,extracted,.exe,Project1.exe,Project1,406016,legacy-dll,Legacy plugin vagy shared library,
Anti\SZERVER\_extracted\VALUTA\DLL\VERZFRIS\MAKEDLL\verzfris.dll,SZERVER,extracted,.dll,verzfris.dll,verzfris,781824,legacy-dll,Legacy plugin vagy shared library,
Anti\SZERVER\_extracted\VALUTA\DLL\WUNION\DEBUG\Project1.exe,SZERVER,extracted,.exe,Project1.exe,Project1,1320960,western-union,Western Union integracio,
Anti\SZERVER\_extracted\VALUTA\DLL\WUNION\EXEPROBA\Project1.exe,SZERVER,extracted,.exe,Project1.exe,Project1,411648,western-union,Western Union integracio,
Anti\SZERVER\_extracted\VALUTA\DLL\WUNION\MAKEDLL\Wunion.dll,SZERVER,extracted,.dll,Wunion.dll,Wunion,1318912,western-union,Western Union integracio,
Anti\SZERVER\_extracted\VALUTA\DLL\XTRANZ\DEBUG\Project1.exe,SZERVER,extracted,.exe,Project1.exe,Project1,874496,legacy-dll,Legacy plugin vagy shared library,
Anti\SZERVER\_extracted\VALUTA\DLL\XTRANZ\EXEPROBA\Project1.exe,SZERVER,extracted,.exe,Project1.exe,Project1,389120,legacy-dll,Legacy plugin vagy shared library,
Anti\SZERVER\_extracted\VALUTA\DLL\XTRANZ\MAKEDLL\Xtranz.dll,SZERVER,extracted,.dll,Xtranz.dll,Xtranz,871424,legacy-dll,Legacy plugin vagy shared library,
Anti\SZERVER\_extracted\VALUTA\IBVALTO\IBVALTO.exe,SZERVER,extracted,.exe,IBVALTO.exe,IBVALTO,1361408,cashdesk-shell,Fo valutavalto shell es UI orchestration,
Anti\SZERVER\_extracted\VALUTA\TRADE\fejleszt\alap\coupon.exe,SZERVER,extracted,.exe,coupon.exe,coupon,22928595,trade-module,Kulon trade es kiegeszito kereskedelmi modul,
Anti\SZERVER\_extracted\VALUTA\TRADE\fejleszt\alap\project1.exe,SZERVER,extracted,.exe,project1.exe,project1,787456,trade-module,Kulon trade es kiegeszito kereskedelmi modul,
Anti\SZERVER\_extracted\VALUTA\TRADE\fejleszt\dijak\palyadij.exe,SZERVER,extracted,.exe,palyadij.exe,palyadij,672256,trade-module,Kulon trade es kiegeszito kereskedelmi modul,
Anti\SZERVER\_extracted\VALUTA\TRADE\fejleszt\dijak\project1.exe,SZERVER,extracted,.exe,project1.exe,project1,672256,trade-module,Kulon trade es kiegeszito kereskedelmi modul,
Anti\SZERVER\_extracted\VALUTA\TRADE\fejleszt\libeay32.dll,SZERVER,extracted,.dll,libeay32.dll,libeay32,684032,trade-module,Kulon trade es kiegeszito kereskedelmi modul,
Anti\SZERVER\_extracted\VALUTA\TRADE\fejleszt\msvcr100.dll,SZERVER,extracted,.dll,msvcr100.dll,msvcr100,773968,trade-module,Kulon trade es kiegeszito kereskedelmi modul,
Anti\SZERVER\_extracted\VALUTA\TRADE\fejleszt\ssleay32.dll,SZERVER,extracted,.dll,ssleay32.dll,ssleay32,155648,trade-module,Kulon trade es kiegeszito kereskedelmi modul,
Anti\SZERVER\_extracted\VALUTA\TRADE\fejleszt\trade.exe,SZERVER,extracted,.exe,trade.exe,trade,2325504,trade-module,Kulon trade es kiegeszito kereskedelmi modul,
Anti\SZERVER\_extracted\VALUTA\TRADE\fejleszt\vsinit.dll,SZERVER,extracted,.dll,vsinit.dll,vsinit,75032,trade-module,Kulon trade es kiegeszito kereskedelmi modul,
Anti\SZERVER\_tools\7z2600-x64.exe,SZERVER,original,.exe,7z2600-x64.exe,7z2600-x64,1655627,unclassified,Tovabbi manualis elemzes szukseges,
Anti\SZERVER\_tools\7zip\7-zip.dll,SZERVER,original,.dll,7-zip.dll,7-zip,101888,legacy-dll,Legacy plugin vagy shared library,
Anti\SZERVER\_tools\7zip\7-zip32.dll,SZERVER,original,.dll,7-zip32.dll,7-zip32,67584,legacy-dll,Legacy plugin vagy shared library,
Anti\SZERVER\_tools\7zip\7z.dll,SZERVER,original,.dll,7z.dll,7z,1908736,legacy-dll,Legacy plugin vagy shared library,
Anti\SZERVER\_tools\7zip\7z.exe,SZERVER,original,.exe,7z.exe,7z,575488,unclassified,Tovabbi manualis elemzes szukseges,
Anti\SZERVER\_tools\7zip\7zFM.exe,SZERVER,original,.exe,7zFM.exe,7zFM,999424,unclassified,Tovabbi manualis elemzes szukseges,
Anti\SZERVER\_tools\7zip\7zG.exe,SZERVER,original,.exe,7zG.exe,7zG,722944,unclassified,Tovabbi manualis elemzes szukseges,
Anti\SZERVER\_tools\7zip\Uninstall.exe,SZERVER,original,.exe,Uninstall.exe,Uninstall,17408,unclassified,Tovabbi manualis elemzes szukseges,
Anti\SZERVER\_extracted_auto\ARFOLYAM_unpacked\ARFOLYAM\Arfolyam.exe,SZERVER_EXTRACTED_AUTO,extracted_auto,.exe,Arfolyam.exe,Arfolyam,1170432,rates,Arfolyam kezeles es rates tooling,
Anti\SZERVER\_extracted_auto\camera-20260306T145042Z-1-001_unpacked\camera\camera software install (2017_03_30 19_50_04 UTC).exe,SZERVER_EXTRACTED_AUTO,extracted_auto,.exe,camera software install (2017_03_30 19_50_04 UTC).exe,camera software install (2017_03_30 19_50_04 UTC),3344464,camera,Kameras komponens vagy telepito,Anti\camera*\*.xml / *.jar / setup artifacts
Anti\SZERVER\_extracted_auto\camera-20260306T145042Z-1-001_unpacked\camera\CameraPlayer (2017_03_30 19_50_04 UTC).exe,SZERVER_EXTRACTED_AUTO,extracted_auto,.exe,CameraPlayer (2017_03_30 19_50_04 UTC).exe,CameraPlayer (2017_03_30 19_50_04 UTC),1722368,camera,Kameras komponens vagy telepito,Anti\camera*\*.xml / *.jar / setup artifacts
Anti\SZERVER\_extracted_auto\camera-20260306T145042Z-1-001_unpacked\camera\CameraPlayer.exe,SZERVER_EXTRACTED_AUTO,extracted_auto,.exe,CameraPlayer.exe,CameraPlayer,1722368,camera,Kameras komponens vagy telepito,Anti\camera*\*.xml / *.jar / setup artifacts
Anti\SZERVER\_extracted_auto\camera-20260306T145042Z-1-001_unpacked\camera\Data (2017_03_30 19_50_04 UTC)_unpacked\F1355_CAMERA.exe,SZERVER_EXTRACTED_AUTO,extracted_auto,.exe,F1355_CAMERA.exe,F1355_CAMERA,701440,camera,Kameras komponens vagy telepito,Anti\camera*\*.xml / *.jar / setup artifacts
Anti\SZERVER\_extracted_auto\camera-20260306T145042Z-1-001_unpacked\camera\instmsia (2017_03_30 19_50_04 UTC).exe,SZERVER_EXTRACTED_AUTO,extracted_auto,.exe,instmsia (2017_03_30 19_50_04 UTC).exe,instmsia (2017_03_30 19_50_04 UTC),1513987,camera,Kameras komponens vagy telepito,Anti\camera*\*.xml / *.jar / setup artifacts
Anti\SZERVER\_extracted_auto\camera-20260306T145042Z-1-001_unpacked\camera\InstMsiW (2017_03_30 19_50_04 UTC).exe,SZERVER_EXTRACTED_AUTO,extracted_auto,.exe,InstMsiW (2017_03_30 19_50_04 UTC).exe,InstMsiW (2017_03_30 19_50_04 UTC),1526275,camera,Kameras komponens vagy telepito,Anti\camera*\*.xml / *.jar / setup artifacts
Anti\SZERVER\_extracted_auto\camera-20260306T145042Z-1-001_unpacked\camera\setup (2017_03_30 19_50_04 UTC).exe,SZERVER_EXTRACTED_AUTO,extracted_auto,.exe,setup (2017_03_30 19_50_04 UTC).exe,setup (2017_03_30 19_50_04 UTC),102400,camera,Kameras komponens vagy telepito,Anti\camera*\*.xml / *.jar / setup artifacts
Anti\SZERVER\_extracted_auto\camera2\camera\camera-office\deploy\Camera system installation_unpacked\Camera system installation\Camera MySQL\bin\aria_chk.exe,SZERVER_EXTRACTED_AUTO,extracted_auto,.exe,aria_chk.exe,aria_chk,4012456,camera,Kameras komponens vagy telepito,Anti\camera2\camera\pom.xml
Anti\SZERVER\_extracted_auto\camera2\camera\camera-office\deploy\Camera system installation_unpacked\Camera system installation\Camera MySQL\bin\aria_dump_log.exe,SZERVER_EXTRACTED_AUTO,extracted_auto,.exe,aria_dump_log.exe,aria_dump_log,3570088,camera,Kameras komponens vagy telepito,Anti\camera2\camera\pom.xml
Anti\SZERVER\_extracted_auto\camera2\camera\camera-office\deploy\Camera system installation_unpacked\Camera system installation\Camera MySQL\bin\aria_ftdump.exe,SZERVER_EXTRACTED_AUTO,extracted_auto,.exe,aria_ftdump.exe,aria_ftdump,3801512,camera,Kameras komponens vagy telepito,Anti\camera2\camera\pom.xml
Anti\SZERVER\_extracted_auto\camera2\camera\camera-office\deploy\Camera system installation_unpacked\Camera system installation\Camera MySQL\bin\aria_pack.exe,SZERVER_EXTRACTED_AUTO,extracted_auto,.exe,aria_pack.exe,aria_pack,3848616,camera,Kameras komponens vagy telepito,Anti\camera2\camera\pom.xml
Anti\SZERVER\_extracted_auto\camera2\camera\camera-office\deploy\Camera system installation_unpacked\Camera system installation\Camera MySQL\bin\aria_read_log.exe,SZERVER_EXTRACTED_AUTO,extracted_auto,.exe,aria_read_log.exe,aria_read_log,3989416,camera,Kameras komponens vagy telepito,Anti\camera2\camera\pom.xml
Anti\SZERVER\_extracted_auto\camera2\camera\camera-office\deploy\Camera system installation_unpacked\Camera system installation\Camera MySQL\bin\innochecksum.exe,SZERVER_EXTRACTED_AUTO,extracted_auto,.exe,innochecksum.exe,innochecksum,3468200,camera,Kameras komponens vagy telepito,Anti\camera2\camera\pom.xml
Anti\SZERVER\_extracted_auto\camera2\camera\camera-office\deploy\Camera system installation_unpacked\Camera system installation\Camera MySQL\bin\mariabackup.exe,SZERVER_EXTRACTED_AUTO,extracted_auto,.exe,mariabackup.exe,mariabackup,14981032,camera,Kameras komponens vagy telepito,Anti\camera2\camera\pom.xml
Anti\SZERVER\_extracted_auto\camera2\camera\camera-office\deploy\Camera system installation_unpacked\Camera system installation\Camera MySQL\bin\mbstream.exe,SZERVER_EXTRACTED_AUTO,extracted_auto,.exe,mbstream.exe,mbstream,3446696,camera,Kameras komponens vagy telepito,Anti\camera2\camera\pom.xml
Anti\SZERVER\_extracted_auto\camera2\camera\camera-office\deploy\Camera system installation_unpacked\Camera system installation\Camera MySQL\bin\my_print_defaults.exe,SZERVER_EXTRACTED_AUTO,extracted_auto,.exe,my_print_defaults.exe,my_print_defaults,3444136,camera,Kameras komponens vagy telepito,Anti\camera2\camera\pom.xml
Anti\SZERVER\_extracted_auto\camera2\camera\camera-office\deploy\Camera system installation_unpacked\Camera system installation\Camera MySQL\bin\myisam_ftdump.exe,SZERVER_EXTRACTED_AUTO,extracted_auto,.exe,myisam_ftdump.exe,myisam_ftdump,3630504,camera,Kameras komponens vagy telepito,Anti\camera2\camera\pom.xml
Anti\SZERVER\_extracted_auto\camera2\camera\camera-office\deploy\Camera system installation_unpacked\Camera system installation\Camera MySQL\bin\myisamchk.exe,SZERVER_EXTRACTED_AUTO,extracted_auto,.exe,myisamchk.exe,myisamchk,3780008,camera,Kameras komponens vagy telepito,Anti\camera2\camera\pom.xml
Anti\SZERVER\_extracted_auto\camera2\camera\camera-office\deploy\Camera system installation_unpacked\Camera system installation\Camera MySQL\bin\myisamlog.exe,SZERVER_EXTRACTED_AUTO,extracted_auto,.exe,myisamlog.exe,myisamlog,3658152,camera,Kameras komponens vagy telepito,Anti\camera2\camera\pom.xml
Anti\SZERVER\_extracted_auto\camera2\camera\camera-office\deploy\Camera system installation_unpacked\Camera system installation\Camera MySQL\bin\myisampack.exe,SZERVER_EXTRACTED_AUTO,extracted_auto,.exe,myisampack.exe,myisampack,3680680,camera,Kameras komponens vagy telepito,Anti\camera2\camera\pom.xml
Anti\SZERVER\_extracted_auto\camera2\camera\camera-office\deploy\Camera system installation_unpacked\Camera system installation\Camera MySQL\bin\mysql.exe,SZERVER_EXTRACTED_AUTO,extracted_auto,.exe,mysql.exe,mysql,3856808,camera,Kameras komponens vagy telepito,Anti\camera2\camera\pom.xml
Anti\SZERVER\_extracted_auto\camera2\camera\camera-office\deploy\Camera system installation_unpacked\Camera system installation\Camera MySQL\bin\mysql_install_db.exe,SZERVER_EXTRACTED_AUTO,extracted_auto,.exe,mysql_install_db.exe,mysql_install_db,4072360,camera,Kameras komponens vagy telepito,Anti\camera2\camera\pom.xml
Anti\SZERVER\_extracted_auto\camera2\camera\camera-office\deploy\Camera system installation_unpacked\Camera system installation\Camera MySQL\bin\mysql_ldb.exe,SZERVER_EXTRACTED_AUTO,extracted_auto,.exe,mysql_ldb.exe,mysql_ldb,4831656,camera,Kameras komponens vagy telepito,Anti\camera2\camera\pom.xml
Anti\SZERVER\_extracted_auto\camera2\camera\camera-office\deploy\Camera system installation_unpacked\Camera system installation\Camera MySQL\bin\mysql_plugin.exe,SZERVER_EXTRACTED_AUTO,extracted_auto,.exe,mysql_plugin.exe,mysql_plugin,3450792,camera,Kameras komponens vagy telepito,Anti\camera2\camera\pom.xml
Anti\SZERVER\_extracted_auto\camera2\camera\camera-office\deploy\Camera system installation_unpacked\Camera system installation\Camera MySQL\bin\mysql_tzinfo_to_sql.exe,SZERVER_EXTRACTED_AUTO,extracted_auto,.exe,mysql_tzinfo_to_sql.exe,mysql_tzinfo_to_sql,3450280,camera,Kameras komponens vagy telepito,Anti\camera2\camera\pom.xml
Anti\SZERVER\_extracted_auto\camera2\camera\camera-office\deploy\Camera system installation_unpacked\Camera system installation\Camera MySQL\bin\mysql_upgrade.exe,SZERVER_EXTRACTED_AUTO,extracted_auto,.exe,mysql_upgrade.exe,mysql_upgrade,3539368,camera,Kameras komponens vagy telepito,Anti\camera2\camera\pom.xml
Anti\SZERVER\_extracted_auto\camera2\camera\camera-office\deploy\Camera system installation_unpacked\Camera system installation\Camera MySQL\bin\mysql_upgrade_service.exe,SZERVER_EXTRACTED_AUTO,extracted_auto,.exe,mysql_upgrade_service.exe,mysql_upgrade_service,3454888,camera,Kameras komponens vagy telepito,Anti\camera2\camera\pom.xml
Anti\SZERVER\_extracted_auto\camera2\camera\camera-office\deploy\Camera system installation_unpacked\Camera system installation\Camera MySQL\bin\mysql_upgrade_wizard.exe,SZERVER_EXTRACTED_AUTO,extracted_auto,.exe,mysql_upgrade_wizard.exe,mysql_upgrade_wizard,2749864,camera,Kameras komponens vagy telepito,Anti\camera2\camera\pom.xml
Anti\SZERVER\_extracted_auto\camera2\camera\camera-office\deploy\Camera system installation_unpacked\Camera system installation\Camera MySQL\bin\mysqladmin.exe,SZERVER_EXTRACTED_AUTO,extracted_auto,.exe,mysqladmin.exe,mysqladmin,3755944,camera,Kameras komponens vagy telepito,Anti\camera2\camera\pom.xml
Anti\SZERVER\_extracted_auto\camera2\camera\camera-office\deploy\Camera system installation_unpacked\Camera system installation\Camera MySQL\bin\mysqlbinlog.exe,SZERVER_EXTRACTED_AUTO,extracted_auto,.exe,mysqlbinlog.exe,mysqlbinlog,3901864,camera,Kameras komponens vagy telepito,Anti\camera2\camera\pom.xml
Anti\SZERVER\_extracted_auto\camera2\camera\camera-office\deploy\Camera system installation_unpacked\Camera system installation\Camera MySQL\bin\mysqlcheck.exe,SZERVER_EXTRACTED_AUTO,extracted_auto,.exe,mysqlcheck.exe,mysqlcheck,3766696,camera,Kameras komponens vagy telepito,Anti\camera2\camera\pom.xml
Anti\SZERVER\_extracted_auto\camera2\camera\camera-office\deploy\Camera system installation_unpacked\Camera system installation\Camera MySQL\bin\mysqld.exe,SZERVER_EXTRACTED_AUTO,extracted_auto,.exe,mysqld.exe,mysqld,15803304,camera,Kameras komponens vagy telepito,Anti\camera2\camera\pom.xml
Anti\SZERVER\_extracted_auto\camera2\camera\camera-office\deploy\Camera system installation_unpacked\Camera system installation\Camera MySQL\bin\mysqldump.exe,SZERVER_EXTRACTED_AUTO,extracted_auto,.exe,mysqldump.exe,mysqldump,3829160,camera,Kameras komponens vagy telepito,Anti\camera2\camera\pom.xml
Anti\SZERVER\_extracted_auto\camera2\camera\camera-office\deploy\Camera system installation_unpacked\Camera system installation\Camera MySQL\bin\mysqlimport.exe,SZERVER_EXTRACTED_AUTO,extracted_auto,.exe,mysqlimport.exe,mysqlimport,3734952,server-import,Import vagy adatbetoltes,Anti\camera2\camera\pom.xml
Anti\SZERVER\_extracted_auto\camera2\camera\camera-office\deploy\Camera system installation_unpacked\Camera system installation\Camera MySQL\bin\mysqlshow.exe,SZERVER_EXTRACTED_AUTO,extracted_auto,.exe,mysqlshow.exe,mysqlshow,3733928,camera,Kameras komponens vagy telepito,Anti\camera2\camera\pom.xml
Anti\SZERVER\_extracted_auto\camera2\camera\camera-office\deploy\Camera system installation_unpacked\Camera system installation\Camera MySQL\bin\mysqlslap.exe,SZERVER_EXTRACTED_AUTO,extracted_auto,.exe,mysqlslap.exe,mysqlslap,3761576,camera,Kameras komponens vagy telepito,Anti\camera2\camera\pom.xml
Anti\SZERVER\_extracted_auto\camera2\camera\camera-office\deploy\Camera system installation_unpacked\Camera system installation\Camera MySQL\bin\perror.exe,SZERVER_EXTRACTED_AUTO,extracted_auto,.exe,perror.exe,perror,3550632,camera,Kameras komponens vagy telepito,Anti\camera2\camera\pom.xml
Anti\SZERVER\_extracted_auto\camera2\camera\camera-office\deploy\Camera system installation_unpacked\Camera system installation\Camera MySQL\bin\replace.exe,SZERVER_EXTRACTED_AUTO,extracted_auto,.exe,replace.exe,replace,3429800,camera,Kameras komponens vagy telepito,Anti\camera2\camera\pom.xml
Anti\SZERVER\_extracted_auto\camera2\camera\camera-office\deploy\Camera system installation_unpacked\Camera system installation\Camera MySQL\bin\sst_dump.exe,SZERVER_EXTRACTED_AUTO,extracted_auto,.exe,sst_dump.exe,sst_dump,3254696,camera,Kameras komponens vagy telepito,Anti\camera2\camera\pom.xml
Anti\SZERVER\_extracted_auto\camera2\camera\camera-office\deploy\Camera system installation_unpacked\Camera system installation\Camera MySQL\lib\libmariadb.dll,SZERVER_EXTRACTED_AUTO,extracted_auto,.dll,libmariadb.dll,libmariadb,456104,camera,Kameras komponens vagy telepito,Anti\camera2\camera\pom.xml
Anti\SZERVER\_extracted_auto\camera2\camera\camera-office\deploy\Camera system installation_unpacked\Camera system installation\Camera MySQL\lib\plugin\auth_ed25519.dll,SZERVER_EXTRACTED_AUTO,extracted_auto,.dll,auth_ed25519.dll,auth_ed25519,144296,camera,Kameras komponens vagy telepito,Anti\camera2\camera\pom.xml
Anti\SZERVER\_extracted_auto\camera2\camera\camera-office\deploy\Camera system installation_unpacked\Camera system installation\Camera MySQL\lib\plugin\auth_gssapi.dll,SZERVER_EXTRACTED_AUTO,extracted_auto,.dll,auth_gssapi.dll,auth_gssapi,123816,camera,Kameras komponens vagy telepito,Anti\camera2\camera\pom.xml
Anti\SZERVER\_extracted_auto\camera2\camera\camera-office\deploy\Camera system installation_unpacked\Camera system installation\Camera MySQL\lib\plugin\auth_gssapi_client.dll,SZERVER_EXTRACTED_AUTO,extracted_auto,.dll,auth_gssapi_client.dll,auth_gssapi_client,121768,camera,Kameras komponens vagy telepito,Anti\camera2\camera\pom.xml
Anti\SZERVER\_extracted_auto\camera2\camera\camera-office\deploy\Camera system installation_unpacked\Camera system installation\Camera MySQL\lib\plugin\auth_named_pipe.dll,SZERVER_EXTRACTED_AUTO,extracted_auto,.dll,auth_named_pipe.dll,auth_named_pipe,93096,camera,Kameras komponens vagy telepito,Anti\camera2\camera\pom.xml
Anti\SZERVER\_extracted_auto\camera2\camera\camera-office\deploy\Camera system installation_unpacked\Camera system installation\Camera MySQL\lib\plugin\authentication_windows_client.dll,SZERVER_EXTRACTED_AUTO,extracted_auto,.dll,authentication_windows_client.dll,authentication_windows_client,137640,camera,Kameras komponens vagy telepito,Anti\camera2\camera\pom.xml
Anti\SZERVER\_extracted_auto\camera2\camera\camera-office\deploy\Camera system installation_unpacked\Camera system installation\Camera MySQL\lib\plugin\aws_key_management.dll,SZERVER_EXTRACTED_AUTO,extracted_auto,.dll,aws_key_management.dll,aws_key_management,1302440,camera,Kameras komponens vagy telepito,Anti\camera2\camera\pom.xml
Anti\SZERVER\_extracted_auto\camera2\camera\camera-office\deploy\Camera system installation_unpacked\Camera system installation\Camera MySQL\lib\plugin\caching_sha2_password.dll,SZERVER_EXTRACTED_AUTO,extracted_auto,.dll,caching_sha2_password.dll,caching_sha2_password,111528,camera,Kameras komponens vagy telepito,Anti\camera2\camera\pom.xml
Anti\SZERVER\_extracted_auto\camera2\camera\camera-office\deploy\Camera system installation_unpacked\Camera system installation\Camera MySQL\lib\plugin\client_ed25519.dll,SZERVER_EXTRACTED_AUTO,extracted_auto,.dll,client_ed25519.dll,client_ed25519,152488,camera,Kameras komponens vagy telepito,Anti\camera2\camera\pom.xml
Anti\SZERVER\_extracted_auto\camera2\camera\camera-office\deploy\Camera system installation_unpacked\Camera system installation\Camera MySQL\lib\plugin\dialog.dll,SZERVER_EXTRACTED_AUTO,extracted_auto,.dll,dialog.dll,dialog,123816,camera,Kameras komponens vagy telepito,Anti\camera2\camera\pom.xml
Anti\SZERVER\_extracted_auto\camera2\camera\camera-office\deploy\Camera system installation_unpacked\Camera system installation\Camera MySQL\lib\plugin\file_key_management.dll,SZERVER_EXTRACTED_AUTO,extracted_auto,.dll,file_key_management.dll,file_key_management,122792,camera,Kameras komponens vagy telepito,Anti\camera2\camera\pom.xml
Anti\SZERVER\_extracted_auto\camera2\camera\camera-office\deploy\Camera system installation_unpacked\Camera system installation\Camera MySQL\lib\plugin\ha_archive.dll,SZERVER_EXTRACTED_AUTO,extracted_auto,.dll,ha_archive.dll,ha_archive,180136,camera,Kameras komponens vagy telepito,Anti\camera2\camera\pom.xml
Anti\SZERVER\_extracted_auto\camera2\camera\camera-office\deploy\Camera system installation_unpacked\Camera system installation\Camera MySQL\lib\plugin\ha_blackhole.dll,SZERVER_EXTRACTED_AUTO,extracted_auto,.dll,ha_blackhole.dll,ha_blackhole,102824,camera,Kameras komponens vagy telepito,Anti\camera2\camera\pom.xml
Anti\SZERVER\_extracted_auto\camera2\camera\camera-office\deploy\Camera system installation_unpacked\Camera system installation\Camera MySQL\lib\plugin\ha_connect.dll,SZERVER_EXTRACTED_AUTO,extracted_auto,.dll,ha_connect.dll,ha_connect,1418152,camera,Kameras komponens vagy telepito,Anti\camera2\camera\pom.xml
Anti\SZERVER\_extracted_auto\camera2\camera\camera-office\deploy\Camera system installation_unpacked\Camera system installation\Camera MySQL\lib\plugin\ha_federated.dll,SZERVER_EXTRACTED_AUTO,extracted_auto,.dll,ha_federated.dll,ha_federated,158120,camera,Kameras komponens vagy telepito,Anti\camera2\camera\pom.xml
Anti\SZERVER\_extracted_auto\camera2\camera\camera-office\deploy\Camera system installation_unpacked\Camera system installation\Camera MySQL\lib\plugin\ha_federatedx.dll,SZERVER_EXTRACTED_AUTO,extracted_auto,.dll,ha_federatedx.dll,ha_federatedx,176552,camera,Kameras komponens vagy telepito,Anti\camera2\camera\pom.xml
Anti\SZERVER\_extracted_auto\camera2\camera\camera-office\deploy\Camera system installation_unpacked\Camera system installation\Camera MySQL\lib\plugin\ha_rocksdb.dll,SZERVER_EXTRACTED_AUTO,extracted_auto,.dll,ha_rocksdb.dll,ha_rocksdb,5333416,camera,Kameras komponens vagy telepito,Anti\camera2\camera\pom.xml
Anti\SZERVER\_extracted_auto\camera2\camera\camera-office\deploy\Camera system installation_unpacked\Camera system installation\Camera MySQL\lib\plugin\ha_sphinx.dll,SZERVER_EXTRACTED_AUTO,extracted_auto,.dll,ha_sphinx.dll,ha_sphinx,228264,camera,Kameras komponens vagy telepito,Anti\camera2\camera\pom.xml
Anti\SZERVER\_extracted_auto\camera2\camera\camera-office\deploy\Camera system installation_unpacked\Camera system installation\Camera MySQL\lib\plugin\ha_spider.dll,SZERVER_EXTRACTED_AUTO,extracted_auto,.dll,ha_spider.dll,ha_spider,789928,camera,Kameras komponens vagy telepito,Anti\camera2\camera\pom.xml
Anti\SZERVER\_extracted_auto\camera2\camera\camera-office\deploy\Camera system installation_unpacked\Camera system installation\Camera MySQL\lib\plugin\locales.dll,SZERVER_EXTRACTED_AUTO,extracted_auto,.dll,locales.dll,locales,93096,camera,Kameras komponens vagy telepito,Anti\camera2\camera\pom.xml
Anti\SZERVER\_extracted_auto\camera2\camera\camera-office\deploy\Camera system installation_unpacked\Camera system installation\Camera MySQL\lib\plugin\metadata_lock_info.dll,SZERVER_EXTRACTED_AUTO,extracted_auto,.dll,metadata_lock_info.dll,metadata_lock_info,94120,camera,Kameras komponens vagy telepito,Anti\camera2\camera\pom.xml
Anti\SZERVER\_extracted_auto\camera2\camera\camera-office\deploy\Camera system installation_unpacked\Camera system installation\Camera MySQL\lib\plugin\mysql_clear_password.dll,SZERVER_EXTRACTED_AUTO,extracted_auto,.dll,mysql_clear_password.dll,mysql_clear_password,92072,camera,Kameras komponens vagy telepito,Anti\camera2\camera\pom.xml
Anti\SZERVER\_extracted_auto\camera2\camera\camera-office\deploy\Camera system installation_unpacked\Camera system installation\Camera MySQL\lib\plugin\query_cache_info.dll,SZERVER_EXTRACTED_AUTO,extracted_auto,.dll,query_cache_info.dll,query_cache_info,95656,camera,Kameras komponens vagy telepito,Anti\camera2\camera\pom.xml
Anti\SZERVER\_extracted_auto\camera2\camera\camera-office\deploy\Camera system installation_unpacked\Camera system installation\Camera MySQL\lib\plugin\query_response_time.dll,SZERVER_EXTRACTED_AUTO,extracted_auto,.dll,query_response_time.dll,query_response_time,96168,camera,Kameras komponens vagy telepito,Anti\camera2\camera\pom.xml
Anti\SZERVER\_extracted_auto\camera2\camera\camera-office\deploy\Camera system installation_unpacked\Camera system installation\Camera MySQL\lib\plugin\server_audit.dll,SZERVER_EXTRACTED_AUTO,extracted_auto,.dll,server_audit.dll,server_audit,167336,server-core,Kozponti szerver alkalmazas,Anti\camera2\camera\pom.xml
Anti\SZERVER\_extracted_auto\camera2\camera\camera-office\deploy\Camera system installation_unpacked\Camera system installation\Camera MySQL\lib\plugin\sha256_password.dll,SZERVER_EXTRACTED_AUTO,extracted_auto,.dll,sha256_password.dll,sha256_password,109992,camera,Kameras komponens vagy telepito,Anti\camera2\camera\pom.xml
Anti\SZERVER\_extracted_auto\camera2\camera\camera-office\deploy\Camera system installation_unpacked\Camera system installation\Camera MySQL\lib\plugin\simple_password_check.dll,SZERVER_EXTRACTED_AUTO,extracted_auto,.dll,simple_password_check.dll,simple_password_check,93608,camera,Kameras komponens vagy telepito,Anti\camera2\camera\pom.xml
Anti\SZERVER\_extracted_auto\camera2\camera\camera-office\deploy\Camera system installation_unpacked\Camera system installation\Camera MySQL\lib\plugin\sql_errlog.dll,SZERVER_EXTRACTED_AUTO,extracted_auto,.dll,sql_errlog.dll,sql_errlog,128424,camera,Kameras komponens vagy telepito,Anti\camera2\camera\pom.xml
Anti\SZERVER\_extracted_auto\camera2\camera\camera-office\deploy\Camera system installation_unpacked\Camera system installation\Camera.exe,SZERVER_EXTRACTED_AUTO,extracted_auto,.exe,Camera.exe,Camera,345539,camera,Kameras komponens vagy telepito,Anti\camera2\camera\pom.xml
Anti\SZERVER\_extracted_auto\camera2\camera\camera-office\deploy\Camera system installation_unpacked\Camera system installation\CameraSetup.exe,SZERVER_EXTRACTED_AUTO,extracted_auto,.exe,CameraSetup.exe,CameraSetup,39373353,camera,Kameras komponens vagy telepito,Anti\camera2\camera\pom.xml
Anti\SZERVER\_extracted_auto\camera2\camera\camera-office\deploy\Camera system installation_unpacked\Camera system installation\old camera application\EC Camera Player.exe,SZERVER_EXTRACTED_AUTO,extracted_auto,.exe,EC Camera Player.exe,EC Camera Player,991253,camera,Kameras komponens vagy telepito,Anti\camera2\camera\pom.xml
Anti\SZERVER\_extracted_auto\camera2\camera\camera-office\deploy\Camera system installation_unpacked\Camera system installation\requirements\vc_redist.x64.exe,SZERVER_EXTRACTED_AUTO,extracted_auto,.exe,vc_redist.x64.exe,vc_redist.x64,14572000,camera,Kameras komponens vagy telepito,Anti\camera2\camera\pom.xml
Anti\SZERVER\_extracted_auto\camera2\camera\camera-office\deploy\Camera system installation_unpacked\Camera system installation\requirements\vc_redist.x86.exe,SZERVER_EXTRACTED_AUTO,extracted_auto,.exe,vc_redist.x86.exe,vc_redist.x86,13767776,camera,Kameras komponens vagy telepito,Anti\camera2\camera\pom.xml
Anti\SZERVER\_extracted_auto\camera2\camera\camera-office\deploy\database\Camera DB_unpacked\Camera MySQL\bin\aria_chk.exe,SZERVER_EXTRACTED_AUTO,extracted_auto,.exe,aria_chk.exe,aria_chk,4012456,camera,Kameras komponens vagy telepito,Anti\camera2\camera\pom.xml
Anti\SZERVER\_extracted_auto\camera2\camera\camera-office\deploy\database\Camera DB_unpacked\Camera MySQL\bin\aria_dump_log.exe,SZERVER_EXTRACTED_AUTO,extracted_auto,.exe,aria_dump_log.exe,aria_dump_log,3570088,camera,Kameras komponens vagy telepito,Anti\camera2\camera\pom.xml
Anti\SZERVER\_extracted_auto\camera2\camera\camera-office\deploy\database\Camera DB_unpacked\Camera MySQL\bin\aria_ftdump.exe,SZERVER_EXTRACTED_AUTO,extracted_auto,.exe,aria_ftdump.exe,aria_ftdump,3801512,camera,Kameras komponens vagy telepito,Anti\camera2\camera\pom.xml
Anti\SZERVER\_extracted_auto\camera2\camera\camera-office\deploy\database\Camera DB_unpacked\Camera MySQL\bin\aria_pack.exe,SZERVER_EXTRACTED_AUTO,extracted_auto,.exe,aria_pack.exe,aria_pack,3848616,camera,Kameras komponens vagy telepito,Anti\camera2\camera\pom.xml
Anti\SZERVER\_extracted_auto\camera2\camera\camera-office\deploy\database\Camera DB_unpacked\Camera MySQL\bin\aria_read_log.exe,SZERVER_EXTRACTED_AUTO,extracted_auto,.exe,aria_read_log.exe,aria_read_log,3989416,camera,Kameras komponens vagy telepito,Anti\camera2\camera\pom.xml
Anti\SZERVER\_extracted_auto\camera2\camera\camera-office\deploy\database\Camera DB_unpacked\Camera MySQL\bin\innochecksum.exe,SZERVER_EXTRACTED_AUTO,extracted_auto,.exe,innochecksum.exe,innochecksum,3468200,camera,Kameras komponens vagy telepito,Anti\camera2\camera\pom.xml
Anti\SZERVER\_extracted_auto\camera2\camera\camera-office\deploy\database\Camera DB_unpacked\Camera MySQL\bin\mariabackup.exe,SZERVER_EXTRACTED_AUTO,extracted_auto,.exe,mariabackup.exe,mariabackup,14981032,camera,Kameras komponens vagy telepito,Anti\camera2\camera\pom.xml
Anti\SZERVER\_extracted_auto\camera2\camera\camera-office\deploy\database\Camera DB_unpacked\Camera MySQL\bin\mbstream.exe,SZERVER_EXTRACTED_AUTO,extracted_auto,.exe,mbstream.exe,mbstream,3446696,camera,Kameras komponens vagy telepito,Anti\camera2\camera\pom.xml
Anti\SZERVER\_extracted_auto\camera2\camera\camera-office\deploy\database\Camera DB_unpacked\Camera MySQL\bin\my_print_defaults.exe,SZERVER_EXTRACTED_AUTO,extracted_auto,.exe,my_print_defaults.exe,my_print_defaults,3444136,camera,Kameras komponens vagy telepito,Anti\camera2\camera\pom.xml
Anti\SZERVER\_extracted_auto\camera2\camera\camera-office\deploy\database\Camera DB_unpacked\Camera MySQL\bin\myisam_ftdump.exe,SZERVER_EXTRACTED_AUTO,extracted_auto,.exe,myisam_ftdump.exe,myisam_ftdump,3630504,camera,Kameras komponens vagy telepito,Anti\camera2\camera\pom.xml
Anti\SZERVER\_extracted_auto\camera2\camera\camera-office\deploy\database\Camera DB_unpacked\Camera MySQL\bin\myisamchk.exe,SZERVER_EXTRACTED_AUTO,extracted_auto,.exe,myisamchk.exe,myisamchk,3780008,camera,Kameras komponens vagy telepito,Anti\camera2\camera\pom.xml
Anti\SZERVER\_extracted_auto\camera2\camera\camera-office\deploy\database\Camera DB_unpacked\Camera MySQL\bin\myisamlog.exe,SZERVER_EXTRACTED_AUTO,extracted_auto,.exe,myisamlog.exe,myisamlog,3658152,camera,Kameras komponens vagy telepito,Anti\camera2\camera\pom.xml
Anti\SZERVER\_extracted_auto\camera2\camera\camera-office\deploy\database\Camera DB_unpacked\Camera MySQL\bin\myisampack.exe,SZERVER_EXTRACTED_AUTO,extracted_auto,.exe,myisampack.exe,myisampack,3680680,camera,Kameras komponens vagy telepito,Anti\camera2\camera\pom.xml
Anti\SZERVER\_extracted_auto\camera2\camera\camera-office\deploy\database\Camera DB_unpacked\Camera MySQL\bin\mysql.exe,SZERVER_EXTRACTED_AUTO,extracted_auto,.exe,mysql.exe,mysql,3856808,camera,Kameras komponens vagy telepito,Anti\camera2\camera\pom.xml
Anti\SZERVER\_extracted_auto\camera2\camera\camera-office\deploy\database\Camera DB_unpacked\Camera MySQL\bin\mysql_install_db.exe,SZERVER_EXTRACTED_AUTO,extracted_auto,.exe,mysql_install_db.exe,mysql_install_db,4072360,camera,Kameras komponens vagy telepito,Anti\camera2\camera\pom.xml
Anti\SZERVER\_extracted_auto\camera2\camera\camera-office\deploy\database\Camera DB_unpacked\Camera MySQL\bin\mysql_ldb.exe,SZERVER_EXTRACTED_AUTO,extracted_auto,.exe,mysql_ldb.exe,mysql_ldb,4831656,camera,Kameras komponens vagy telepito,Anti\camera2\camera\pom.xml
Anti\SZERVER\_extracted_auto\camera2\camera\camera-office\deploy\database\Camera DB_unpacked\Camera MySQL\bin\mysql_plugin.exe,SZERVER_EXTRACTED_AUTO,extracted_auto,.exe,mysql_plugin.exe,mysql_plugin,3450792,camera,Kameras komponens vagy telepito,Anti\camera2\camera\pom.xml
Anti\SZERVER\_extracted_auto\camera2\camera\camera-office\deploy\database\Camera DB_unpacked\Camera MySQL\bin\mysql_tzinfo_to_sql.exe,SZERVER_EXTRACTED_AUTO,extracted_auto,.exe,mysql_tzinfo_to_sql.exe,mysql_tzinfo_to_sql,3450280,camera,Kameras komponens vagy telepito,Anti\camera2\camera\pom.xml
Anti\SZERVER\_extracted_auto\camera2\camera\camera-office\deploy\database\Camera DB_unpacked\Camera MySQL\bin\mysql_upgrade.exe,SZERVER_EXTRACTED_AUTO,extracted_auto,.exe,mysql_upgrade.exe,mysql_upgrade,3539368,camera,Kameras komponens vagy telepito,Anti\camera2\camera\pom.xml
Anti\SZERVER\_extracted_auto\camera2\camera\camera-office\deploy\database\Camera DB_unpacked\Camera MySQL\bin\mysql_upgrade_service.exe,SZERVER_EXTRACTED_AUTO,extracted_auto,.exe,mysql_upgrade_service.exe,mysql_upgrade_service,3454888,camera,Kameras komponens vagy telepito,Anti\camera2\camera\pom.xml
Anti\SZERVER\_extracted_auto\camera2\camera\camera-office\deploy\database\Camera DB_unpacked\Camera MySQL\bin\mysql_upgrade_wizard.exe,SZERVER_EXTRACTED_AUTO,extracted_auto,.exe,mysql_upgrade_wizard.exe,mysql_upgrade_wizard,2749864,camera,Kameras komponens vagy telepito,Anti\camera2\camera\pom.xml
Anti\SZERVER\_extracted_auto\camera2\camera\camera-office\deploy\database\Camera DB_unpacked\Camera MySQL\bin\mysqladmin.exe,SZERVER_EXTRACTED_AUTO,extracted_auto,.exe,mysqladmin.exe,mysqladmin,3755944,camera,Kameras komponens vagy telepito,Anti\camera2\camera\pom.xml
Anti\SZERVER\_extracted_auto\camera2\camera\camera-office\deploy\database\Camera DB_unpacked\Camera MySQL\bin\mysqlbinlog.exe,SZERVER_EXTRACTED_AUTO,extracted_auto,.exe,mysqlbinlog.exe,mysqlbinlog,3901864,camera,Kameras komponens vagy telepito,Anti\camera2\camera\pom.xml
Anti\SZERVER\_extracted_auto\camera2\camera\camera-office\deploy\database\Camera DB_unpacked\Camera MySQL\bin\mysqlcheck.exe,SZERVER_EXTRACTED_AUTO,extracted_auto,.exe,mysqlcheck.exe,mysqlcheck,3766696,camera,Kameras komponens vagy telepito,Anti\camera2\camera\pom.xml
Anti\SZERVER\_extracted_auto\camera2\camera\camera-office\deploy\database\Camera DB_unpacked\Camera MySQL\bin\mysqld.exe,SZERVER_EXTRACTED_AUTO,extracted_auto,.exe,mysqld.exe,mysqld,15803304,camera,Kameras komponens vagy telepito,Anti\camera2\camera\pom.xml
Anti\SZERVER\_extracted_auto\camera2\camera\camera-office\deploy\database\Camera DB_unpacked\Camera MySQL\bin\mysqldump.exe,SZERVER_EXTRACTED_AUTO,extracted_auto,.exe,mysqldump.exe,mysqldump,3829160,camera,Kameras komponens vagy telepito,Anti\camera2\camera\pom.xml
Anti\SZERVER\_extracted_auto\camera2\camera\camera-office\deploy\database\Camera DB_unpacked\Camera MySQL\bin\mysqlimport.exe,SZERVER_EXTRACTED_AUTO,extracted_auto,.exe,mysqlimport.exe,mysqlimport,3734952,server-import,Import vagy adatbetoltes,Anti\camera2\camera\pom.xml
Anti\SZERVER\_extracted_auto\camera2\camera\camera-office\deploy\database\Camera DB_unpacked\Camera MySQL\bin\mysqlshow.exe,SZERVER_EXTRACTED_AUTO,extracted_auto,.exe,mysqlshow.exe,mysqlshow,3733928,camera,Kameras komponens vagy telepito,Anti\camera2\camera\pom.xml
Anti\SZERVER\_extracted_auto\camera2\camera\camera-office\deploy\database\Camera DB_unpacked\Camera MySQL\bin\mysqlslap.exe,SZERVER_EXTRACTED_AUTO,extracted_auto,.exe,mysqlslap.exe,mysqlslap,3761576,camera,Kameras komponens vagy telepito,Anti\camera2\camera\pom.xml
Anti\SZERVER\_extracted_auto\camera2\camera\camera-office\deploy\database\Camera DB_unpacked\Camera MySQL\bin\perror.exe,SZERVER_EXTRACTED_AUTO,extracted_auto,.exe,perror.exe,perror,3550632,camera,Kameras komponens vagy telepito,Anti\camera2\camera\pom.xml
Anti\SZERVER\_extracted_auto\camera2\camera\camera-office\deploy\database\Camera DB_unpacked\Camera MySQL\bin\replace.exe,SZERVER_EXTRACTED_AUTO,extracted_auto,.exe,replace.exe,replace,3429800,camera,Kameras komponens vagy telepito,Anti\camera2\camera\pom.xml
Anti\SZERVER\_extracted_auto\camera2\camera\camera-office\deploy\database\Camera DB_unpacked\Camera MySQL\bin\sst_dump.exe,SZERVER_EXTRACTED_AUTO,extracted_auto,.exe,sst_dump.exe,sst_dump,3254696,camera,Kameras komponens vagy telepito,Anti\camera2\camera\pom.xml
Anti\SZERVER\_extracted_auto\camera2\camera\camera-office\deploy\database\Camera DB_unpacked\Camera MySQL\lib\libmariadb.dll,SZERVER_EXTRACTED_AUTO,extracted_auto,.dll,libmariadb.dll,libmariadb,456104,camera,Kameras komponens vagy telepito,Anti\camera2\camera\pom.xml
Anti\SZERVER\_extracted_auto\camera2\camera\camera-office\deploy\database\Camera DB_unpacked\Camera MySQL\lib\plugin\auth_ed25519.dll,SZERVER_EXTRACTED_AUTO,extracted_auto,.dll,auth_ed25519.dll,auth_ed25519,144296,camera,Kameras komponens vagy telepito,Anti\camera2\camera\pom.xml
Anti\SZERVER\_extracted_auto\camera2\camera\camera-office\deploy\database\Camera DB_unpacked\Camera MySQL\lib\plugin\auth_gssapi.dll,SZERVER_EXTRACTED_AUTO,extracted_auto,.dll,auth_gssapi.dll,auth_gssapi,123816,camera,Kameras komponens vagy telepito,Anti\camera2\camera\pom.xml
Anti\SZERVER\_extracted_auto\camera2\camera\camera-office\deploy\database\Camera DB_unpacked\Camera MySQL\lib\plugin\auth_gssapi_client.dll,SZERVER_EXTRACTED_AUTO,extracted_auto,.dll,auth_gssapi_client.dll,auth_gssapi_client,121768,camera,Kameras komponens vagy telepito,Anti\camera2\camera\pom.xml
Anti\SZERVER\_extracted_auto\camera2\camera\camera-office\deploy\database\Camera DB_unpacked\Camera MySQL\lib\plugin\auth_named_pipe.dll,SZERVER_EXTRACTED_AUTO,extracted_auto,.dll,auth_named_pipe.dll,auth_named_pipe,93096,camera,Kameras komponens vagy telepito,Anti\camera2\camera\pom.xml
Anti\SZERVER\_extracted_auto\camera2\camera\camera-office\deploy\database\Camera DB_unpacked\Camera MySQL\lib\plugin\authentication_windows_client.dll,SZERVER_EXTRACTED_AUTO,extracted_auto,.dll,authentication_windows_client.dll,authentication_windows_client,137640,camera,Kameras komponens vagy telepito,Anti\camera2\camera\pom.xml
Anti\SZERVER\_extracted_auto\camera2\camera\camera-office\deploy\database\Camera DB_unpacked\Camera MySQL\lib\plugin\aws_key_management.dll,SZERVER_EXTRACTED_AUTO,extracted_auto,.dll,aws_key_management.dll,aws_key_management,1302440,camera,Kameras komponens vagy telepito,Anti\camera2\camera\pom.xml
Anti\SZERVER\_extracted_auto\camera2\camera\camera-office\deploy\database\Camera DB_unpacked\Camera MySQL\lib\plugin\caching_sha2_password.dll,SZERVER_EXTRACTED_AUTO,extracted_auto,.dll,caching_sha2_password.dll,caching_sha2_password,111528,camera,Kameras komponens vagy telepito,Anti\camera2\camera\pom.xml
Anti\SZERVER\_extracted_auto\camera2\camera\camera-office\deploy\database\Camera DB_unpacked\Camera MySQL\lib\plugin\client_ed25519.dll,SZERVER_EXTRACTED_AUTO,extracted_auto,.dll,client_ed25519.dll,client_ed25519,152488,camera,Kameras komponens vagy telepito,Anti\camera2\camera\pom.xml
Anti\SZERVER\_extracted_auto\camera2\camera\camera-office\deploy\database\Camera DB_unpacked\Camera MySQL\lib\plugin\dialog.dll,SZERVER_EXTRACTED_AUTO,extracted_auto,.dll,dialog.dll,dialog,123816,camera,Kameras komponens vagy telepito,Anti\camera2\camera\pom.xml
Anti\SZERVER\_extracted_auto\camera2\camera\camera-office\deploy\database\Camera DB_unpacked\Camera MySQL\lib\plugin\file_key_management.dll,SZERVER_EXTRACTED_AUTO,extracted_auto,.dll,file_key_management.dll,file_key_management,122792,camera,Kameras komponens vagy telepito,Anti\camera2\camera\pom.xml
Anti\SZERVER\_extracted_auto\camera2\camera\camera-office\deploy\database\Camera DB_unpacked\Camera MySQL\lib\plugin\ha_archive.dll,SZERVER_EXTRACTED_AUTO,extracted_auto,.dll,ha_archive.dll,ha_archive,180136,camera,Kameras komponens vagy telepito,Anti\camera2\camera\pom.xml
Anti\SZERVER\_extracted_auto\camera2\camera\camera-office\deploy\database\Camera DB_unpacked\Camera MySQL\lib\plugin\ha_blackhole.dll,SZERVER_EXTRACTED_AUTO,extracted_auto,.dll,ha_blackhole.dll,ha_blackhole,102824,camera,Kameras komponens vagy telepito,Anti\camera2\camera\pom.xml
Anti\SZERVER\_extracted_auto\camera2\camera\camera-office\deploy\database\Camera DB_unpacked\Camera MySQL\lib\plugin\ha_connect.dll,SZERVER_EXTRACTED_AUTO,extracted_auto,.dll,ha_connect.dll,ha_connect,1418152,camera,Kameras komponens vagy telepito,Anti\camera2\camera\pom.xml
Anti\SZERVER\_extracted_auto\camera2\camera\camera-office\deploy\database\Camera DB_unpacked\Camera MySQL\lib\plugin\ha_federated.dll,SZERVER_EXTRACTED_AUTO,extracted_auto,.dll,ha_federated.dll,ha_federated,158120,camera,Kameras komponens vagy telepito,Anti\camera2\camera\pom.xml
Anti\SZERVER\_extracted_auto\camera2\camera\camera-office\deploy\database\Camera DB_unpacked\Camera MySQL\lib\plugin\ha_federatedx.dll,SZERVER_EXTRACTED_AUTO,extracted_auto,.dll,ha_federatedx.dll,ha_federatedx,176552,camera,Kameras komponens vagy telepito,Anti\camera2\camera\pom.xml
Anti\SZERVER\_extracted_auto\camera2\camera\camera-office\deploy\database\Camera DB_unpacked\Camera MySQL\lib\plugin\ha_rocksdb.dll,SZERVER_EXTRACTED_AUTO,extracted_auto,.dll,ha_rocksdb.dll,ha_rocksdb,5333416,camera,Kameras komponens vagy telepito,Anti\camera2\camera\pom.xml
Anti\SZERVER\_extracted_auto\camera2\camera\camera-office\deploy\database\Camera DB_unpacked\Camera MySQL\lib\plugin\ha_sphinx.dll,SZERVER_EXTRACTED_AUTO,extracted_auto,.dll,ha_sphinx.dll,ha_sphinx,228264,camera,Kameras komponens vagy telepito,Anti\camera2\camera\pom.xml
Anti\SZERVER\_extracted_auto\camera2\camera\camera-office\deploy\database\Camera DB_unpacked\Camera MySQL\lib\plugin\ha_spider.dll,SZERVER_EXTRACTED_AUTO,extracted_auto,.dll,ha_spider.dll,ha_spider,789928,camera,Kameras komponens vagy telepito,Anti\camera2\camera\pom.xml
Anti\SZERVER\_extracted_auto\camera2\camera\camera-office\deploy\database\Camera DB_unpacked\Camera MySQL\lib\plugin\locales.dll,SZERVER_EXTRACTED_AUTO,extracted_auto,.dll,locales.dll,locales,93096,camera,Kameras komponens vagy telepito,Anti\camera2\camera\pom.xml
Anti\SZERVER\_extracted_auto\camera2\camera\camera-office\deploy\database\Camera DB_unpacked\Camera MySQL\lib\plugin\metadata_lock_info.dll,SZERVER_EXTRACTED_AUTO,extracted_auto,.dll,metadata_lock_info.dll,metadata_lock_info,94120,camera,Kameras komponens vagy telepito,Anti\camera2\camera\pom.xml
Anti\SZERVER\_extracted_auto\camera2\camera\camera-office\deploy\database\Camera DB_unpacked\Camera MySQL\lib\plugin\mysql_clear_password.dll,SZERVER_EXTRACTED_AUTO,extracted_auto,.dll,mysql_clear_password.dll,mysql_clear_password,92072,camera,Kameras komponens vagy telepito,Anti\camera2\camera\pom.xml
Anti\SZERVER\_extracted_auto\camera2\camera\camera-office\deploy\database\Camera DB_unpacked\Camera MySQL\lib\plugin\query_cache_info.dll,SZERVER_EXTRACTED_AUTO,extracted_auto,.dll,query_cache_info.dll,query_cache_info,95656,camera,Kameras komponens vagy telepito,Anti\camera2\camera\pom.xml
Anti\SZERVER\_extracted_auto\camera2\camera\camera-office\deploy\database\Camera DB_unpacked\Camera MySQL\lib\plugin\query_response_time.dll,SZERVER_EXTRACTED_AUTO,extracted_auto,.dll,query_response_time.dll,query_response_time,96168,camera,Kameras komponens vagy telepito,Anti\camera2\camera\pom.xml
Anti\SZERVER\_extracted_auto\camera2\camera\camera-office\deploy\database\Camera DB_unpacked\Camera MySQL\lib\plugin\server_audit.dll,SZERVER_EXTRACTED_AUTO,extracted_auto,.dll,server_audit.dll,server_audit,167336,server-core,Kozponti szerver alkalmazas,Anti\camera2\camera\pom.xml
Anti\SZERVER\_extracted_auto\camera2\camera\camera-office\deploy\database\Camera DB_unpacked\Camera MySQL\lib\plugin\sha256_password.dll,SZERVER_EXTRACTED_AUTO,extracted_auto,.dll,sha256_password.dll,sha256_password,109992,camera,Kameras komponens vagy telepito,Anti\camera2\camera\pom.xml
Anti\SZERVER\_extracted_auto\camera2\camera\camera-office\deploy\database\Camera DB_unpacked\Camera MySQL\lib\plugin\simple_password_check.dll,SZERVER_EXTRACTED_AUTO,extracted_auto,.dll,simple_password_check.dll,simple_password_check,93608,camera,Kameras komponens vagy telepito,Anti\camera2\camera\pom.xml
Anti\SZERVER\_extracted_auto\camera2\camera\camera-office\deploy\database\Camera DB_unpacked\Camera MySQL\lib\plugin\sql_errlog.dll,SZERVER_EXTRACTED_AUTO,extracted_auto,.dll,sql_errlog.dll,sql_errlog,128424,camera,Kameras komponens vagy telepito,Anti\camera2\camera\pom.xml
Anti\SZERVER\_extracted_auto\camera3\old\excold-camera-local\player_unpacked\EC Camera Player.exe,SZERVER_EXTRACTED_AUTO,extracted_auto,.exe,EC Camera Player.exe,EC Camera Player,0,camera,Kameras komponens vagy telepito,Anti\camera3\old\*.java / *.xml
Anti\SZERVER\_extracted_auto\camera3\old\excold-citysim-client\CitySIM-SAVE_unpacked\CitySIM.exe,SZERVER_EXTRACTED_AUTO,extracted_auto,.exe,CitySIM.exe,CitySIM,11535611,partner-citysim,CitySIM partner integracio,Anti\camera3\old\*.java / *.xml
Anti\SZERVER\_extracted_auto\camera3\old\excold-citysim-prod\CitySIM Client\CitySIM-SAVE_unpacked\CitySIM.exe,SZERVER_EXTRACTED_AUTO,extracted_auto,.exe,CitySIM.exe,CitySIM,11535611,partner-citysim,CitySIM partner integracio,Anti\camera3\old\*.java / *.xml
Anti\SZERVER\_extracted_auto\camera3\old\excold-coupon\temp\Valuta_unpacked\Valuta\bin\Coupon.exe,SZERVER_EXTRACTED_AUTO,extracted_auto,.exe,Coupon.exe,Coupon,22928595,camera,Kameras komponens vagy telepito,Anti\camera3\old\*.java / *.xml
Anti\SZERVER\_extracted_auto\camera\Data (2017_03_30 19_50_04 UTC)_unpacked\F1355_CAMERA.exe,SZERVER_EXTRACTED_AUTO,extracted_auto,.exe,F1355_CAMERA.exe,F1355_CAMERA,701440,camera,Kameras komponens vagy telepito,Anti\camera*\*.xml / *.jar / setup artifacts
Anti\SZERVER\_extracted_auto\camera_unpacked\camera\camera-office\deploy\Camera system installation_unpacked\Camera system installation\Camera MySQL\bin\aria_chk.exe,SZERVER_EXTRACTED_AUTO,extracted_auto,.exe,aria_chk.exe,aria_chk,4012456,camera,Kameras komponens vagy telepito,Anti\camera*\*.xml / *.jar / setup artifacts
Anti\SZERVER\_extracted_auto\camera_unpacked\camera\camera-office\deploy\Camera system installation_unpacked\Camera system installation\Camera MySQL\bin\aria_dump_log.exe,SZERVER_EXTRACTED_AUTO,extracted_auto,.exe,aria_dump_log.exe,aria_dump_log,3570088,camera,Kameras komponens vagy telepito,Anti\camera*\*.xml / *.jar / setup artifacts
Anti\SZERVER\_extracted_auto\camera_unpacked\camera\camera-office\deploy\Camera system installation_unpacked\Camera system installation\Camera MySQL\bin\aria_ftdump.exe,SZERVER_EXTRACTED_AUTO,extracted_auto,.exe,aria_ftdump.exe,aria_ftdump,3801512,camera,Kameras komponens vagy telepito,Anti\camera*\*.xml / *.jar / setup artifacts
Anti\SZERVER\_extracted_auto\camera_unpacked\camera\camera-office\deploy\Camera system installation_unpacked\Camera system installation\Camera MySQL\bin\aria_pack.exe,SZERVER_EXTRACTED_AUTO,extracted_auto,.exe,aria_pack.exe,aria_pack,3848616,camera,Kameras komponens vagy telepito,Anti\camera*\*.xml / *.jar / setup artifacts
Anti\SZERVER\_extracted_auto\camera_unpacked\camera\camera-office\deploy\Camera system installation_unpacked\Camera system installation\Camera MySQL\bin\aria_read_log.exe,SZERVER_EXTRACTED_AUTO,extracted_auto,.exe,aria_read_log.exe,aria_read_log,3989416,camera,Kameras komponens vagy telepito,Anti\camera*\*.xml / *.jar / setup artifacts
Anti\SZERVER\_extracted_auto\camera_unpacked\camera\camera-office\deploy\Camera system installation_unpacked\Camera system installation\Camera MySQL\bin\innochecksum.exe,SZERVER_EXTRACTED_AUTO,extracted_auto,.exe,innochecksum.exe,innochecksum,3468200,camera,Kameras komponens vagy telepito,Anti\camera*\*.xml / *.jar / setup artifacts
Anti\SZERVER\_extracted_auto\camera_unpacked\camera\camera-office\deploy\Camera system installation_unpacked\Camera system installation\Camera MySQL\bin\mariabackup.exe,SZERVER_EXTRACTED_AUTO,extracted_auto,.exe,mariabackup.exe,mariabackup,14981032,camera,Kameras komponens vagy telepito,Anti\camera*\*.xml / *.jar / setup artifacts
Anti\SZERVER\_extracted_auto\camera_unpacked\camera\camera-office\deploy\Camera system installation_unpacked\Camera system installation\Camera MySQL\bin\mbstream.exe,SZERVER_EXTRACTED_AUTO,extracted_auto,.exe,mbstream.exe,mbstream,3446696,camera,Kameras komponens vagy telepito,Anti\camera*\*.xml / *.jar / setup artifacts
Anti\SZERVER\_extracted_auto\camera_unpacked\camera\camera-office\deploy\Camera system installation_unpacked\Camera system installation\Camera MySQL\bin\my_print_defaults.exe,SZERVER_EXTRACTED_AUTO,extracted_auto,.exe,my_print_defaults.exe,my_print_defaults,3444136,camera,Kameras komponens vagy telepito,Anti\camera*\*.xml / *.jar / setup artifacts
Anti\SZERVER\_extracted_auto\camera_unpacked\camera\camera-office\deploy\Camera system installation_unpacked\Camera system installation\Camera MySQL\bin\myisam_ftdump.exe,SZERVER_EXTRACTED_AUTO,extracted_auto,.exe,myisam_ftdump.exe,myisam_ftdump,3630504,camera,Kameras komponens vagy telepito,Anti\camera*\*.xml / *.jar / setup artifacts
Anti\SZERVER\_extracted_auto\camera_unpacked\camera\camera-office\deploy\Camera system installation_unpacked\Camera system installation\Camera MySQL\bin\myisamchk.exe,SZERVER_EXTRACTED_AUTO,extracted_auto,.exe,myisamchk.exe,myisamchk,3780008,camera,Kameras komponens vagy telepito,Anti\camera*\*.xml / *.jar / setup artifacts
Anti\SZERVER\_extracted_auto\camera_unpacked\camera\camera-office\deploy\Camera system installation_unpacked\Camera system installation\Camera MySQL\bin\myisamlog.exe,SZERVER_EXTRACTED_AUTO,extracted_auto,.exe,myisamlog.exe,myisamlog,3658152,camera,Kameras komponens vagy telepito,Anti\camera*\*.xml / *.jar / setup artifacts
Anti\SZERVER\_extracted_auto\camera_unpacked\camera\camera-office\deploy\Camera system installation_unpacked\Camera system installation\Camera MySQL\bin\myisampack.exe,SZERVER_EXTRACTED_AUTO,extracted_auto,.exe,myisampack.exe,myisampack,3680680,camera,Kameras komponens vagy telepito,Anti\camera*\*.xml / *.jar / setup artifacts
Anti\SZERVER\_extracted_auto\camera_unpacked\camera\camera-office\deploy\Camera system installation_unpacked\Camera system installation\Camera MySQL\bin\mysql.exe,SZERVER_EXTRACTED_AUTO,extracted_auto,.exe,mysql.exe,mysql,3856808,camera,Kameras komponens vagy telepito,Anti\camera*\*.xml / *.jar / setup artifacts
Anti\SZERVER\_extracted_auto\camera_unpacked\camera\camera-office\deploy\Camera system installation_unpacked\Camera system installation\Camera MySQL\bin\mysql_install_db.exe,SZERVER_EXTRACTED_AUTO,extracted_auto,.exe,mysql_install_db.exe,mysql_install_db,4072360,camera,Kameras komponens vagy telepito,Anti\camera*\*.xml / *.jar / setup artifacts
Anti\SZERVER\_extracted_auto\camera_unpacked\camera\camera-office\deploy\Camera system installation_unpacked\Camera system installation\Camera MySQL\bin\mysql_ldb.exe,SZERVER_EXTRACTED_AUTO,extracted_auto,.exe,mysql_ldb.exe,mysql_ldb,4831656,camera,Kameras komponens vagy telepito,Anti\camera*\*.xml / *.jar / setup artifacts
Anti\SZERVER\_extracted_auto\camera_unpacked\camera\camera-office\deploy\Camera system installation_unpacked\Camera system installation\Camera MySQL\bin\mysql_plugin.exe,SZERVER_EXTRACTED_AUTO,extracted_auto,.exe,mysql_plugin.exe,mysql_plugin,3450792,camera,Kameras komponens vagy telepito,Anti\camera*\*.xml / *.jar / setup artifacts
Anti\SZERVER\_extracted_auto\camera_unpacked\camera\camera-office\deploy\Camera system installation_unpacked\Camera system installation\Camera MySQL\bin\mysql_tzinfo_to_sql.exe,SZERVER_EXTRACTED_AUTO,extracted_auto,.exe,mysql_tzinfo_to_sql.exe,mysql_tzinfo_to_sql,3450280,camera,Kameras komponens vagy telepito,Anti\camera*\*.xml / *.jar / setup artifacts
Anti\SZERVER\_extracted_auto\camera_unpacked\camera\camera-office\deploy\Camera system installation_unpacked\Camera system installation\Camera MySQL\bin\mysql_upgrade.exe,SZERVER_EXTRACTED_AUTO,extracted_auto,.exe,mysql_upgrade.exe,mysql_upgrade,3539368,camera,Kameras komponens vagy telepito,Anti\camera*\*.xml / *.jar / setup artifacts
Anti\SZERVER\_extracted_auto\camera_unpacked\camera\camera-office\deploy\Camera system installation_unpacked\Camera system installation\Camera MySQL\bin\mysql_upgrade_service.exe,SZERVER_EXTRACTED_AUTO,extracted_auto,.exe,mysql_upgrade_service.exe,mysql_upgrade_service,3454888,camera,Kameras komponens vagy telepito,Anti\camera*\*.xml / *.jar / setup artifacts
Anti\SZERVER\_extracted_auto\camera_unpacked\camera\camera-office\deploy\Camera system installation_unpacked\Camera system installation\Camera MySQL\bin\mysql_upgrade_wizard.exe,SZERVER_EXTRACTED_AUTO,extracted_auto,.exe,mysql_upgrade_wizard.exe,mysql_upgrade_wizard,2749864,camera,Kameras komponens vagy telepito,Anti\camera*\*.xml / *.jar / setup artifacts
Anti\SZERVER\_extracted_auto\camera_unpacked\camera\camera-office\deploy\Camera system installation_unpacked\Camera system installation\Camera MySQL\bin\mysqladmin.exe,SZERVER_EXTRACTED_AUTO,extracted_auto,.exe,mysqladmin.exe,mysqladmin,3755944,camera,Kameras komponens vagy telepito,Anti\camera*\*.xml / *.jar / setup artifacts
Anti\SZERVER\_extracted_auto\camera_unpacked\camera\camera-office\deploy\Camera system installation_unpacked\Camera system installation\Camera MySQL\bin\mysqlbinlog.exe,SZERVER_EXTRACTED_AUTO,extracted_auto,.exe,mysqlbinlog.exe,mysqlbinlog,3901864,camera,Kameras komponens vagy telepito,Anti\camera*\*.xml / *.jar / setup artifacts
Anti\SZERVER\_extracted_auto\camera_unpacked\camera\camera-office\deploy\Camera system installation_unpacked\Camera system installation\Camera MySQL\bin\mysqlcheck.exe,SZERVER_EXTRACTED_AUTO,extracted_auto,.exe,mysqlcheck.exe,mysqlcheck,3766696,camera,Kameras komponens vagy telepito,Anti\camera*\*.xml / *.jar / setup artifacts
Anti\SZERVER\_extracted_auto\camera_unpacked\camera\camera-office\deploy\Camera system installation_unpacked\Camera system installation\Camera MySQL\bin\mysqld.exe,SZERVER_EXTRACTED_AUTO,extracted_auto,.exe,mysqld.exe,mysqld,15803304,camera,Kameras komponens vagy telepito,Anti\camera*\*.xml / *.jar / setup artifacts
Anti\SZERVER\_extracted_auto\camera_unpacked\camera\camera-office\deploy\Camera system installation_unpacked\Camera system installation\Camera MySQL\bin\mysqldump.exe,SZERVER_EXTRACTED_AUTO,extracted_auto,.exe,mysqldump.exe,mysqldump,3829160,camera,Kameras komponens vagy telepito,Anti\camera*\*.xml / *.jar / setup artifacts
Anti\SZERVER\_extracted_auto\camera_unpacked\camera\camera-office\deploy\Camera system installation_unpacked\Camera system installation\Camera MySQL\bin\mysqlimport.exe,SZERVER_EXTRACTED_AUTO,extracted_auto,.exe,mysqlimport.exe,mysqlimport,3734952,server-import,Import vagy adatbetoltes,
Anti\SZERVER\_extracted_auto\camera_unpacked\camera\camera-office\deploy\Camera system installation_unpacked\Camera system installation\Camera MySQL\bin\mysqlshow.exe,SZERVER_EXTRACTED_AUTO,extracted_auto,.exe,mysqlshow.exe,mysqlshow,3733928,camera,Kameras komponens vagy telepito,Anti\camera*\*.xml / *.jar / setup artifacts
Anti\SZERVER\_extracted_auto\camera_unpacked\camera\camera-office\deploy\Camera system installation_unpacked\Camera system installation\Camera MySQL\bin\mysqlslap.exe,SZERVER_EXTRACTED_AUTO,extracted_auto,.exe,mysqlslap.exe,mysqlslap,3761576,camera,Kameras komponens vagy telepito,Anti\camera*\*.xml / *.jar / setup artifacts
Anti\SZERVER\_extracted_auto\camera_unpacked\camera\camera-office\deploy\Camera system installation_unpacked\Camera system installation\Camera MySQL\bin\perror.exe,SZERVER_EXTRACTED_AUTO,extracted_auto,.exe,perror.exe,perror,3550632,camera,Kameras komponens vagy telepito,Anti\camera*\*.xml / *.jar / setup artifacts
Anti\SZERVER\_extracted_auto\camera_unpacked\camera\camera-office\deploy\Camera system installation_unpacked\Camera system installation\Camera MySQL\bin\replace.exe,SZERVER_EXTRACTED_AUTO,extracted_auto,.exe,replace.exe,replace,3429800,camera,Kameras komponens vagy telepito,Anti\camera*\*.xml / *.jar / setup artifacts
Anti\SZERVER\_extracted_auto\camera_unpacked\camera\camera-office\deploy\Camera system installation_unpacked\Camera system installation\Camera MySQL\bin\sst_dump.exe,SZERVER_EXTRACTED_AUTO,extracted_auto,.exe,sst_dump.exe,sst_dump,3254696,camera,Kameras komponens vagy telepito,Anti\camera*\*.xml / *.jar / setup artifacts
Anti\SZERVER\_extracted_auto\camera_unpacked\camera\camera-office\deploy\Camera system installation_unpacked\Camera system installation\Camera MySQL\lib\libmariadb.dll,SZERVER_EXTRACTED_AUTO,extracted_auto,.dll,libmariadb.dll,libmariadb,456104,camera,Kameras komponens vagy telepito,Anti\camera*\*.xml / *.jar / setup artifacts
Anti\SZERVER\_extracted_auto\camera_unpacked\camera\camera-office\deploy\Camera system installation_unpacked\Camera system installation\Camera MySQL\lib\plugin\auth_ed25519.dll,SZERVER_EXTRACTED_AUTO,extracted_auto,.dll,auth_ed25519.dll,auth_ed25519,144296,camera,Kameras komponens vagy telepito,Anti\camera*\*.xml / *.jar / setup artifacts
Anti\SZERVER\_extracted_auto\camera_unpacked\camera\camera-office\deploy\Camera system installation_unpacked\Camera system installation\Camera MySQL\lib\plugin\auth_gssapi.dll,SZERVER_EXTRACTED_AUTO,extracted_auto,.dll,auth_gssapi.dll,auth_gssapi,123816,camera,Kameras komponens vagy telepito,Anti\camera*\*.xml / *.jar / setup artifacts
Anti\SZERVER\_extracted_auto\camera_unpacked\camera\camera-office\deploy\Camera system installation_unpacked\Camera system installation\Camera MySQL\lib\plugin\auth_gssapi_client.dll,SZERVER_EXTRACTED_AUTO,extracted_auto,.dll,auth_gssapi_client.dll,auth_gssapi_client,121768,camera,Kameras komponens vagy telepito,Anti\camera*\*.xml / *.jar / setup artifacts
Anti\SZERVER\_extracted_auto\camera_unpacked\camera\camera-office\deploy\Camera system installation_unpacked\Camera system installation\Camera MySQL\lib\plugin\auth_named_pipe.dll,SZERVER_EXTRACTED_AUTO,extracted_auto,.dll,auth_named_pipe.dll,auth_named_pipe,93096,camera,Kameras komponens vagy telepito,Anti\camera*\*.xml / *.jar / setup artifacts
Anti\SZERVER\_extracted_auto\camera_unpacked\camera\camera-office\deploy\Camera system installation_unpacked\Camera system installation\Camera MySQL\lib\plugin\authentication_windows_client.dll,SZERVER_EXTRACTED_AUTO,extracted_auto,.dll,authentication_windows_client.dll,authentication_windows_client,137640,camera,Kameras komponens vagy telepito,Anti\camera*\*.xml / *.jar / setup artifacts
Anti\SZERVER\_extracted_auto\camera_unpacked\camera\camera-office\deploy\Camera system installation_unpacked\Camera system installation\Camera MySQL\lib\plugin\aws_key_management.dll,SZERVER_EXTRACTED_AUTO,extracted_auto,.dll,aws_key_management.dll,aws_key_management,1302440,camera,Kameras komponens vagy telepito,Anti\camera*\*.xml / *.jar / setup artifacts
Anti\SZERVER\_extracted_auto\camera_unpacked\camera\camera-office\deploy\Camera system installation_unpacked\Camera system installation\Camera MySQL\lib\plugin\caching_sha2_password.dll,SZERVER_EXTRACTED_AUTO,extracted_auto,.dll,caching_sha2_password.dll,caching_sha2_password,111528,camera,Kameras komponens vagy telepito,Anti\camera*\*.xml / *.jar / setup artifacts
Anti\SZERVER\_extracted_auto\camera_unpacked\camera\camera-office\deploy\Camera system installation_unpacked\Camera system installation\Camera MySQL\lib\plugin\client_ed25519.dll,SZERVER_EXTRACTED_AUTO,extracted_auto,.dll,client_ed25519.dll,client_ed25519,152488,camera,Kameras komponens vagy telepito,Anti\camera*\*.xml / *.jar / setup artifacts
Anti\SZERVER\_extracted_auto\camera_unpacked\camera\camera-office\deploy\Camera system installation_unpacked\Camera system installation\Camera MySQL\lib\plugin\dialog.dll,SZERVER_EXTRACTED_AUTO,extracted_auto,.dll,dialog.dll,dialog,123816,camera,Kameras komponens vagy telepito,Anti\camera*\*.xml / *.jar / setup artifacts
Anti\SZERVER\_extracted_auto\camera_unpacked\camera\camera-office\deploy\Camera system installation_unpacked\Camera system installation\Camera MySQL\lib\plugin\file_key_management.dll,SZERVER_EXTRACTED_AUTO,extracted_auto,.dll,file_key_management.dll,file_key_management,122792,camera,Kameras komponens vagy telepito,Anti\camera*\*.xml / *.jar / setup artifacts
Anti\SZERVER\_extracted_auto\camera_unpacked\camera\camera-office\deploy\Camera system installation_unpacked\Camera system installation\Camera MySQL\lib\plugin\ha_archive.dll,SZERVER_EXTRACTED_AUTO,extracted_auto,.dll,ha_archive.dll,ha_archive,180136,camera,Kameras komponens vagy telepito,Anti\camera*\*.xml / *.jar / setup artifacts
Anti\SZERVER\_extracted_auto\camera_unpacked\camera\camera-office\deploy\Camera system installation_unpacked\Camera system installation\Camera MySQL\lib\plugin\ha_blackhole.dll,SZERVER_EXTRACTED_AUTO,extracted_auto,.dll,ha_blackhole.dll,ha_blackhole,102824,camera,Kameras komponens vagy telepito,Anti\camera*\*.xml / *.jar / setup artifacts
Anti\SZERVER\_extracted_auto\camera_unpacked\camera\camera-office\deploy\Camera system installation_unpacked\Camera system installation\Camera MySQL\lib\plugin\ha_connect.dll,SZERVER_EXTRACTED_AUTO,extracted_auto,.dll,ha_connect.dll,ha_connect,1418152,camera,Kameras komponens vagy telepito,Anti\camera*\*.xml / *.jar / setup artifacts
Anti\SZERVER\_extracted_auto\camera_unpacked\camera\camera-office\deploy\Camera system installation_unpacked\Camera system installation\Camera MySQL\lib\plugin\ha_federated.dll,SZERVER_EXTRACTED_AUTO,extracted_auto,.dll,ha_federated.dll,ha_federated,158120,camera,Kameras komponens vagy telepito,Anti\camera*\*.xml / *.jar / setup artifacts
Anti\SZERVER\_extracted_auto\camera_unpacked\camera\camera-office\deploy\Camera system installation_unpacked\Camera system installation\Camera MySQL\lib\plugin\ha_federatedx.dll,SZERVER_EXTRACTED_AUTO,extracted_auto,.dll,ha_federatedx.dll,ha_federatedx,176552,camera,Kameras komponens vagy telepito,Anti\camera*\*.xml / *.jar / setup artifacts
Anti\SZERVER\_extracted_auto\camera_unpacked\camera\camera-office\deploy\Camera system installation_unpacked\Camera system installation\Camera MySQL\lib\plugin\ha_rocksdb.dll,SZERVER_EXTRACTED_AUTO,extracted_auto,.dll,ha_rocksdb.dll,ha_rocksdb,5333416,camera,Kameras komponens vagy telepito,Anti\camera*\*.xml / *.jar / setup artifacts
Anti\SZERVER\_extracted_auto\camera_unpacked\camera\camera-office\deploy\Camera system installation_unpacked\Camera system installation\Camera MySQL\lib\plugin\ha_sphinx.dll,SZERVER_EXTRACTED_AUTO,extracted_auto,.dll,ha_sphinx.dll,ha_sphinx,228264,camera,Kameras komponens vagy telepito,Anti\camera*\*.xml / *.jar / setup artifacts
Anti\SZERVER\_extracted_auto\camera_unpacked\camera\camera-office\deploy\Camera system installation_unpacked\Camera system installation\Camera MySQL\lib\plugin\ha_spider.dll,SZERVER_EXTRACTED_AUTO,extracted_auto,.dll,ha_spider.dll,ha_spider,789928,camera,Kameras komponens vagy telepito,Anti\camera*\*.xml / *.jar / setup artifacts
Anti\SZERVER\_extracted_auto\camera_unpacked\camera\camera-office\deploy\Camera system installation_unpacked\Camera system installation\Camera MySQL\lib\plugin\locales.dll,SZERVER_EXTRACTED_AUTO,extracted_auto,.dll,locales.dll,locales,93096,camera,Kameras komponens vagy telepito,Anti\camera*\*.xml / *.jar / setup artifacts
Anti\SZERVER\_extracted_auto\camera_unpacked\camera\camera-office\deploy\Camera system installation_unpacked\Camera system installation\Camera MySQL\lib\plugin\metadata_lock_info.dll,SZERVER_EXTRACTED_AUTO,extracted_auto,.dll,metadata_lock_info.dll,metadata_lock_info,94120,camera,Kameras komponens vagy telepito,Anti\camera*\*.xml / *.jar / setup artifacts
Anti\SZERVER\_extracted_auto\camera_unpacked\camera\camera-office\deploy\Camera system installation_unpacked\Camera system installation\Camera MySQL\lib\plugin\mysql_clear_password.dll,SZERVER_EXTRACTED_AUTO,extracted_auto,.dll,mysql_clear_password.dll,mysql_clear_password,92072,camera,Kameras komponens vagy telepito,Anti\camera*\*.xml / *.jar / setup artifacts
Anti\SZERVER\_extracted_auto\camera_unpacked\camera\camera-office\deploy\Camera system installation_unpacked\Camera system installation\Camera MySQL\lib\plugin\query_cache_info.dll,SZERVER_EXTRACTED_AUTO,extracted_auto,.dll,query_cache_info.dll,query_cache_info,95656,camera,Kameras komponens vagy telepito,Anti\camera*\*.xml / *.jar / setup artifacts
Anti\SZERVER\_extracted_auto\camera_unpacked\camera\camera-office\deploy\Camera system installation_unpacked\Camera system installation\Camera MySQL\lib\plugin\query_response_time.dll,SZERVER_EXTRACTED_AUTO,extracted_auto,.dll,query_response_time.dll,query_response_time,96168,camera,Kameras komponens vagy telepito,Anti\camera*\*.xml / *.jar / setup artifacts
Anti\SZERVER\_extracted_auto\camera_unpacked\camera\camera-office\deploy\Camera system installation_unpacked\Camera system installation\Camera MySQL\lib\plugin\server_audit.dll,SZERVER_EXTRACTED_AUTO,extracted_auto,.dll,server_audit.dll,server_audit,167336,server-core,Kozponti szerver alkalmazas,
Anti\SZERVER\_extracted_auto\camera_unpacked\camera\camera-office\deploy\Camera system installation_unpacked\Camera system installation\Camera MySQL\lib\plugin\sha256_password.dll,SZERVER_EXTRACTED_AUTO,extracted_auto,.dll,sha256_password.dll,sha256_password,109992,camera,Kameras komponens vagy telepito,Anti\camera*\*.xml / *.jar / setup artifacts
Anti\SZERVER\_extracted_auto\camera_unpacked\camera\camera-office\deploy\Camera system installation_unpacked\Camera system installation\Camera MySQL\lib\plugin\simple_password_check.dll,SZERVER_EXTRACTED_AUTO,extracted_auto,.dll,simple_password_check.dll,simple_password_check,93608,camera,Kameras komponens vagy telepito,Anti\camera*\*.xml / *.jar / setup artifacts
Anti\SZERVER\_extracted_auto\camera_unpacked\camera\camera-office\deploy\Camera system installation_unpacked\Camera system installation\Camera MySQL\lib\plugin\sql_errlog.dll,SZERVER_EXTRACTED_AUTO,extracted_auto,.dll,sql_errlog.dll,sql_errlog,128424,camera,Kameras komponens vagy telepito,Anti\camera*\*.xml / *.jar / setup artifacts
Anti\SZERVER\_extracted_auto\camera_unpacked\camera\camera-office\deploy\Camera system installation_unpacked\Camera system installation\Camera.exe,SZERVER_EXTRACTED_AUTO,extracted_auto,.exe,Camera.exe,Camera,345539,camera,Kameras komponens vagy telepito,Anti\camera*\*.xml / *.jar / setup artifacts
Anti\SZERVER\_extracted_auto\camera_unpacked\camera\camera-office\deploy\Camera system installation_unpacked\Camera system installation\CameraSetup.exe,SZERVER_EXTRACTED_AUTO,extracted_auto,.exe,CameraSetup.exe,CameraSetup,39373353,camera,Kameras komponens vagy telepito,Anti\camera*\*.xml / *.jar / setup artifacts
Anti\SZERVER\_extracted_auto\camera_unpacked\camera\camera-office\deploy\Camera system installation_unpacked\Camera system installation\old camera application\EC Camera Player.exe,SZERVER_EXTRACTED_AUTO,extracted_auto,.exe,EC Camera Player.exe,EC Camera Player,991253,camera,Kameras komponens vagy telepito,Anti\camera*\*.xml / *.jar / setup artifacts
Anti\SZERVER\_extracted_auto\camera_unpacked\camera\camera-office\deploy\Camera system installation_unpacked\Camera system installation\requirements\vc_redist.x64.exe,SZERVER_EXTRACTED_AUTO,extracted_auto,.exe,vc_redist.x64.exe,vc_redist.x64,14572000,camera,Kameras komponens vagy telepito,Anti\camera*\*.xml / *.jar / setup artifacts
Anti\SZERVER\_extracted_auto\camera_unpacked\camera\camera-office\deploy\Camera system installation_unpacked\Camera system installation\requirements\vc_redist.x86.exe,SZERVER_EXTRACTED_AUTO,extracted_auto,.exe,vc_redist.x86.exe,vc_redist.x86,13767776,camera,Kameras komponens vagy telepito,Anti\camera*\*.xml / *.jar / setup artifacts
Anti\SZERVER\_extracted_auto\camera_unpacked\camera\camera-office\deploy\database\Camera DB_unpacked\Camera MySQL\bin\aria_chk.exe,SZERVER_EXTRACTED_AUTO,extracted_auto,.exe,aria_chk.exe,aria_chk,4012456,camera,Kameras komponens vagy telepito,Anti\camera*\*.xml / *.jar / setup artifacts
Anti\SZERVER\_extracted_auto\camera_unpacked\camera\camera-office\deploy\database\Camera DB_unpacked\Camera MySQL\bin\aria_dump_log.exe,SZERVER_EXTRACTED_AUTO,extracted_auto,.exe,aria_dump_log.exe,aria_dump_log,3570088,camera,Kameras komponens vagy telepito,Anti\camera*\*.xml / *.jar / setup artifacts
Anti\SZERVER\_extracted_auto\camera_unpacked\camera\camera-office\deploy\database\Camera DB_unpacked\Camera MySQL\bin\aria_ftdump.exe,SZERVER_EXTRACTED_AUTO,extracted_auto,.exe,aria_ftdump.exe,aria_ftdump,3801512,camera,Kameras komponens vagy telepito,Anti\camera*\*.xml / *.jar / setup artifacts
Anti\SZERVER\_extracted_auto\camera_unpacked\camera\camera-office\deploy\database\Camera DB_unpacked\Camera MySQL\bin\aria_pack.exe,SZERVER_EXTRACTED_AUTO,extracted_auto,.exe,aria_pack.exe,aria_pack,3848616,camera,Kameras komponens vagy telepito,Anti\camera*\*.xml / *.jar / setup artifacts
Anti\SZERVER\_extracted_auto\camera_unpacked\camera\camera-office\deploy\database\Camera DB_unpacked\Camera MySQL\bin\aria_read_log.exe,SZERVER_EXTRACTED_AUTO,extracted_auto,.exe,aria_read_log.exe,aria_read_log,3989416,camera,Kameras komponens vagy telepito,Anti\camera*\*.xml / *.jar / setup artifacts
Anti\SZERVER\_extracted_auto\camera_unpacked\camera\camera-office\deploy\database\Camera DB_unpacked\Camera MySQL\bin\innochecksum.exe,SZERVER_EXTRACTED_AUTO,extracted_auto,.exe,innochecksum.exe,innochecksum,3468200,camera,Kameras komponens vagy telepito,Anti\camera*\*.xml / *.jar / setup artifacts
Anti\SZERVER\_extracted_auto\camera_unpacked\camera\camera-office\deploy\database\Camera DB_unpacked\Camera MySQL\bin\mariabackup.exe,SZERVER_EXTRACTED_AUTO,extracted_auto,.exe,mariabackup.exe,mariabackup,14981032,camera,Kameras komponens vagy telepito,Anti\camera*\*.xml / *.jar / setup artifacts
Anti\SZERVER\_extracted_auto\camera_unpacked\camera\camera-office\deploy\database\Camera DB_unpacked\Camera MySQL\bin\mbstream.exe,SZERVER_EXTRACTED_AUTO,extracted_auto,.exe,mbstream.exe,mbstream,3446696,camera,Kameras komponens vagy telepito,Anti\camera*\*.xml / *.jar / setup artifacts
Anti\SZERVER\_extracted_auto\camera_unpacked\camera\camera-office\deploy\database\Camera DB_unpacked\Camera MySQL\bin\my_print_defaults.exe,SZERVER_EXTRACTED_AUTO,extracted_auto,.exe,my_print_defaults.exe,my_print_defaults,3444136,camera,Kameras komponens vagy telepito,Anti\camera*\*.xml / *.jar / setup artifacts
Anti\SZERVER\_extracted_auto\camera_unpacked\camera\camera-office\deploy\database\Camera DB_unpacked\Camera MySQL\bin\myisam_ftdump.exe,SZERVER_EXTRACTED_AUTO,extracted_auto,.exe,myisam_ftdump.exe,myisam_ftdump,3630504,camera,Kameras komponens vagy telepito,Anti\camera*\*.xml / *.jar / setup artifacts
Anti\SZERVER\_extracted_auto\camera_unpacked\camera\camera-office\deploy\database\Camera DB_unpacked\Camera MySQL\bin\myisamchk.exe,SZERVER_EXTRACTED_AUTO,extracted_auto,.exe,myisamchk.exe,myisamchk,3780008,camera,Kameras komponens vagy telepito,Anti\camera*\*.xml / *.jar / setup artifacts
Anti\SZERVER\_extracted_auto\camera_unpacked\camera\camera-office\deploy\database\Camera DB_unpacked\Camera MySQL\bin\myisamlog.exe,SZERVER_EXTRACTED_AUTO,extracted_auto,.exe,myisamlog.exe,myisamlog,3658152,camera,Kameras komponens vagy telepito,Anti\camera*\*.xml / *.jar / setup artifacts
Anti\SZERVER\_extracted_auto\camera_unpacked\camera\camera-office\deploy\database\Camera DB_unpacked\Camera MySQL\bin\myisampack.exe,SZERVER_EXTRACTED_AUTO,extracted_auto,.exe,myisampack.exe,myisampack,3680680,camera,Kameras komponens vagy telepito,Anti\camera*\*.xml / *.jar / setup artifacts
Anti\SZERVER\_extracted_auto\camera_unpacked\camera\camera-office\deploy\database\Camera DB_unpacked\Camera MySQL\bin\mysql.exe,SZERVER_EXTRACTED_AUTO,extracted_auto,.exe,mysql.exe,mysql,3856808,camera,Kameras komponens vagy telepito,Anti\camera*\*.xml / *.jar / setup artifacts
Anti\SZERVER\_extracted_auto\camera_unpacked\camera\camera-office\deploy\database\Camera DB_unpacked\Camera MySQL\bin\mysql_install_db.exe,SZERVER_EXTRACTED_AUTO,extracted_auto,.exe,mysql_install_db.exe,mysql_install_db,4072360,camera,Kameras komponens vagy telepito,Anti\camera*\*.xml / *.jar / setup artifacts
Anti\SZERVER\_extracted_auto\camera_unpacked\camera\camera-office\deploy\database\Camera DB_unpacked\Camera MySQL\bin\mysql_ldb.exe,SZERVER_EXTRACTED_AUTO,extracted_auto,.exe,mysql_ldb.exe,mysql_ldb,4831656,camera,Kameras komponens vagy telepito,Anti\camera*\*.xml / *.jar / setup artifacts
Anti\SZERVER\_extracted_auto\camera_unpacked\camera\camera-office\deploy\database\Camera DB_unpacked\Camera MySQL\bin\mysql_plugin.exe,SZERVER_EXTRACTED_AUTO,extracted_auto,.exe,mysql_plugin.exe,mysql_plugin,3450792,camera,Kameras komponens vagy telepito,Anti\camera*\*.xml / *.jar / setup artifacts
Anti\SZERVER\_extracted_auto\camera_unpacked\camera\camera-office\deploy\database\Camera DB_unpacked\Camera MySQL\bin\mysql_tzinfo_to_sql.exe,SZERVER_EXTRACTED_AUTO,extracted_auto,.exe,mysql_tzinfo_to_sql.exe,mysql_tzinfo_to_sql,3450280,camera,Kameras komponens vagy telepito,Anti\camera*\*.xml / *.jar / setup artifacts
Anti\SZERVER\_extracted_auto\camera_unpacked\camera\camera-office\deploy\database\Camera DB_unpacked\Camera MySQL\bin\mysql_upgrade.exe,SZERVER_EXTRACTED_AUTO,extracted_auto,.exe,mysql_upgrade.exe,mysql_upgrade,3539368,camera,Kameras komponens vagy telepito,Anti\camera*\*.xml / *.jar / setup artifacts
Anti\SZERVER\_extracted_auto\camera_unpacked\camera\camera-office\deploy\database\Camera DB_unpacked\Camera MySQL\bin\mysql_upgrade_service.exe,SZERVER_EXTRACTED_AUTO,extracted_auto,.exe,mysql_upgrade_service.exe,mysql_upgrade_service,3454888,camera,Kameras komponens vagy telepito,Anti\camera*\*.xml / *.jar / setup artifacts
Anti\SZERVER\_extracted_auto\camera_unpacked\camera\camera-office\deploy\database\Camera DB_unpacked\Camera MySQL\bin\mysql_upgrade_wizard.exe,SZERVER_EXTRACTED_AUTO,extracted_auto,.exe,mysql_upgrade_wizard.exe,mysql_upgrade_wizard,2749864,camera,Kameras komponens vagy telepito,Anti\camera*\*.xml / *.jar / setup artifacts
Anti\SZERVER\_extracted_auto\camera_unpacked\camera\camera-office\deploy\database\Camera DB_unpacked\Camera MySQL\bin\mysqladmin.exe,SZERVER_EXTRACTED_AUTO,extracted_auto,.exe,mysqladmin.exe,mysqladmin,3755944,camera,Kameras komponens vagy telepito,Anti\camera*\*.xml / *.jar / setup artifacts
Anti\SZERVER\_extracted_auto\camera_unpacked\camera\camera-office\deploy\database\Camera DB_unpacked\Camera MySQL\bin\mysqlbinlog.exe,SZERVER_EXTRACTED_AUTO,extracted_auto,.exe,mysqlbinlog.exe,mysqlbinlog,3901864,camera,Kameras komponens vagy telepito,Anti\camera*\*.xml / *.jar / setup artifacts
Anti\SZERVER\_extracted_auto\camera_unpacked\camera\camera-office\deploy\database\Camera DB_unpacked\Camera MySQL\bin\mysqlcheck.exe,SZERVER_EXTRACTED_AUTO,extracted_auto,.exe,mysqlcheck.exe,mysqlcheck,3766696,camera,Kameras komponens vagy telepito,Anti\camera*\*.xml / *.jar / setup artifacts
Anti\SZERVER\_extracted_auto\camera_unpacked\camera\camera-office\deploy\database\Camera DB_unpacked\Camera MySQL\bin\mysqld.exe,SZERVER_EXTRACTED_AUTO,extracted_auto,.exe,mysqld.exe,mysqld,15803304,camera,Kameras komponens vagy telepito,Anti\camera*\*.xml / *.jar / setup artifacts
Anti\SZERVER\_extracted_auto\camera_unpacked\camera\camera-office\deploy\database\Camera DB_unpacked\Camera MySQL\bin\mysqldump.exe,SZERVER_EXTRACTED_AUTO,extracted_auto,.exe,mysqldump.exe,mysqldump,3829160,camera,Kameras komponens vagy telepito,Anti\camera*\*.xml / *.jar / setup artifacts
Anti\SZERVER\_extracted_auto\camera_unpacked\camera\camera-office\deploy\database\Camera DB_unpacked\Camera MySQL\bin\mysqlimport.exe,SZERVER_EXTRACTED_AUTO,extracted_auto,.exe,mysqlimport.exe,mysqlimport,3734952,server-import,Import vagy adatbetoltes,
Anti\SZERVER\_extracted_auto\camera_unpacked\camera\camera-office\deploy\database\Camera DB_unpacked\Camera MySQL\bin\mysqlshow.exe,SZERVER_EXTRACTED_AUTO,extracted_auto,.exe,mysqlshow.exe,mysqlshow,3733928,camera,Kameras komponens vagy telepito,Anti\camera*\*.xml / *.jar / setup artifacts
Anti\SZERVER\_extracted_auto\camera_unpacked\camera\camera-office\deploy\database\Camera DB_unpacked\Camera MySQL\bin\mysqlslap.exe,SZERVER_EXTRACTED_AUTO,extracted_auto,.exe,mysqlslap.exe,mysqlslap,3761576,camera,Kameras komponens vagy telepito,Anti\camera*\*.xml / *.jar / setup artifacts
Anti\SZERVER\_extracted_auto\camera_unpacked\camera\camera-office\deploy\database\Camera DB_unpacked\Camera MySQL\bin\perror.exe,SZERVER_EXTRACTED_AUTO,extracted_auto,.exe,perror.exe,perror,3550632,camera,Kameras komponens vagy telepito,Anti\camera*\*.xml / *.jar / setup artifacts
Anti\SZERVER\_extracted_auto\camera_unpacked\camera\camera-office\deploy\database\Camera DB_unpacked\Camera MySQL\bin\replace.exe,SZERVER_EXTRACTED_AUTO,extracted_auto,.exe,replace.exe,replace,3429800,camera,Kameras komponens vagy telepito,Anti\camera*\*.xml / *.jar / setup artifacts
Anti\SZERVER\_extracted_auto\camera_unpacked\camera\camera-office\deploy\database\Camera DB_unpacked\Camera MySQL\bin\sst_dump.exe,SZERVER_EXTRACTED_AUTO,extracted_auto,.exe,sst_dump.exe,sst_dump,3254696,camera,Kameras komponens vagy telepito,Anti\camera*\*.xml / *.jar / setup artifacts
Anti\SZERVER\_extracted_auto\camera_unpacked\camera\camera-office\deploy\database\Camera DB_unpacked\Camera MySQL\lib\libmariadb.dll,SZERVER_EXTRACTED_AUTO,extracted_auto,.dll,libmariadb.dll,libmariadb,456104,camera,Kameras komponens vagy telepito,Anti\camera*\*.xml / *.jar / setup artifacts
Anti\SZERVER\_extracted_auto\camera_unpacked\camera\camera-office\deploy\database\Camera DB_unpacked\Camera MySQL\lib\plugin\auth_ed25519.dll,SZERVER_EXTRACTED_AUTO,extracted_auto,.dll,auth_ed25519.dll,auth_ed25519,144296,camera,Kameras komponens vagy telepito,Anti\camera*\*.xml / *.jar / setup artifacts
Anti\SZERVER\_extracted_auto\camera_unpacked\camera\camera-office\deploy\database\Camera DB_unpacked\Camera MySQL\lib\plugin\auth_gssapi.dll,SZERVER_EXTRACTED_AUTO,extracted_auto,.dll,auth_gssapi.dll,auth_gssapi,123816,camera,Kameras komponens vagy telepito,Anti\camera*\*.xml / *.jar / setup artifacts
Anti\SZERVER\_extracted_auto\camera_unpacked\camera\camera-office\deploy\database\Camera DB_unpacked\Camera MySQL\lib\plugin\auth_gssapi_client.dll,SZERVER_EXTRACTED_AUTO,extracted_auto,.dll,auth_gssapi_client.dll,auth_gssapi_client,121768,camera,Kameras komponens vagy telepito,Anti\camera*\*.xml / *.jar / setup artifacts
Anti\SZERVER\_extracted_auto\camera_unpacked\camera\camera-office\deploy\database\Camera DB_unpacked\Camera MySQL\lib\plugin\auth_named_pipe.dll,SZERVER_EXTRACTED_AUTO,extracted_auto,.dll,auth_named_pipe.dll,auth_named_pipe,93096,camera,Kameras komponens vagy telepito,Anti\camera*\*.xml / *.jar / setup artifacts
Anti\SZERVER\_extracted_auto\camera_unpacked\camera\camera-office\deploy\database\Camera DB_unpacked\Camera MySQL\lib\plugin\authentication_windows_client.dll,SZERVER_EXTRACTED_AUTO,extracted_auto,.dll,authentication_windows_client.dll,authentication_windows_client,137640,camera,Kameras komponens vagy telepito,Anti\camera*\*.xml / *.jar / setup artifacts
Anti\SZERVER\_extracted_auto\camera_unpacked\camera\camera-office\deploy\database\Camera DB_unpacked\Camera MySQL\lib\plugin\aws_key_management.dll,SZERVER_EXTRACTED_AUTO,extracted_auto,.dll,aws_key_management.dll,aws_key_management,1302440,camera,Kameras komponens vagy telepito,Anti\camera*\*.xml / *.jar / setup artifacts
Anti\SZERVER\_extracted_auto\camera_unpacked\camera\camera-office\deploy\database\Camera DB_unpacked\Camera MySQL\lib\plugin\caching_sha2_password.dll,SZERVER_EXTRACTED_AUTO,extracted_auto,.dll,caching_sha2_password.dll,caching_sha2_password,111528,camera,Kameras komponens vagy telepito,Anti\camera*\*.xml / *.jar / setup artifacts
Anti\SZERVER\_extracted_auto\camera_unpacked\camera\camera-office\deploy\database\Camera DB_unpacked\Camera MySQL\lib\plugin\client_ed25519.dll,SZERVER_EXTRACTED_AUTO,extracted_auto,.dll,client_ed25519.dll,client_ed25519,152488,camera,Kameras komponens vagy telepito,Anti\camera*\*.xml / *.jar / setup artifacts
Anti\SZERVER\_extracted_auto\camera_unpacked\camera\camera-office\deploy\database\Camera DB_unpacked\Camera MySQL\lib\plugin\dialog.dll,SZERVER_EXTRACTED_AUTO,extracted_auto,.dll,dialog.dll,dialog,123816,camera,Kameras komponens vagy telepito,Anti\camera*\*.xml / *.jar / setup artifacts
Anti\SZERVER\_extracted_auto\camera_unpacked\camera\camera-office\deploy\database\Camera DB_unpacked\Camera MySQL\lib\plugin\file_key_management.dll,SZERVER_EXTRACTED_AUTO,extracted_auto,.dll,file_key_management.dll,file_key_management,122792,camera,Kameras komponens vagy telepito,Anti\camera*\*.xml / *.jar / setup artifacts
Anti\SZERVER\_extracted_auto\camera_unpacked\camera\camera-office\deploy\database\Camera DB_unpacked\Camera MySQL\lib\plugin\ha_archive.dll,SZERVER_EXTRACTED_AUTO,extracted_auto,.dll,ha_archive.dll,ha_archive,180136,camera,Kameras komponens vagy telepito,Anti\camera*\*.xml / *.jar / setup artifacts
Anti\SZERVER\_extracted_auto\camera_unpacked\camera\camera-office\deploy\database\Camera DB_unpacked\Camera MySQL\lib\plugin\ha_blackhole.dll,SZERVER_EXTRACTED_AUTO,extracted_auto,.dll,ha_blackhole.dll,ha_blackhole,102824,camera,Kameras komponens vagy telepito,Anti\camera*\*.xml / *.jar / setup artifacts
Anti\SZERVER\_extracted_auto\camera_unpacked\camera\camera-office\deploy\database\Camera DB_unpacked\Camera MySQL\lib\plugin\ha_connect.dll,SZERVER_EXTRACTED_AUTO,extracted_auto,.dll,ha_connect.dll,ha_connect,1418152,camera,Kameras komponens vagy telepito,Anti\camera*\*.xml / *.jar / setup artifacts
Anti\SZERVER\_extracted_auto\camera_unpacked\camera\camera-office\deploy\database\Camera DB_unpacked\Camera MySQL\lib\plugin\ha_federated.dll,SZERVER_EXTRACTED_AUTO,extracted_auto,.dll,ha_federated.dll,ha_federated,158120,camera,Kameras komponens vagy telepito,Anti\camera*\*.xml / *.jar / setup artifacts
Anti\SZERVER\_extracted_auto\camera_unpacked\camera\camera-office\deploy\database\Camera DB_unpacked\Camera MySQL\lib\plugin\ha_federatedx.dll,SZERVER_EXTRACTED_AUTO,extracted_auto,.dll,ha_federatedx.dll,ha_federatedx,176552,camera,Kameras komponens vagy telepito,Anti\camera*\*.xml / *.jar / setup artifacts
Anti\SZERVER\_extracted_auto\camera_unpacked\camera\camera-office\deploy\database\Camera DB_unpacked\Camera MySQL\lib\plugin\ha_rocksdb.dll,SZERVER_EXTRACTED_AUTO,extracted_auto,.dll,ha_rocksdb.dll,ha_rocksdb,5333416,camera,Kameras komponens vagy telepito,Anti\camera*\*.xml / *.jar / setup artifacts
Anti\SZERVER\_extracted_auto\camera_unpacked\camera\camera-office\deploy\database\Camera DB_unpacked\Camera MySQL\lib\plugin\ha_sphinx.dll,SZERVER_EXTRACTED_AUTO,extracted_auto,.dll,ha_sphinx.dll,ha_sphinx,228264,camera,Kameras komponens vagy telepito,Anti\camera*\*.xml / *.jar / setup artifacts
Anti\SZERVER\_extracted_auto\camera_unpacked\camera\camera-office\deploy\database\Camera DB_unpacked\Camera MySQL\lib\plugin\ha_spider.dll,SZERVER_EXTRACTED_AUTO,extracted_auto,.dll,ha_spider.dll,ha_spider,789928,camera,Kameras komponens vagy telepito,Anti\camera*\*.xml / *.jar / setup artifacts
Anti\SZERVER\_extracted_auto\camera_unpacked\camera\camera-office\deploy\database\Camera DB_unpacked\Camera MySQL\lib\plugin\locales.dll,SZERVER_EXTRACTED_AUTO,extracted_auto,.dll,locales.dll,locales,93096,camera,Kameras komponens vagy telepito,Anti\camera*\*.xml / *.jar / setup artifacts
Anti\SZERVER\_extracted_auto\camera_unpacked\camera\camera-office\deploy\database\Camera DB_unpacked\Camera MySQL\lib\plugin\metadata_lock_info.dll,SZERVER_EXTRACTED_AUTO,extracted_auto,.dll,metadata_lock_info.dll,metadata_lock_info,94120,camera,Kameras komponens vagy telepito,Anti\camera*\*.xml / *.jar / setup artifacts
Anti\SZERVER\_extracted_auto\camera_unpacked\camera\camera-office\deploy\database\Camera DB_unpacked\Camera MySQL\lib\plugin\mysql_clear_password.dll,SZERVER_EXTRACTED_AUTO,extracted_auto,.dll,mysql_clear_password.dll,mysql_clear_password,92072,camera,Kameras komponens vagy telepito,Anti\camera*\*.xml / *.jar / setup artifacts
Anti\SZERVER\_extracted_auto\camera_unpacked\camera\camera-office\deploy\database\Camera DB_unpacked\Camera MySQL\lib\plugin\query_cache_info.dll,SZERVER_EXTRACTED_AUTO,extracted_auto,.dll,query_cache_info.dll,query_cache_info,95656,camera,Kameras komponens vagy telepito,Anti\camera*\*.xml / *.jar / setup artifacts
Anti\SZERVER\_extracted_auto\camera_unpacked\camera\camera-office\deploy\database\Camera DB_unpacked\Camera MySQL\lib\plugin\query_response_time.dll,SZERVER_EXTRACTED_AUTO,extracted_auto,.dll,query_response_time.dll,query_response_time,96168,camera,Kameras komponens vagy telepito,Anti\camera*\*.xml / *.jar / setup artifacts
Anti\SZERVER\_extracted_auto\camera_unpacked\camera\camera-office\deploy\database\Camera DB_unpacked\Camera MySQL\lib\plugin\server_audit.dll,SZERVER_EXTRACTED_AUTO,extracted_auto,.dll,server_audit.dll,server_audit,167336,server-core,Kozponti szerver alkalmazas,
Anti\SZERVER\_extracted_auto\camera_unpacked\camera\camera-office\deploy\database\Camera DB_unpacked\Camera MySQL\lib\plugin\sha256_password.dll,SZERVER_EXTRACTED_AUTO,extracted_auto,.dll,sha256_password.dll,sha256_password,109992,camera,Kameras komponens vagy telepito,Anti\camera*\*.xml / *.jar / setup artifacts
Anti\SZERVER\_extracted_auto\camera_unpacked\camera\camera-office\deploy\database\Camera DB_unpacked\Camera MySQL\lib\plugin\simple_password_check.dll,SZERVER_EXTRACTED_AUTO,extracted_auto,.dll,simple_password_check.dll,simple_password_check,93608,camera,Kameras komponens vagy telepito,Anti\camera*\*.xml / *.jar / setup artifacts
Anti\SZERVER\_extracted_auto\camera_unpacked\camera\camera-office\deploy\database\Camera DB_unpacked\Camera MySQL\lib\plugin\sql_errlog.dll,SZERVER_EXTRACTED_AUTO,extracted_auto,.dll,sql_errlog.dll,sql_errlog,128424,camera,Kameras komponens vagy telepito,Anti\camera*\*.xml / *.jar / setup artifacts
Anti\SZERVER\_extracted_auto\camera_unpacked\camera\camera-office\deploy\windows\CameraSetup.exe,SZERVER_EXTRACTED_AUTO,extracted_auto,.exe,CameraSetup.exe,CameraSetup,39373353,camera,Kameras komponens vagy telepito,Anti\camera*\*.xml / *.jar / setup artifacts
Anti\SZERVER\_extracted_auto\camera_unpacked\camera\camera-office\ExclusivePlayer.exe,SZERVER_EXTRACTED_AUTO,extracted_auto,.exe,ExclusivePlayer.exe,ExclusivePlayer,14164703,camera,Kameras komponens vagy telepito,Anti\camera*\*.xml / *.jar / setup artifacts
Anti\SZERVER\_extracted_auto\forrasok_unpacked\ERTEKTAR\etdll\arftmk\debug\project1.exe,SZERVER_EXTRACTED_AUTO,extracted_auto,.exe,project1.exe,project1,957952,rates,Arfolyam karbantarto modul,
Anti\SZERVER\_extracted_auto\forrasok_unpacked\ERTEKTAR\etdll\arftmk\makedll\arftmk.dll,SZERVER_EXTRACTED_AUTO,extracted_auto,.dll,arftmk.dll,arftmk,955904,rates,Arfolyam karbantarto modul,
Anti\SZERVER\_extracted_auto\forrasok_unpacked\ERTEKTAR\etdll\atadolap\debug\obsolot_unpacked\PROJECT1.EXE,SZERVER_EXTRACTED_AUTO,extracted_auto,.exe,PROJECT1.EXE,PROJECT1,804352,vault-transfer,Atadolap es handover dokumentum,
Anti\SZERVER\_extracted_auto\forrasok_unpacked\ERTEKTAR\etdll\atadolap\debug\project1.exe,SZERVER_EXTRACTED_AUTO,extracted_auto,.exe,project1.exe,project1,741888,vault-transfer,Atadolap es handover dokumentum,
Anti\SZERVER\_extracted_auto\forrasok_unpacked\ERTEKTAR\etdll\atadolap\makedll\atadolap.dll,SZERVER_EXTRACTED_AUTO,extracted_auto,.dll,atadolap.dll,atadolap,738816,vault-transfer,Atadolap es handover dokumentum,
Anti\SZERVER\_extracted_auto\forrasok_unpacked\ERTEKTAR\etdll\atadvet\debug\project1.exe,SZERVER_EXTRACTED_AUTO,extracted_auto,.exe,project1.exe,project1,1412608,vault-transfer,Penztarak vagy ertektarak kozotti atadas-atvetel,
Anti\SZERVER\_extracted_auto\forrasok_unpacked\ERTEKTAR\etdll\atadvet\makedll\atadvet.dll,SZERVER_EXTRACTED_AUTO,extracted_auto,.dll,atadvet.dll,atadvet,1410048,vault-transfer,Penztarak vagy ertektarak kozotti atadas-atvetel,
Anti\SZERVER\_extracted_auto\forrasok_unpacked\ERTEKTAR\etdll\bizodisp\debug\project1.exe,SZERVER_EXTRACTED_AUTO,extracted_auto,.exe,project1.exe,project1,987648,unclassified,Tovabbi manualis elemzes szukseges,
Anti\SZERVER\_extracted_auto\forrasok_unpacked\ERTEKTAR\etdll\bizodisp\makedll\bizodisp.dll,SZERVER_EXTRACTED_AUTO,extracted_auto,.dll,bizodisp.dll,bizodisp,985088,legacy-dll,Legacy plugin vagy shared library,
Anti\SZERVER\_extracted_auto\forrasok_unpacked\ERTEKTAR\etdll\bloknyom\debug\project1.exe,SZERVER_EXTRACTED_AUTO,extracted_auto,.exe,project1.exe,project1,683008,unclassified,Tovabbi manualis elemzes szukseges,
Anti\SZERVER\_extracted_auto\forrasok_unpacked\ERTEKTAR\etdll\bloknyom\makedll\bloknyom.dll,SZERVER_EXTRACTED_AUTO,extracted_auto,.dll,bloknyom.dll,bloknyom,675840,legacy-dll,Legacy plugin vagy shared library,
Anti\SZERVER\_extracted_auto\forrasok_unpacked\ERTEKTAR\etdll\checklst\debug\project1.exe,SZERVER_EXTRACTED_AUTO,extracted_auto,.exe,project1.exe,project1,776192,unclassified,Tovabbi manualis elemzes szukseges,
Anti\SZERVER\_extracted_auto\forrasok_unpacked\ERTEKTAR\etdll\checklst\makedll\checklst.dll,SZERVER_EXTRACTED_AUTO,extracted_auto,.dll,checklst.dll,checklst,774144,legacy-dll,Legacy plugin vagy shared library,
Anti\SZERVER\_extracted_auto\forrasok_unpacked\ERTEKTAR\etdll\cimlctrl\makedll\cimlctrl.dll,SZERVER_EXTRACTED_AUTO,extracted_auto,.dll,cimlctrl.dll,cimlctrl,672256,denomination,Cimletkezeles es denomination workflow,
Anti\SZERVER\_extracted_auto\forrasok_unpacked\ERTEKTAR\etdll\cimlet\debug\project1.exe,SZERVER_EXTRACTED_AUTO,extracted_auto,.exe,project1.exe,project1,763904,denomination,Cimletkezeles es denomination workflow,
Anti\SZERVER\_extracted_auto\forrasok_unpacked\ERTEKTAR\etdll\cimlet\makedll\cimlet.dll,SZERVER_EXTRACTED_AUTO,extracted_auto,.dll,cimlet.dll,cimlet,763392,denomination,Cimletkezeles es denomination workflow,
Anti\SZERVER\_extracted_auto\forrasok_unpacked\ERTEKTAR\etdll\cimlmenu\makedll\cimlmenu.dll,SZERVER_EXTRACTED_AUTO,extracted_auto,.dll,cimlmenu.dll,cimlmenu,688128,denomination,Cimletkezeles es denomination workflow,
Anti\SZERVER\_extracted_auto\forrasok_unpacked\ERTEKTAR\etdll\cimlnyom\debug\project1.exe,SZERVER_EXTRACTED_AUTO,extracted_auto,.exe,project1.exe,project1,721408,denomination,Cimletkezeles es denomination workflow,
Anti\SZERVER\_extracted_auto\forrasok_unpacked\ERTEKTAR\etdll\cimlnyom\makedll\cimlnyom.dll,SZERVER_EXTRACTED_AUTO,extracted_auto,.dll,cimlnyom.dll,cimlnyom,734720,denomination,Cimletkezeles es denomination workflow,
Anti\SZERVER\_extracted_auto\forrasok_unpacked\ERTEKTAR\etdll\cimsetup\debug\project1.exe,SZERVER_EXTRACTED_AUTO,extracted_auto,.exe,project1.exe,project1,498688,unclassified,Tovabbi manualis elemzes szukseges,
Anti\SZERVER\_extracted_auto\forrasok_unpacked\ERTEKTAR\etdll\cimsetup\makedll\cimsetup.dll,SZERVER_EXTRACTED_AUTO,extracted_auto,.dll,cimsetup.dll,cimsetup,498176,legacy-dll,Legacy plugin vagy shared library,
Anti\SZERVER\_extracted_auto\forrasok_unpacked\ERTEKTAR\etdll\estizar\debug\project1.exe,SZERVER_EXTRACTED_AUTO,extracted_auto,.exe,project1.exe,project1,898560,unclassified,Tovabbi manualis elemzes szukseges,
Anti\SZERVER\_extracted_auto\forrasok_unpacked\ERTEKTAR\etdll\estizar\makedll\estizar.dll,SZERVER_EXTRACTED_AUTO,extracted_auto,.dll,estizar.dll,estizar,896000,legacy-dll,Legacy plugin vagy shared library,
Anti\SZERVER\_extracted_auto\forrasok_unpacked\ERTEKTAR\etdll\getarf\debug\project1.exe,SZERVER_EXTRACTED_AUTO,extracted_auto,.exe,project1.exe,project1,696832,rates-sync,Arfolyam letoltes vagy rates sync,
Anti\SZERVER\_extracted_auto\forrasok_unpacked\ERTEKTAR\etdll\getarf\makedll\getarf.dll,SZERVER_EXTRACTED_AUTO,extracted_auto,.dll,getarf.dll,getarf,694784,rates-sync,Arfolyam letoltes vagy rates sync,
Anti\SZERVER\_extracted_auto\forrasok_unpacked\ERTEKTAR\etdll\getellen\debug\project1.exe,SZERVER_EXTRACTED_AUTO,extracted_auto,.exe,project1.exe,project1,680448,unclassified,Tovabbi manualis elemzes szukseges,
Anti\SZERVER\_extracted_auto\forrasok_unpacked\ERTEKTAR\etdll\getellen\makedll\getellen.dll,SZERVER_EXTRACTED_AUTO,extracted_auto,.dll,getellen.dll,getellen,677888,legacy-dll,Legacy plugin vagy shared library,
Anti\SZERVER\_extracted_auto\forrasok_unpacked\ERTEKTAR\etdll\getplomb\makedll\getplomb.dll,SZERVER_EXTRACTED_AUTO,extracted_auto,.dll,getplomb.dll,getplomb,685056,legacy-dll,Legacy plugin vagy shared library,
Anti\SZERVER\_extracted_auto\forrasok_unpacked\ERTEKTAR\etdll\getptar\makedll\getptar.dll,SZERVER_EXTRACTED_AUTO,extracted_auto,.dll,getptar.dll,getptar,940544,legacy-dll,Legacy plugin vagy shared library,
Anti\SZERVER\_extracted_auto\forrasok_unpacked\ERTEKTAR\etdll\havizar\debug\project1.exe,SZERVER_EXTRACTED_AUTO,extracted_auto,.exe,project1.exe,project1,750592,closing,Havi zaras workflow,
Anti\SZERVER\_extracted_auto\forrasok_unpacked\ERTEKTAR\etdll\havizar\makedll\havizar.dll,SZERVER_EXTRACTED_AUTO,extracted_auto,.dll,havizar.dll,havizar,748544,closing,Havi zaras workflow,
Anti\SZERVER\_extracted_auto\forrasok_unpacked\ERTEKTAR\etdll\hrkatvevo\debug\project1.exe,SZERVER_EXTRACTED_AUTO,extracted_auto,.exe,project1.exe,project1,1051136,unclassified,Tovabbi manualis elemzes szukseges,
Anti\SZERVER\_extracted_auto\forrasok_unpacked\ERTEKTAR\etdll\hrkatvevo\makedll\hrkget.dll,SZERVER_EXTRACTED_AUTO,extracted_auto,.dll,hrkget.dll,hrkget,1049088,legacy-dll,Legacy plugin vagy shared library,
Anti\SZERVER\_extracted_auto\forrasok_unpacked\ERTEKTAR\etdll\hrkcimlet\debug\project1.exe,SZERVER_EXTRACTED_AUTO,extracted_auto,.exe,project1.exe,project1,691200,denomination,Cimletkezeles es denomination workflow,
Anti\SZERVER\_extracted_auto\forrasok_unpacked\ERTEKTAR\etdll\hrkcimlet\makedll\hrkcim.dll,SZERVER_EXTRACTED_AUTO,extracted_auto,.dll,hrkcim.dll,hrkcim,689152,denomination,Cimletkezeles es denomination workflow,
Anti\SZERVER\_extracted_auto\forrasok_unpacked\ERTEKTAR\etdll\idoszak\makedll\idoszak.dll,SZERVER_EXTRACTED_AUTO,extracted_auto,.dll,idoszak.dll,idoszak,694272,legacy-dll,Legacy plugin vagy shared library,
Anti\SZERVER\_extracted_auto\forrasok_unpacked\ERTEKTAR\etdll\irarfoly\debug\project1.exe,SZERVER_EXTRACTED_AUTO,extracted_auto,.exe,project1.exe,project1,775168,unclassified,Tovabbi manualis elemzes szukseges,
Anti\SZERVER\_extracted_auto\forrasok_unpacked\ERTEKTAR\etdll\irarfoly\makedll\irarfoly.dll,SZERVER_EXTRACTED_AUTO,extracted_auto,.dll,irarfoly.dll,irarfoly,773632,legacy-dll,Legacy plugin vagy shared library,
Anti\SZERVER\_extracted_auto\forrasok_unpacked\ERTEKTAR\etdll\kcimlet\debug\project1.exe,SZERVER_EXTRACTED_AUTO,extracted_auto,.exe,project1.exe,project1,799744,denomination,Cimletkezeles es denomination workflow,
Anti\SZERVER\_extracted_auto\forrasok_unpacked\ERTEKTAR\etdll\kcimlet\makedll\kcimlet.dll,SZERVER_EXTRACTED_AUTO,extracted_auto,.dll,kcimlet.dll,kcimlet,793088,denomination,Cimletkezeles es denomination workflow,
Anti\SZERVER\_extracted_auto\forrasok_unpacked\ERTEKTAR\etdll\keszedit\debug\project1.exe,SZERVER_EXTRACTED_AUTO,extracted_auto,.exe,project1.exe,project1,927744,unclassified,Tovabbi manualis elemzes szukseges,
Anti\SZERVER\_extracted_auto\forrasok_unpacked\ERTEKTAR\etdll\keszedit\makedll\keszedit.dll,SZERVER_EXTRACTED_AUTO,extracted_auto,.dll,keszedit.dll,keszedit,925184,legacy-dll,Legacy plugin vagy shared library,
Anti\SZERVER\_extracted_auto\forrasok_unpacked\ERTEKTAR\etdll\keszup\debug\project1.exe,SZERVER_EXTRACTED_AUTO,extracted_auto,.exe,project1.exe,project1,658944,unclassified,Tovabbi manualis elemzes szukseges,
Anti\SZERVER\_extracted_auto\forrasok_unpacked\ERTEKTAR\etdll\keszup\makedll\keszup.dll,SZERVER_EXTRACTED_AUTO,extracted_auto,.dll,keszup.dll,keszup,652288,legacy-dll,Legacy plugin vagy shared library,
Anti\SZERVER\_extracted_auto\forrasok_unpacked\ERTEKTAR\etdll\kezdij\debug\project1.exe,SZERVER_EXTRACTED_AUTO,extracted_auto,.exe,project1.exe,project1,1075712,unclassified,Tovabbi manualis elemzes szukseges,
Anti\SZERVER\_extracted_auto\forrasok_unpacked\ERTEKTAR\etdll\kezdij\makedll\kezdij.dll,SZERVER_EXTRACTED_AUTO,extracted_auto,.dll,kezdij.dll,kezdij,1073664,legacy-dll,Legacy plugin vagy shared library,
Anti\SZERVER\_extracted_auto\forrasok_unpacked\ERTEKTAR\etdll\korlev\debug\project1.exe,SZERVER_EXTRACTED_AUTO,extracted_auto,.exe,project1.exe,project1,845312,unclassified,Tovabbi manualis elemzes szukseges,
Anti\SZERVER\_extracted_auto\forrasok_unpacked\ERTEKTAR\etdll\korlev\makedll\korlev.dll,SZERVER_EXTRACTED_AUTO,extracted_auto,.dll,korlev.dll,korlev,843264,legacy-dll,Legacy plugin vagy shared library,
Anti\SZERVER\_extracted_auto\forrasok_unpacked\ERTEKTAR\etdll\listak\debug\project1.exe,SZERVER_EXTRACTED_AUTO,extracted_auto,.exe,project1.exe,project1,1187328,unclassified,Tovabbi manualis elemzes szukseges,
Anti\SZERVER\_extracted_auto\forrasok_unpacked\ERTEKTAR\etdll\listak\makedll\listak.dll,SZERVER_EXTRACTED_AUTO,extracted_auto,.dll,listak.dll,listak,1184256,legacy-dll,Legacy plugin vagy shared library,
Anti\SZERVER\_extracted_auto\forrasok_unpacked\ERTEKTAR\etdll\logdisp\debug\project1.exe,SZERVER_EXTRACTED_AUTO,extracted_auto,.exe,project1.exe,project1,506880,unclassified,Tovabbi manualis elemzes szukseges,
Anti\SZERVER\_extracted_auto\forrasok_unpacked\ERTEKTAR\etdll\logdisp\makedll\logdisp.dll,SZERVER_EXTRACTED_AUTO,extracted_auto,.dll,logdisp.dll,logdisp,504320,legacy-dll,Legacy plugin vagy shared library,
Anti\SZERVER\_extracted_auto\forrasok_unpacked\ERTEKTAR\etdll\logiro\debug\project1.exe,SZERVER_EXTRACTED_AUTO,extracted_auto,.exe,project1.exe,project1,393728,unclassified,Tovabbi manualis elemzes szukseges,
Anti\SZERVER\_extracted_auto\forrasok_unpacked\ERTEKTAR\etdll\logiro\exeproba\project1.exe,SZERVER_EXTRACTED_AUTO,extracted_auto,.exe,project1.exe,project1,412672,unclassified,Tovabbi manualis elemzes szukseges,
Anti\SZERVER\_extracted_auto\forrasok_unpacked\ERTEKTAR\etdll\logiro\makedll\logiro.dll,SZERVER_EXTRACTED_AUTO,extracted_auto,.dll,logiro.dll,logiro,387072,legacy-dll,Legacy plugin vagy shared library,
Anti\SZERVER\_extracted_auto\forrasok_unpacked\ERTEKTAR\etdll\maktablak\debug\project1.exe,SZERVER_EXTRACTED_AUTO,extracted_auto,.exe,project1.exe,project1,697856,unclassified,Tovabbi manualis elemzes szukseges,
Anti\SZERVER\_extracted_auto\forrasok_unpacked\ERTEKTAR\etdll\maktablak\makedll\maktabla.dll,SZERVER_EXTRACTED_AUTO,extracted_auto,.dll,maktabla.dll,maktabla,695808,legacy-dll,Legacy plugin vagy shared library,
Anti\SZERVER\_extracted_auto\forrasok_unpacked\ERTEKTAR\etdll\matptar\debug\project1.exe,SZERVER_EXTRACTED_AUTO,extracted_auto,.exe,project1.exe,project1,973824,unclassified,Tovabbi manualis elemzes szukseges,
Anti\SZERVER\_extracted_auto\forrasok_unpacked\ERTEKTAR\etdll\matptar\makedll\matptar.dll,SZERVER_EXTRACTED_AUTO,extracted_auto,.dll,matptar.dll,matptar,971776,legacy-dll,Legacy plugin vagy shared library,
Anti\SZERVER\_extracted_auto\forrasok_unpacked\ERTEKTAR\etdll\mentes\debug\project1.exe,SZERVER_EXTRACTED_AUTO,extracted_auto,.exe,project1.exe,project1,695808,unclassified,Tovabbi manualis elemzes szukseges,
Anti\SZERVER\_extracted_auto\forrasok_unpacked\ERTEKTAR\etdll\mentes\exeproba\project1.exe,SZERVER_EXTRACTED_AUTO,extracted_auto,.exe,project1.exe,project1,389120,unclassified,Tovabbi manualis elemzes szukseges,
Anti\SZERVER\_extracted_auto\forrasok_unpacked\ERTEKTAR\etdll\mentes\makedll\mentes.dll,SZERVER_EXTRACTED_AUTO,extracted_auto,.dll,mentes.dll,mentes,693248,legacy-dll,Legacy plugin vagy shared library,
Anti\SZERVER\_extracted_auto\forrasok_unpacked\ERTEKTAR\etdll\napijel\debug\project1.exe,SZERVER_EXTRACTED_AUTO,extracted_auto,.exe,project1.exe,project1,932352,unclassified,Tovabbi manualis elemzes szukseges,
Anti\SZERVER\_extracted_auto\forrasok_unpacked\ERTEKTAR\etdll\napijel\makedll\napijel.dll,SZERVER_EXTRACTED_AUTO,extracted_auto,.dll,napijel.dll,napijel,930304,legacy-dll,Legacy plugin vagy shared library,
Anti\SZERVER\_extracted_auto\forrasok_unpacked\ERTEKTAR\etdll\napikezd\debug\project1.exe,SZERVER_EXTRACTED_AUTO,extracted_auto,.exe,project1.exe,project1,897024,unclassified,Tovabbi manualis elemzes szukseges,
Anti\SZERVER\_extracted_auto\forrasok_unpacked\ERTEKTAR\etdll\napikezd\makedll\napikezd.dll,SZERVER_EXTRACTED_AUTO,extracted_auto,.dll,napikezd.dll,napikezd,894464,legacy-dll,Legacy plugin vagy shared library,
Anti\SZERVER\_extracted_auto\forrasok_unpacked\ERTEKTAR\etdll\napkonyv\debug\project1.exe,SZERVER_EXTRACTED_AUTO,extracted_auto,.exe,project1.exe,project1,868352,unclassified,Tovabbi manualis elemzes szukseges,
Anti\SZERVER\_extracted_auto\forrasok_unpacked\ERTEKTAR\etdll\napkonyv\makedll\napkonyv.dll,SZERVER_EXTRACTED_AUTO,extracted_auto,.dll,napkonyv.dll,napkonyv,865280,legacy-dll,Legacy plugin vagy shared library,
Anti\SZERVER\_extracted_auto\forrasok_unpacked\ERTEKTAR\etdll\napzar\debug\project1.exe,SZERVER_EXTRACTED_AUTO,extracted_auto,.exe,project1.exe,project1,833024,closing,Napzaras vagy closing workflow,
Anti\SZERVER\_extracted_auto\forrasok_unpacked\ERTEKTAR\etdll\napzar\makedll\napzar.dll,SZERVER_EXTRACTED_AUTO,extracted_auto,.dll,napzar.dll,napzar,829952,closing,Napzaras vagy closing workflow,
Anti\SZERVER\_extracted_auto\forrasok_unpacked\ERTEKTAR\etdll\nifval\debug\project1.exe,SZERVER_EXTRACTED_AUTO,extracted_auto,.exe,project1.exe,project1,753664,unclassified,Tovabbi manualis elemzes szukseges,
Anti\SZERVER\_extracted_auto\forrasok_unpacked\ERTEKTAR\etdll\nifval\makedll\nifval.dll,SZERVER_EXTRACTED_AUTO,extracted_auto,.dll,nifval.dll,nifval,751104,legacy-dll,Legacy plugin vagy shared library,
Anti\SZERVER\_extracted_auto\forrasok_unpacked\ERTEKTAR\etdll\nznyomt\debug\project1.exe,SZERVER_EXTRACTED_AUTO,extracted_auto,.exe,project1.exe,project1,847872,unclassified,Tovabbi manualis elemzes szukseges,
Anti\SZERVER\_extracted_auto\forrasok_unpacked\ERTEKTAR\etdll\nznyomt\makedll\nznyomt.dll,SZERVER_EXTRACTED_AUTO,extracted_auto,.dll,nznyomt.dll,nznyomt,845824,legacy-dll,Legacy plugin vagy shared library,
Anti\SZERVER\_extracted_auto\forrasok_unpacked\ERTEKTAR\etdll\penztarak\debug\old_unpacked\Project1.exe,SZERVER_EXTRACTED_AUTO,extracted_auto,.exe,Project1.exe,Project1,1400832,unclassified,Tovabbi manualis elemzes szukseges,
Anti\SZERVER\_extracted_auto\forrasok_unpacked\ERTEKTAR\etdll\penztarak\debug\project1.exe,SZERVER_EXTRACTED_AUTO,extracted_auto,.exe,project1.exe,project1,1498112,unclassified,Tovabbi manualis elemzes szukseges,
Anti\SZERVER\_extracted_auto\forrasok_unpacked\ERTEKTAR\etdll\penztarak\makedll\ptarak.dll,SZERVER_EXTRACTED_AUTO,extracted_auto,.dll,ptarak.dll,ptarak,1496064,legacy-dll,Legacy plugin vagy shared library,
Anti\SZERVER\_extracted_auto\forrasok_unpacked\ERTEKTAR\etdll\pictload\debug\project1.exe,SZERVER_EXTRACTED_AUTO,extracted_auto,.exe,project1.exe,project1,647680,unclassified,Tovabbi manualis elemzes szukseges,
Anti\SZERVER\_extracted_auto\forrasok_unpacked\ERTEKTAR\etdll\pictload\makedll\pictload.dll,SZERVER_EXTRACTED_AUTO,extracted_auto,.dll,pictload.dll,pictload,642048,legacy-dll,Legacy plugin vagy shared library,
Anti\SZERVER\_extracted_auto\forrasok_unpacked\ERTEKTAR\etdll\pillall\debug\project1.exe,SZERVER_EXTRACTED_AUTO,extracted_auto,.exe,project1.exe,project1,837120,cash-stock,Pillanatnyi penztarallas,
Anti\SZERVER\_extracted_auto\forrasok_unpacked\ERTEKTAR\etdll\pillall\makedll\pillall.dll,SZERVER_EXTRACTED_AUTO,extracted_auto,.dll,pillall.dll,pillall,834048,cash-stock,Pillanatnyi penztarallas,
Anti\SZERVER\_extracted_auto\forrasok_unpacked\ERTEKTAR\etdll\pillkesz\debug\project1.exe,SZERVER_EXTRACTED_AUTO,extracted_auto,.exe,project1.exe,project1,1155072,unclassified,Tovabbi manualis elemzes szukseges,
Anti\SZERVER\_extracted_auto\forrasok_unpacked\ERTEKTAR\etdll\pillkesz\exeproba\project1.exe,SZERVER_EXTRACTED_AUTO,extracted_auto,.exe,project1.exe,project1,389120,unclassified,Tovabbi manualis elemzes szukseges,
Anti\SZERVER\_extracted_auto\forrasok_unpacked\ERTEKTAR\etdll\pillkesz\grafikon\project1.exe,SZERVER_EXTRACTED_AUTO,extracted_auto,.exe,project1.exe,project1,865792,unclassified,Tovabbi manualis elemzes szukseges,
Anti\SZERVER\_extracted_auto\forrasok_unpacked\ERTEKTAR\etdll\pillkesz\makedll\pillkesz.dll,SZERVER_EXTRACTED_AUTO,extracted_auto,.dll,pillkesz.dll,pillkesz,1152000,legacy-dll,Legacy plugin vagy shared library,
Anti\SZERVER\_extracted_auto\forrasok_unpacked\ERTEKTAR\etdll\prosbe\debug\project1.exe,SZERVER_EXTRACTED_AUTO,extracted_auto,.exe,project1.exe,project1,1052160,auth-cashier,Penztaros beleptetes,
Anti\SZERVER\_extracted_auto\forrasok_unpacked\ERTEKTAR\etdll\prosbe\makedll\prosbe.dll,SZERVER_EXTRACTED_AUTO,extracted_auto,.dll,prosbe.dll,prosbe,1050112,auth-cashier,Penztaros beleptetes,
Anti\SZERVER\_extracted_auto\forrasok_unpacked\ERTEKTAR\etdll\prostmk\debug\project1.exe,SZERVER_EXTRACTED_AUTO,extracted_auto,.exe,project1.exe,project1,954880,auth-cashier,Penztaros es jelszo karbantartas,
Anti\SZERVER\_extracted_auto\forrasok_unpacked\ERTEKTAR\etdll\prostmk\makedll\prostmk.dll,SZERVER_EXTRACTED_AUTO,extracted_auto,.dll,prostmk.dll,prostmk,952832,auth-cashier,Penztaros es jelszo karbantartas,
Anti\SZERVER\_extracted_auto\forrasok_unpacked\ERTEKTAR\etdll\ptarkesz\debug\project1.exe,SZERVER_EXTRACTED_AUTO,extracted_auto,.exe,project1.exe,project1,680448,unclassified,Tovabbi manualis elemzes szukseges,
Anti\SZERVER\_extracted_auto\forrasok_unpacked\ERTEKTAR\etdll\ptarkesz\makedll\aktkesz.dll,SZERVER_EXTRACTED_AUTO,extracted_auto,.dll,aktkesz.dll,aktkesz,677888,legacy-dll,Legacy plugin vagy shared library,
Anti\SZERVER\_extracted_auto\forrasok_unpacked\ERTEKTAR\etdll\ptartmk\debug\project1.exe,SZERVER_EXTRACTED_AUTO,extracted_auto,.exe,project1.exe,project1,945152,unclassified,Tovabbi manualis elemzes szukseges,
Anti\SZERVER\_extracted_auto\forrasok_unpacked\ERTEKTAR\etdll\ptartmk\makedll\ptartmk.dll,SZERVER_EXTRACTED_AUTO,extracted_auto,.dll,ptartmk.dll,ptartmk,942592,legacy-dll,Legacy plugin vagy shared library,
Anti\SZERVER\_extracted_auto\forrasok_unpacked\ERTEKTAR\etdll\quitform\debug\project1.exe,SZERVER_EXTRACTED_AUTO,extracted_auto,.exe,project1.exe,project1,815104,unclassified,Tovabbi manualis elemzes szukseges,
Anti\SZERVER\_extracted_auto\forrasok_unpacked\ERTEKTAR\etdll\quitform\makedll\quitform.dll,SZERVER_EXTRACTED_AUTO,extracted_auto,.dll,quitform.dll,quitform,812544,legacy-dll,Legacy plugin vagy shared library,
Anti\SZERVER\_extracted_auto\forrasok_unpacked\ERTEKTAR\etdll\ratectrl\debug\project1.exe,SZERVER_EXTRACTED_AUTO,extracted_auto,.exe,project1.exe,project1,1020416,unclassified,Tovabbi manualis elemzes szukseges,
Anti\SZERVER\_extracted_auto\forrasok_unpacked\ERTEKTAR\etdll\ratectrl\makedll\ratectrl.dll,SZERVER_EXTRACTED_AUTO,extracted_auto,.dll,ratectrl.dll,ratectrl,1017344,legacy-dll,Legacy plugin vagy shared library,
Anti\SZERVER\_extracted_auto\forrasok_unpacked\ERTEKTAR\etdll\rateperm\debug\minta.exe,SZERVER_EXTRACTED_AUTO,extracted_auto,.exe,minta.exe,minta,877056,unclassified,Tovabbi manualis elemzes szukseges,
Anti\SZERVER\_extracted_auto\forrasok_unpacked\ERTEKTAR\etdll\rateperm\makedll\rateperm.dll,SZERVER_EXTRACTED_AUTO,extracted_auto,.dll,rateperm.dll,rateperm,875520,legacy-dll,Legacy plugin vagy shared library,
Anti\SZERVER\_extracted_auto\forrasok_unpacked\ERTEKTAR\etdll\regen\debug\project1.exe,SZERVER_EXTRACTED_AUTO,extracted_auto,.exe,project1.exe,project1,707584,unclassified,Tovabbi manualis elemzes szukseges,
Anti\SZERVER\_extracted_auto\forrasok_unpacked\ERTEKTAR\etdll\regen\makedll\regen.dll,SZERVER_EXTRACTED_AUTO,extracted_auto,.dll,regen.dll,regen,701440,legacy-dll,Legacy plugin vagy shared library,
Anti\SZERVER\_extracted_auto\forrasok_unpacked\ERTEKTAR\etdll\regizaro\makedll\regizaro.dll,SZERVER_EXTRACTED_AUTO,extracted_auto,.dll,regizaro.dll,regizaro,805888,legacy-dll,Legacy plugin vagy shared library,
Anti\SZERVER\_extracted_auto\forrasok_unpacked\ERTEKTAR\etdll\storno\debug\project1.exe,SZERVER_EXTRACTED_AUTO,extracted_auto,.exe,project1.exe,project1,973312,storno,Sztorno tranzakcio vagy visszavonas,
Anti\SZERVER\_extracted_auto\forrasok_unpacked\ERTEKTAR\etdll\storno\makedll\storno.dll,SZERVER_EXTRACTED_AUTO,extracted_auto,.dll,storno.dll,storno,971264,storno,Sztorno tranzakcio vagy visszavonas,
Anti\SZERVER\_extracted_auto\forrasok_unpacked\ERTEKTAR\etdll\super\makedll\super.dll,SZERVER_EXTRACTED_AUTO,extracted_auto,.dll,super.dll,super,425472,supervisor,Supervisor jogosultsag vagy felulbiraslat,
Anti\SZERVER\_extracted_auto\forrasok_unpacked\ERTEKTAR\etdll\supertsk\debug\project1.exe,SZERVER_EXTRACTED_AUTO,extracted_auto,.exe,project1.exe,project1,809984,supervisor,Supervisor jogosultsag vagy felulbiraslat,
Anti\SZERVER\_extracted_auto\forrasok_unpacked\ERTEKTAR\etdll\supertsk\makedll\supertsk.dll,SZERVER_EXTRACTED_AUTO,extracted_auto,.dll,supertsk.dll,supertsk,806912,supervisor,Supervisor jogosultsag vagy felulbiraslat,
Anti\SZERVER\_extracted_auto\forrasok_unpacked\ERTEKTAR\etdll\terminal\makedll\terminal.dll,SZERVER_EXTRACTED_AUTO,extracted_auto,.dll,terminal.dll,terminal,781824,terminal,Terminal vagy peripheral integration,
Anti\SZERVER\_extracted_auto\forrasok_unpacked\ERTEKTAR\etdll\wunion\makedll\wunion.dll,SZERVER_EXTRACTED_AUTO,extracted_auto,.dll,wunion.dll,wunion,1063424,western-union,Western Union integracio,
Anti\SZERVER\_extracted_auto\forrasok_unpacked\ERTEKTAR\fejleszt\frissito\frissito.exe,SZERVER_EXTRACTED_AUTO,extracted_auto,.exe,frissito.exe,frissito,947712,unclassified,Tovabbi manualis elemzes szukseges,
Anti\SZERVER\_extracted_auto\forrasok_unpacked\ERTEKTAR\fejleszt\frissito\project1.exe,SZERVER_EXTRACTED_AUTO,extracted_auto,.exe,project1.exe,project1,947712,unclassified,Tovabbi manualis elemzes szukseges,
Anti\SZERVER\_extracted_auto\forrasok_unpacked\ERTEKTAR\fejleszt\newyear\evnyito.exe,SZERVER_EXTRACTED_AUTO,extracted_auto,.exe,evnyito.exe,evnyito,676352,year-opening,Evnyito folyamat,
Anti\SZERVER\_extracted_auto\forrasok_unpacked\ERTEKTAR\fejleszt\newyear\project1.exe,SZERVER_EXTRACTED_AUTO,extracted_auto,.exe,project1.exe,project1,676352,year-opening,Evnyito folyamat,
Anti\SZERVER\_extracted_auto\forrasok_unpacked\firebird\19220_ibconsole_1.1.0.27_unpacked\IBConsole.exe,SZERVER_EXTRACTED_AUTO,extracted_auto,.exe,IBConsole.exe,IBConsole,4553728,firebird-runtime,Firebird adatbazis runtime vagy telepito,
Anti\SZERVER\_extracted_auto\forrasok_unpacked\firebird\firebird-2.1.1.17910-0_win32.exe,SZERVER_EXTRACTED_AUTO,extracted_auto,.exe,firebird-2.1.1.17910-0_win32.exe,firebird-2.1.1.17910-0_win32,6659927,firebird-runtime,Firebird adatbazis runtime vagy telepito,
Anti\SZERVER\_extracted_auto\forrasok_unpacked\firebird\firebird.exe,SZERVER_EXTRACTED_AUTO,extracted_auto,.exe,firebird.exe,firebird,2774893,firebird-runtime,Firebird adatbazis runtime vagy telepito,
Anti\SZERVER\_extracted_auto\forrasok_unpacked\firebird\ibmanager.exe,SZERVER_EXTRACTED_AUTO,extracted_auto,.exe,ibmanager.exe,ibmanager,2156544,firebird-runtime,Firebird adatbazis runtime vagy telepito,
Anti\SZERVER\_extracted_auto\forrasok_unpacked\progkill.exe,SZERVER_EXTRACTED_AUTO,extracted_auto,.exe,progkill.exe,progkill,430592,unclassified,Tovabbi manualis elemzes szukseges,
Anti\SZERVER\_extracted_auto\forrasok_unpacked\SZERVER\fejleszt\_arfteszt\arfolyam.exe,SZERVER_EXTRACTED_AUTO,extracted_auto,.exe,arfolyam.exe,arfolyam,1163264,rates,Arfolyam kezeles es rates tooling,
Anti\SZERVER\_extracted_auto\forrasok_unpacked\SZERVER\fejleszt\_napiforg\napiforg.exe,SZERVER_EXTRACTED_AUTO,extracted_auto,.exe,napiforg.exe,napiforg,723456,unclassified,Tovabbi manualis elemzes szukseges,
Anti\SZERVER\_extracted_auto\forrasok_unpacked\SZERVER\fejleszt\archival\archivalo.exe,SZERVER_EXTRACTED_AUTO,extracted_auto,.exe,archivalo.exe,archivalo,700928,unclassified,Tovabbi manualis elemzes szukseges,
Anti\SZERVER\_extracted_auto\forrasok_unpacked\SZERVER\fejleszt\archival\project1.exe,SZERVER_EXTRACTED_AUTO,extracted_auto,.exe,project1.exe,project1,700928,unclassified,Tovabbi manualis elemzes szukseges,
Anti\SZERVER\_extracted_auto\forrasok_unpacked\SZERVER\fejleszt\arfolyam\old\arfolyam.exe,SZERVER_EXTRACTED_AUTO,extracted_auto,.exe,arfolyam.exe,arfolyam,1166336,rates,Arfolyam kezeles es rates tooling,
Anti\SZERVER\_extracted_auto\forrasok_unpacked\SZERVER\fejleszt\arfolyam\old\attolto\project1.exe,SZERVER_EXTRACTED_AUTO,extracted_auto,.exe,project1.exe,project1,707584,rates,Arfolyam kezeles es rates tooling,
Anti\SZERVER\_extracted_auto\forrasok_unpacked\SZERVER\fejleszt\arfolyam\verzio20\arfolyam.exe,SZERVER_EXTRACTED_AUTO,extracted_auto,.exe,arfolyam.exe,arfolyam,1166336,rates,Arfolyam kezeles es rates tooling,
Anti\SZERVER\_extracted_auto\forrasok_unpacked\SZERVER\fejleszt\arfolyam\verzio20\arfolyam_unpacked\Arfolyam.exe,SZERVER_EXTRACTED_AUTO,extracted_auto,.exe,Arfolyam.exe,Arfolyam,1163264,rates,Arfolyam kezeles es rates tooling,
Anti\SZERVER\_extracted_auto\forrasok_unpacked\SZERVER\fejleszt\arfolyam\verzio20\arfolyam_unpacked\OLD_unpacked\ARFOLYAM.EXE,SZERVER_EXTRACTED_AUTO,extracted_auto,.exe,ARFOLYAM.EXE,ARFOLYAM,1147392,rates,Arfolyam kezeles es rates tooling,
Anti\SZERVER\_extracted_auto\forrasok_unpacked\SZERVER\fejleszt\arfolyam\verzio20\arfolyam_unpacked\OLD_unpacked\OLDARF_unpacked\ARFOLYAM.EXE,SZERVER_EXTRACTED_AUTO,extracted_auto,.exe,ARFOLYAM.EXE,ARFOLYAM,1423360,rates,Arfolyam kezeles es rates tooling,
Anti\SZERVER\_extracted_auto\forrasok_unpacked\SZERVER\fejleszt\arfolyam\verzio20\old_unpacked\ARFOLYAM.EXE,SZERVER_EXTRACTED_AUTO,extracted_auto,.exe,ARFOLYAM.EXE,ARFOLYAM,1147392,rates,Arfolyam kezeles es rates tooling,
Anti\SZERVER\_extracted_auto\forrasok_unpacked\SZERVER\fejleszt\arfolyam\verzio20\old_unpacked\OLDARF_unpacked\ARFOLYAM.EXE,SZERVER_EXTRACTED_AUTO,extracted_auto,.exe,ARFOLYAM.EXE,ARFOLYAM,1423360,rates,Arfolyam kezeles es rates tooling,
Anti\SZERVER\_extracted_auto\forrasok_unpacked\SZERVER\fejleszt\arfolyam\verzio21\arfolyam.exe,SZERVER_EXTRACTED_AUTO,extracted_auto,.exe,arfolyam.exe,arfolyam,1170432,rates,Arfolyam kezeles es rates tooling,
Anti\SZERVER\_extracted_auto\forrasok_unpacked\SZERVER\fejleszt\arfolyam\verzio21\arfolyam_unpacked\Arfolyam.exe,SZERVER_EXTRACTED_AUTO,extracted_auto,.exe,Arfolyam.exe,Arfolyam,1163264,rates,Arfolyam kezeles es rates tooling,
Anti\SZERVER\_extracted_auto\forrasok_unpacked\SZERVER\fejleszt\arfolyam\verzio21\arfolyam_unpacked\OLD_unpacked\ARFOLYAM.EXE,SZERVER_EXTRACTED_AUTO,extracted_auto,.exe,ARFOLYAM.EXE,ARFOLYAM,1147392,rates,Arfolyam kezeles es rates tooling,
Anti\SZERVER\_extracted_auto\forrasok_unpacked\SZERVER\fejleszt\arfolyam\verzio21\arfolyam_unpacked\OLD_unpacked\OLDARF_unpacked\ARFOLYAM.EXE,SZERVER_EXTRACTED_AUTO,extracted_auto,.exe,ARFOLYAM.EXE,ARFOLYAM,1423360,rates,Arfolyam kezeles es rates tooling,
Anti\SZERVER\_extracted_auto\forrasok_unpacked\SZERVER\fejleszt\arfolyam\verzio21\old_unpacked\ARFOLYAM.EXE,SZERVER_EXTRACTED_AUTO,extracted_auto,.exe,ARFOLYAM.EXE,ARFOLYAM,1147392,rates,Arfolyam kezeles es rates tooling,
Anti\SZERVER\_extracted_auto\forrasok_unpacked\SZERVER\fejleszt\arfolyam\verzio21\old_unpacked\OLDARF_unpacked\ARFOLYAM.EXE,SZERVER_EXTRACTED_AUTO,extracted_auto,.exe,ARFOLYAM.EXE,ARFOLYAM,1423360,rates,Arfolyam kezeles es rates tooling,
Anti\SZERVER\_extracted_auto\forrasok_unpacked\SZERVER\fejleszt\arfolyam\verzio22\arfolyam.exe,SZERVER_EXTRACTED_AUTO,extracted_auto,.exe,arfolyam.exe,arfolyam,1170432,rates,Arfolyam kezeles es rates tooling,
Anti\SZERVER\_extracted_auto\forrasok_unpacked\SZERVER\fejleszt\arfolyam\verzio22\arfolyam_unpacked\Arfolyam.exe,SZERVER_EXTRACTED_AUTO,extracted_auto,.exe,Arfolyam.exe,Arfolyam,1163264,rates,Arfolyam kezeles es rates tooling,
Anti\SZERVER\_extracted_auto\forrasok_unpacked\SZERVER\fejleszt\arfolyam\verzio22\arfolyam_unpacked\OLD_unpacked\ARFOLYAM.EXE,SZERVER_EXTRACTED_AUTO,extracted_auto,.exe,ARFOLYAM.EXE,ARFOLYAM,1147392,rates,Arfolyam kezeles es rates tooling,
Anti\SZERVER\_extracted_auto\forrasok_unpacked\SZERVER\fejleszt\arfolyam\verzio22\arfolyam_unpacked\OLD_unpacked\OLDARF_unpacked\ARFOLYAM.EXE,SZERVER_EXTRACTED_AUTO,extracted_auto,.exe,ARFOLYAM.EXE,ARFOLYAM,1423360,rates,Arfolyam kezeles es rates tooling,
Anti\SZERVER\_extracted_auto\forrasok_unpacked\SZERVER\fejleszt\arfolyam\verzio22\old_unpacked\ARFOLYAM.EXE,SZERVER_EXTRACTED_AUTO,extracted_auto,.exe,ARFOLYAM.EXE,ARFOLYAM,1147392,rates,Arfolyam kezeles es rates tooling,
Anti\SZERVER\_extracted_auto\forrasok_unpacked\SZERVER\fejleszt\arfolyam\verzio22\old_unpacked\OLDARF_unpacked\ARFOLYAM.EXE,SZERVER_EXTRACTED_AUTO,extracted_auto,.exe,ARFOLYAM.EXE,ARFOLYAM,1423360,rates,Arfolyam kezeles es rates tooling,
Anti\SZERVER\_extracted_auto\forrasok_unpacked\SZERVER\fejleszt\banklist\project1.exe,SZERVER_EXTRACTED_AUTO,extracted_auto,.exe,project1.exe,project1,725504,unclassified,Tovabbi manualis elemzes szukseges,
Anti\SZERVER\_extracted_auto\forrasok_unpacked\SZERVER\fejleszt\beszam\makebesz.exe,SZERVER_EXTRACTED_AUTO,extracted_auto,.exe,makebesz.exe,makebesz,946688,unclassified,Tovabbi manualis elemzes szukseges,
Anti\SZERVER\_extracted_auto\forrasok_unpacked\SZERVER\fejleszt\beszam\temp\aaa_unpacked\PROJECT1.EXE,SZERVER_EXTRACTED_AUTO,extracted_auto,.exe,PROJECT1.EXE,PROJECT1,451072,unclassified,Tovabbi manualis elemzes szukseges,
Anti\SZERVER\_extracted_auto\forrasok_unpacked\SZERVER\fejleszt\booking\advetexcel\debug\project1.exe,SZERVER_EXTRACTED_AUTO,extracted_auto,.exe,project1.exe,project1,689664,reservation,Foglalas rendszer,
Anti\SZERVER\_extracted_auto\forrasok_unpacked\SZERVER\fejleszt\booking\advetexcel\makedll\advetex.dll,SZERVER_EXTRACTED_AUTO,extracted_auto,.dll,advetex.dll,advetex,683008,reservation,Foglalas rendszer,
Anti\SZERVER\_extracted_auto\forrasok_unpacked\SZERVER\fejleszt\booking\booking\booking\booking.exe,SZERVER_EXTRACTED_AUTO,extracted_auto,.exe,booking.exe,booking,756736,reservation,Foglalas rendszer,
Anti\SZERVER\_extracted_auto\forrasok_unpacked\SZERVER\fejleszt\booking\forgexel\debug\project1.exe,SZERVER_EXTRACTED_AUTO,extracted_auto,.exe,project1.exe,project1,794112,reservation,Foglalas rendszer,
Anti\SZERVER\_extracted_auto\forrasok_unpacked\SZERVER\fejleszt\booking\forgexel\makedll\forgex.dll,SZERVER_EXTRACTED_AUTO,extracted_auto,.dll,forgex.dll,forgex,787456,reservation,Foglalas rendszer,
Anti\SZERVER\_extracted_auto\forrasok_unpacked\SZERVER\fejleszt\booking\keszexcel\debug\project1.exe,SZERVER_EXTRACTED_AUTO,extracted_auto,.exe,project1.exe,project1,712704,reservation,Foglalas rendszer,
Anti\SZERVER\_extracted_auto\forrasok_unpacked\SZERVER\fejleszt\booking\keszexcel\makedll\keszex.dll,SZERVER_EXTRACTED_AUTO,extracted_auto,.dll,keszex.dll,keszex,706560,reservation,Foglalas rendszer,
Anti\SZERVER\_extracted_auto\forrasok_unpacked\SZERVER\fejleszt\booking\proba\project1.exe,SZERVER_EXTRACTED_AUTO,extracted_auto,.exe,project1.exe,project1,406528,reservation,Foglalas rendszer,
Anti\SZERVER\_extracted_auto\forrasok_unpacked\SZERVER\fejleszt\booking\save\advetexcel\debug\project1.exe,SZERVER_EXTRACTED_AUTO,extracted_auto,.exe,project1.exe,project1,689664,reservation,Foglalas rendszer,
Anti\SZERVER\_extracted_auto\forrasok_unpacked\SZERVER\fejleszt\booking\save\advetexcel\makedll\advetex.dll,SZERVER_EXTRACTED_AUTO,extracted_auto,.dll,advetex.dll,advetex,683008,reservation,Foglalas rendszer,
Anti\SZERVER\_extracted_auto\forrasok_unpacked\SZERVER\fejleszt\booking\save\booking\booking.exe,SZERVER_EXTRACTED_AUTO,extracted_auto,.exe,booking.exe,booking,757248,reservation,Foglalas rendszer,
Anti\SZERVER\_extracted_auto\forrasok_unpacked\SZERVER\fejleszt\booking\save\forgexel\debug\project1.exe,SZERVER_EXTRACTED_AUTO,extracted_auto,.exe,project1.exe,project1,794112,reservation,Foglalas rendszer,
Anti\SZERVER\_extracted_auto\forrasok_unpacked\SZERVER\fejleszt\booking\save\forgexel\makedll\forgex.dll,SZERVER_EXTRACTED_AUTO,extracted_auto,.dll,forgex.dll,forgex,787456,reservation,Foglalas rendszer,
Anti\SZERVER\_extracted_auto\forrasok_unpacked\SZERVER\fejleszt\booking\save\keszexcel\debug\project1.exe,SZERVER_EXTRACTED_AUTO,extracted_auto,.exe,project1.exe,project1,712704,reservation,Foglalas rendszer,
Anti\SZERVER\_extracted_auto\forrasok_unpacked\SZERVER\fejleszt\booking\save\keszexcel\makedll\keszex.dll,SZERVER_EXTRACTED_AUTO,extracted_auto,.dll,keszex.dll,keszex,706560,reservation,Foglalas rendszer,
Anti\SZERVER\_extracted_auto\forrasok_unpacked\SZERVER\fejleszt\confident\confident.exe,SZERVER_EXTRACTED_AUTO,extracted_auto,.exe,confident.exe,confident,451584,unclassified,Tovabbi manualis elemzes szukseges,
Anti\SZERVER\_extracted_auto\forrasok_unpacked\SZERVER\fejleszt\confident\project1.exe,SZERVER_EXTRACTED_AUTO,extracted_auto,.exe,project1.exe,project1,451584,unclassified,Tovabbi manualis elemzes szukseges,
Anti\SZERVER\_extracted_auto\forrasok_unpacked\SZERVER\fejleszt\etrade\etrade.exe,SZERVER_EXTRACTED_AUTO,extracted_auto,.exe,etrade.exe,etrade,674816,trade-module,Kulon trade es kiegeszito kereskedelmi modul,
Anti\SZERVER\_extracted_auto\forrasok_unpacked\SZERVER\fejleszt\everseny\acversny.exe,SZERVER_EXTRACTED_AUTO,extracted_auto,.exe,acversny.exe,acversny,1186304,unclassified,Tovabbi manualis elemzes szukseges,
Anti\SZERVER\_extracted_auto\forrasok_unpacked\SZERVER\fejleszt\evitranz\project2.exe,SZERVER_EXTRACTED_AUTO,extracted_auto,.exe,project2.exe,project2,697344,unclassified,Tovabbi manualis elemzes szukseges,
Anti\SZERVER\_extracted_auto\forrasok_unpacked\SZERVER\fejleszt\evnyito\evnyito.exe,SZERVER_EXTRACTED_AUTO,extracted_auto,.exe,evnyito.exe,evnyito,713216,year-opening,Evnyito folyamat,
Anti\SZERVER\_extracted_auto\forrasok_unpacked\SZERVER\fejleszt\evnyito\project1.exe,SZERVER_EXTRACTED_AUTO,extracted_auto,.exe,project1.exe,project1,713216,year-opening,Evnyito folyamat,
Anti\SZERVER\_extracted_auto\forrasok_unpacked\SZERVER\fejleszt\expadvet\xadvet.exe,SZERVER_EXTRACTED_AUTO,extracted_auto,.exe,xadvet.exe,xadvet,748032,unclassified,Tovabbi manualis elemzes szukseges,
Anti\SZERVER\_extracted_auto\forrasok_unpacked\SZERVER\fejleszt\expevnyito\project1.exe,SZERVER_EXTRACTED_AUTO,extracted_auto,.exe,project1.exe,project1,725504,year-opening,Evnyito folyamat,
Anti\SZERVER\_extracted_auto\forrasok_unpacked\SZERVER\fejleszt\expgbakall\project1.exe,SZERVER_EXTRACTED_AUTO,extracted_auto,.exe,project1.exe,project1,416768,unclassified,Tovabbi manualis elemzes szukseges,
Anti\SZERVER\_extracted_auto\forrasok_unpacked\SZERVER\fejleszt\fdbtomorito\tomorito.exe,SZERVER_EXTRACTED_AUTO,extracted_auto,.exe,tomorito.exe,tomorito,441344,unclassified,Tovabbi manualis elemzes szukseges,
Anti\SZERVER\_extracted_auto\forrasok_unpacked\SZERVER\fejleszt\fdbtorlo\fdbtorlo.exe,SZERVER_EXTRACTED_AUTO,extracted_auto,.exe,fdbtorlo.exe,fdbtorlo,698368,unclassified,Tovabbi manualis elemzes szukseges,
Anti\SZERVER\_extracted_auto\forrasok_unpacked\SZERVER\fejleszt\foglalo\foglalo.exe,SZERVER_EXTRACTED_AUTO,extracted_auto,.exe,foglalo.exe,foglalo,720896,reservation,Foglalas rendszer,
Anti\SZERVER\_extracted_auto\forrasok_unpacked\SZERVER\fejleszt\forgdisp\project1.exe,SZERVER_EXTRACTED_AUTO,extracted_auto,.exe,project1.exe,project1,693248,unclassified,Tovabbi manualis elemzes szukseges,
Anti\SZERVER\_extracted_auto\forrasok_unpacked\SZERVER\fejleszt\frissdat\frissdat.exe,SZERVER_EXTRACTED_AUTO,extracted_auto,.exe,frissdat.exe,frissdat,748032,unclassified,Tovabbi manualis elemzes szukseges,
Anti\SZERVER\_extracted_auto\forrasok_unpacked\SZERVER\fejleszt\frissdat\tolto\project1.exe,SZERVER_EXTRACTED_AUTO,extracted_auto,.exe,project1.exe,project1,669184,unclassified,Tovabbi manualis elemzes szukseges,
Anti\SZERVER\_extracted_auto\forrasok_unpacked\SZERVER\fejleszt\gbakall\project1.exe,SZERVER_EXTRACTED_AUTO,extracted_auto,.exe,project1.exe,project1,416768,unclassified,Tovabbi manualis elemzes szukseges,
Anti\SZERVER\_extracted_auto\forrasok_unpacked\SZERVER\fejleszt\haszon\haszon.exe,SZERVER_EXTRACTED_AUTO,extracted_auto,.exe,haszon.exe,haszon,1185792,profit,Haszonszamitas,
Anti\SZERVER\_extracted_auto\forrasok_unpacked\SZERVER\fejleszt\havitablo\havitablo.exe,SZERVER_EXTRACTED_AUTO,extracted_auto,.exe,havitablo.exe,havitablo,770560,unclassified,Tovabbi manualis elemzes szukseges,
Anti\SZERVER\_extracted_auto\forrasok_unpacked\SZERVER\fejleszt\havitrad\project1.exe,SZERVER_EXTRACTED_AUTO,extracted_auto,.exe,project1.exe,project1,687104,unclassified,Tovabbi manualis elemzes szukseges,
Anti\SZERVER\_extracted_auto\forrasok_unpacked\SZERVER\fejleszt\helga\dllek\arftmk\debug\project1.exe,SZERVER_EXTRACTED_AUTO,extracted_auto,.exe,project1.exe,project1,951296,rates,Arfolyam karbantarto modul,
Anti\SZERVER\_extracted_auto\forrasok_unpacked\SZERVER\fejleszt\helga\dllek\arftmk\makedll\arftmk.dll,SZERVER_EXTRACTED_AUTO,extracted_auto,.dll,arftmk.dll,arftmk,949248,rates,Arfolyam karbantarto modul,
Anti\SZERVER\_extracted_auto\forrasok_unpacked\SZERVER\fejleszt\helga\dllek\beerk\debug\project1.exe,SZERVER_EXTRACTED_AUTO,extracted_auto,.exe,project1.exe,project1,3681280,unclassified,Tovabbi manualis elemzes szukseges,
Anti\SZERVER\_extracted_auto\forrasok_unpacked\SZERVER\fejleszt\helga\dllek\beerk\makedll\beerk.dll,SZERVER_EXTRACTED_AUTO,extracted_auto,.dll,beerk.dll,beerk,3675136,legacy-dll,Legacy plugin vagy shared library,
Anti\SZERVER\_extracted_auto\forrasok_unpacked\SZERVER\fejleszt\helga\dllek\dolgozok\debug\project1.exe,SZERVER_EXTRACTED_AUTO,extracted_auto,.exe,project1.exe,project1,1148928,unclassified,Tovabbi manualis elemzes szukseges,
Anti\SZERVER\_extracted_auto\forrasok_unpacked\SZERVER\fejleszt\helga\dllek\dolgozok\makedll\dolgozok.dll,SZERVER_EXTRACTED_AUTO,extracted_auto,.dll,dolgozok.dll,dolgozok,1146368,legacy-dll,Legacy plugin vagy shared library,
Anti\SZERVER\_extracted_auto\forrasok_unpacked\SZERVER\fejleszt\helga\dllek\import\debug\project1.exe,SZERVER_EXTRACTED_AUTO,extracted_auto,.exe,project1.exe,project1,1290240,server-import,Import vagy adatbetoltes,
Anti\SZERVER\_extracted_auto\forrasok_unpacked\SZERVER\fejleszt\helga\dllek\import\makedll\import.dll,SZERVER_EXTRACTED_AUTO,extracted_auto,.dll,import.dll,import,1287680,server-import,Import vagy adatbetoltes,
Anti\SZERVER\_extracted_auto\forrasok_unpacked\SZERVER\fejleszt\helga\dllek\irtmk\debug\project1.exe,SZERVER_EXTRACTED_AUTO,extracted_auto,.exe,project1.exe,project1,1035776,unclassified,Tovabbi manualis elemzes szukseges,
Anti\SZERVER\_extracted_auto\forrasok_unpacked\SZERVER\fejleszt\helga\dllek\irtmk\makedll\irtmk.dll,SZERVER_EXTRACTED_AUTO,extracted_auto,.dll,irtmk.dll,irtmk,1032704,legacy-dll,Legacy plugin vagy shared library,
Anti\SZERVER\_extracted_auto\forrasok_unpacked\SZERVER\fejleszt\helga\dllek\mnbhibak\debug\project1.exe,SZERVER_EXTRACTED_AUTO,extracted_auto,.exe,project1.exe,project1,918016,compliance-rates,MNB rates vagy reporting,
Anti\SZERVER\_extracted_auto\forrasok_unpacked\SZERVER\fejleszt\helga\dllek\mnbhibak\makedll\mnbhibak.dll,SZERVER_EXTRACTED_AUTO,extracted_auto,.dll,mnbhibak.dll,mnbhibak,916480,compliance-rates,MNB rates vagy reporting,
Anti\SZERVER\_extracted_auto\forrasok_unpacked\SZERVER\fejleszt\helga\dllek\tranzdij\debug\tdij.exe,SZERVER_EXTRACTED_AUTO,extracted_auto,.exe,tdij.exe,tdij,1099264,unclassified,Tovabbi manualis elemzes szukseges,
Anti\SZERVER\_extracted_auto\forrasok_unpacked\SZERVER\fejleszt\helga\dllek\tranzdij\makedll\tranzdij.dll,SZERVER_EXTRACTED_AUTO,extracted_auto,.dll,tranzdij.dll,tranzdij,1097216,legacy-dll,Legacy plugin vagy shared library,
Anti\SZERVER\_extracted_auto\forrasok_unpacked\SZERVER\fejleszt\helga\dllek\westforg\debug\project1.exe,SZERVER_EXTRACTED_AUTO,extracted_auto,.exe,project1.exe,project1,774144,unclassified,Tovabbi manualis elemzes szukseges,
Anti\SZERVER\_extracted_auto\forrasok_unpacked\SZERVER\fejleszt\helga\dllek\westforg\makedll\westforg.dll,SZERVER_EXTRACTED_AUTO,extracted_auto,.dll,westforg.dll,westforg,772096,legacy-dll,Legacy plugin vagy shared library,
Anti\SZERVER\_extracted_auto\forrasok_unpacked\SZERVER\fejleszt\helga\dllek\zarasok\debug\project1.exe,SZERVER_EXTRACTED_AUTO,extracted_auto,.exe,project1.exe,project1,822784,unclassified,Tovabbi manualis elemzes szukseges,
Anti\SZERVER\_extracted_auto\forrasok_unpacked\SZERVER\fejleszt\helga\dllek\zarasok\makedll\zarasctrl.dll,SZERVER_EXTRACTED_AUTO,extracted_auto,.dll,zarasctrl.dll,zarasctrl,820224,legacy-dll,Legacy plugin vagy shared library,
Anti\SZERVER\_extracted_auto\forrasok_unpacked\SZERVER\fejleszt\helga\locserver\locserver.exe,SZERVER_EXTRACTED_AUTO,extracted_auto,.exe,locserver.exe,locserver,1757696,server-core,Kozponti szerver alkalmazas,
Anti\SZERVER\_extracted_auto\forrasok_unpacked\SZERVER\fejleszt\hrkvetel\hrkvetel.exe,SZERVER_EXTRACTED_AUTO,extracted_auto,.exe,hrkvetel.exe,hrkvetel,586240,unclassified,Tovabbi manualis elemzes szukseges,
Anti\SZERVER\_extracted_auto\forrasok_unpacked\SZERVER\fejleszt\idbeiro\project1.exe,SZERVER_EXTRACTED_AUTO,extracted_auto,.exe,project1.exe,project1,730624,unclassified,Tovabbi manualis elemzes szukseges,
Anti\SZERVER\_extracted_auto\forrasok_unpacked\SZERVER\fejleszt\idpotlo\idpotlo_unpacked\IDPOTLO.EXE,SZERVER_EXTRACTED_AUTO,extracted_auto,.exe,IDPOTLO.EXE,IDPOTLO,760832,unclassified,Tovabbi manualis elemzes szukseges,
Anti\SZERVER\_extracted_auto\forrasok_unpacked\SZERVER\fejleszt\idprosct\idprosct_unpacked\IDPRCTRL.EXE,SZERVER_EXTRACTED_AUTO,extracted_auto,.exe,IDPRCTRL.EXE,IDPRCTRL,705024,unclassified,Tovabbi manualis elemzes szukseges,
Anti\SZERVER\_extracted_auto\forrasok_unpacked\SZERVER\fejleszt\idprosct\idprosct_unpacked\PROJECT1.EXE,SZERVER_EXTRACTED_AUTO,extracted_auto,.exe,PROJECT1.EXE,PROJECT1,705024,unclassified,Tovabbi manualis elemzes szukseges,
Anti\SZERVER\_extracted_auto\forrasok_unpacked\SZERVER\fejleszt\idprosct\idprosct_unpacked\UJCTRL\IDCTRL.EXE,SZERVER_EXTRACTED_AUTO,extracted_auto,.exe,IDCTRL.EXE,IDCTRL,729088,unclassified,Tovabbi manualis elemzes szukseges,
Anti\SZERVER\_extracted_auto\forrasok_unpacked\SZERVER\fejleszt\idprosct\idprosct_unpacked\WUNICTRL\PROJECT1.EXE,SZERVER_EXTRACTED_AUTO,extracted_auto,.exe,PROJECT1.EXE,PROJECT1,703488,unclassified,Tovabbi manualis elemzes szukseges,
Anti\SZERVER\_extracted_auto\forrasok_unpacked\SZERVER\fejleszt\idprosct\idprosct_unpacked\WUNIMEND\PROJECT1.EXE,SZERVER_EXTRACTED_AUTO,extracted_auto,.exe,PROJECT1.EXE,PROJECT1,689152,unclassified,Tovabbi manualis elemzes szukseges,
Anti\SZERVER\_extracted_auto\forrasok_unpacked\SZERVER\fejleszt\idprosct\idprosct_unpacked\WUNIMEND\WUNIMEND.EXE,SZERVER_EXTRACTED_AUTO,extracted_auto,.exe,WUNIMEND.EXE,WUNIMEND,689152,unclassified,Tovabbi manualis elemzes szukseges,
Anti\SZERVER\_extracted_auto\forrasok_unpacked\SZERVER\fejleszt\jelenlet\jelenlet.exe,SZERVER_EXTRACTED_AUTO,extracted_auto,.exe,jelenlet.exe,jelenlet,465920,hr-attendance,Jelenleti nyilvantartas,
Anti\SZERVER\_extracted_auto\forrasok_unpacked\SZERVER\fejleszt\jelenlet\jelenlet_unpacked\JELENLET.EXE,SZERVER_EXTRACTED_AUTO,extracted_auto,.exe,JELENLET.EXE,JELENLET,465920,hr-attendance,Jelenleti nyilvantartas,
Anti\SZERVER\_extracted_auto\forrasok_unpacked\SZERVER\fejleszt\jogi\jogi_unpacked\PROJECT1.EXE,SZERVER_EXTRACTED_AUTO,extracted_auto,.exe,PROJECT1.EXE,PROJECT1,688128,unclassified,Tovabbi manualis elemzes szukseges,
Anti\SZERVER\_extracted_auto\forrasok_unpacked\SZERVER\fejleszt\jogiszemely\jogiszem.exe,SZERVER_EXTRACTED_AUTO,extracted_auto,.exe,jogiszem.exe,jogiszem,865792,unclassified,Tovabbi manualis elemzes szukseges,
Anti\SZERVER\_extracted_auto\forrasok_unpacked\SZERVER\fejleszt\jutmend\jutmend.exe,SZERVER_EXTRACTED_AUTO,extracted_auto,.exe,jutmend.exe,jutmend,724992,unclassified,Tovabbi manualis elemzes szukseges,
Anti\SZERVER\_extracted_auto\forrasok_unpacked\SZERVER\fejleszt\kdchange\kdchange.exe,SZERVER_EXTRACTED_AUTO,extracted_auto,.exe,kdchange.exe,kdchange,689152,unclassified,Tovabbi manualis elemzes szukseges,
Anti\SZERVER\_extracted_auto\forrasok_unpacked\SZERVER\fejleszt\kdchange\project1.exe,SZERVER_EXTRACTED_AUTO,extracted_auto,.exe,project1.exe,project1,689152,unclassified,Tovabbi manualis elemzes szukseges,
Anti\SZERVER\_extracted_auto\forrasok_unpacked\SZERVER\fejleszt\kedvmak\kedvmak_unpacked\KEDVMAK.EXE,SZERVER_EXTRACTED_AUTO,extracted_auto,.exe,KEDVMAK.EXE,KEDVMAK,678912,unclassified,Tovabbi manualis elemzes szukseges,
Anti\SZERVER\_extracted_auto\forrasok_unpacked\SZERVER\fejleszt\kereso\project2.exe,SZERVER_EXTRACTED_AUTO,extracted_auto,.exe,project2.exe,project2,677888,unclassified,Tovabbi manualis elemzes szukseges,
Anti\SZERVER\_extracted_auto\forrasok_unpacked\SZERVER\fejleszt\kezdij\cegbetolt\project1.exe,SZERVER_EXTRACTED_AUTO,extracted_auto,.exe,project1.exe,project1,689152,unclassified,Tovabbi manualis elemzes szukseges,
Anti\SZERVER\_extracted_auto\forrasok_unpacked\SZERVER\fejleszt\kezdij\kezdij.exe,SZERVER_EXTRACTED_AUTO,extracted_auto,.exe,kezdij.exe,kezdij,814080,unclassified,Tovabbi manualis elemzes szukseges,
Anti\SZERVER\_extracted_auto\forrasok_unpacked\SZERVER\fejleszt\kezdij\old_unpacked\KEZDIJ.EXE,SZERVER_EXTRACTED_AUTO,extracted_auto,.exe,KEZDIJ.EXE,KEZDIJ,807936,unclassified,Tovabbi manualis elemzes szukseges,
Anti\SZERVER\_extracted_auto\forrasok_unpacked\SZERVER\fejleszt\korlevel\zsuzsa\eddig_unpacked\KORLEVEL.EXE,SZERVER_EXTRACTED_AUTO,extracted_auto,.exe,KORLEVEL.EXE,KORLEVEL,1043456,circular,Korlevel es announcement workflow,
Anti\SZERVER\_extracted_auto\forrasok_unpacked\SZERVER\fejleszt\korlevel\zsuzsa\evnyito\evnyito.exe,SZERVER_EXTRACTED_AUTO,extracted_auto,.exe,evnyito.exe,evnyito,572928,year-opening,Evnyito folyamat,
Anti\SZERVER\_extracted_auto\forrasok_unpacked\SZERVER\fejleszt\korlevel\zsuzsa\korlevel.exe,SZERVER_EXTRACTED_AUTO,extracted_auto,.exe,korlevel.exe,korlevel,1133568,circular,Korlevel es announcement workflow,
Anti\SZERVER\_extracted_auto\forrasok_unpacked\SZERVER\fejleszt\korlevel\zsuzsa\korlevel_unpacked\Korlevel.exe,SZERVER_EXTRACTED_AUTO,extracted_auto,.exe,Korlevel.exe,Korlevel,1068032,circular,Korlevel es announcement workflow,
Anti\SZERVER\_extracted_auto\forrasok_unpacked\SZERVER\fejleszt\korlevel\zsuzsa\start\indito.exe,SZERVER_EXTRACTED_AUTO,extracted_auto,.exe,indito.exe,indito,458752,circular,Korlevel es announcement workflow,
Anti\SZERVER\_extracted_auto\forrasok_unpacked\SZERVER\fejleszt\lemento\lemento.exe,SZERVER_EXTRACTED_AUTO,extracted_auto,.exe,lemento.exe,lemento,1181696,unclassified,Tovabbi manualis elemzes szukseges,
Anti\SZERVER\_extracted_auto\forrasok_unpacked\SZERVER\fejleszt\listopenoffices\debug\project1.exe,SZERVER_EXTRACTED_AUTO,extracted_auto,.exe,project1.exe,project1,690688,unclassified,Tovabbi manualis elemzes szukseges,
Anti\SZERVER\_extracted_auto\forrasok_unpacked\SZERVER\fejleszt\listopenoffices\makedll\opofflist.dll,SZERVER_EXTRACTED_AUTO,extracted_auto,.dll,opofflist.dll,opofflist,688128,legacy-dll,Legacy plugin vagy shared library,
Anti\SZERVER\_extracted_auto\forrasok_unpacked\SZERVER\fejleszt\litenews\litenews.exe,SZERVER_EXTRACTED_AUTO,extracted_auto,.exe,litenews.exe,litenews,435712,unclassified,Tovabbi manualis elemzes szukseges,
Anti\SZERVER\_extracted_auto\forrasok_unpacked\SZERVER\fejleszt\litenews\project1.exe,SZERVER_EXTRACTED_AUTO,extracted_auto,.exe,project1.exe,project1,435712,unclassified,Tovabbi manualis elemzes szukseges,
Anti\SZERVER\_extracted_auto\forrasok_unpacked\SZERVER\fejleszt\makeszlt\excel\project1.exe,SZERVER_EXTRACTED_AUTO,extracted_auto,.exe,project1.exe,project1,443904,unclassified,Tovabbi manualis elemzes szukseges,
Anti\SZERVER\_extracted_auto\forrasok_unpacked\SZERVER\fejleszt\makeszlt\keszlex.exe,SZERVER_EXTRACTED_AUTO,extracted_auto,.exe,keszlex.exe,keszlex,703488,cash-stock,Keszlet vagy stock export/osszesites,
Anti\SZERVER\_extracted_auto\forrasok_unpacked\SZERVER\fejleszt\makeszlt\keszlex_unpacked\EXCEL\PROJECT1.EXE,SZERVER_EXTRACTED_AUTO,extracted_auto,.exe,PROJECT1.EXE,PROJECT1,443904,cash-stock,Keszlet vagy stock export/osszesites,
Anti\SZERVER\_extracted_auto\forrasok_unpacked\SZERVER\fejleszt\makeszlt\keszlex_unpacked\KESZLEX.EXE,SZERVER_EXTRACTED_AUTO,extracted_auto,.exe,KESZLEX.EXE,KESZLEX,620544,cash-stock,Keszlet vagy stock export/osszesites,
Anti\SZERVER\_extracted_auto\forrasok_unpacked\SZERVER\fejleszt\makeszlt\okeszlex_unpacked\KESZLEX.EXE,SZERVER_EXTRACTED_AUTO,extracted_auto,.exe,KESZLEX.EXE,KESZLEX,679936,cash-stock,Keszlet vagy stock export/osszesites,
Anti\SZERVER\_extracted_auto\forrasok_unpacked\SZERVER\fejleszt\makeszlt\okeszlex_unpacked\KESZLEX_unpacked\EXCEL\PROJECT1.EXE,SZERVER_EXTRACTED_AUTO,extracted_auto,.exe,PROJECT1.EXE,PROJECT1,443904,cash-stock,Keszlet vagy stock export/osszesites,
Anti\SZERVER\_extracted_auto\forrasok_unpacked\SZERVER\fejleszt\makeszlt\okeszlex_unpacked\KESZLEX_unpacked\KESZLEX.EXE,SZERVER_EXTRACTED_AUTO,extracted_auto,.exe,KESZLEX.EXE,KESZLEX,620544,cash-stock,Keszlet vagy stock export/osszesites,
Anti\SZERVER\_extracted_auto\forrasok_unpacked\SZERVER\fejleszt\makiroda\makiroda.exe,SZERVER_EXTRACTED_AUTO,extracted_auto,.exe,makiroda.exe,makiroda,662528,unclassified,Tovabbi manualis elemzes szukseges,
Anti\SZERVER\_extracted_auto\forrasok_unpacked\SZERVER\fejleszt\mendjogi\mendjogi.exe,SZERVER_EXTRACTED_AUTO,extracted_auto,.exe,mendjogi.exe,mendjogi,711168,unclassified,Tovabbi manualis elemzes szukseges,
Anti\SZERVER\_extracted_auto\forrasok_unpacked\SZERVER\fejleszt\mentes\mentes.exe,SZERVER_EXTRACTED_AUTO,extracted_auto,.exe,mentes.exe,mentes,556544,unclassified,Tovabbi manualis elemzes szukseges,
Anti\SZERVER\_extracted_auto\forrasok_unpacked\SZERVER\fejleszt\monegram\mgram.exe,SZERVER_EXTRACTED_AUTO,extracted_auto,.exe,mgram.exe,mgram,1079808,unclassified,Tovabbi manualis elemzes szukseges,
Anti\SZERVER\_extracted_auto\forrasok_unpacked\SZERVER\fejleszt\napiment\napiment.exe,SZERVER_EXTRACTED_AUTO,extracted_auto,.exe,napiment.exe,napiment,813568,unclassified,Tovabbi manualis elemzes szukseges,
Anti\SZERVER\_extracted_auto\forrasok_unpacked\SZERVER\fejleszt\nevseek\project1.exe,SZERVER_EXTRACTED_AUTO,extracted_auto,.exe,project1.exe,project1,688640,unclassified,Tovabbi manualis elemzes szukseges,
Anti\SZERVER\_extracted_auto\forrasok_unpacked\SZERVER\fejleszt\newrate\project1.exe,SZERVER_EXTRACTED_AUTO,extracted_auto,.exe,project1.exe,project1,802816,unclassified,Tovabbi manualis elemzes szukseges,
Anti\SZERVER\_extracted_auto\forrasok_unpacked\SZERVER\fejleszt\newyear\evnyito.exe,SZERVER_EXTRACTED_AUTO,extracted_auto,.exe,evnyito.exe,evnyito,679936,year-opening,Evnyito folyamat,
Anti\SZERVER\_extracted_auto\forrasok_unpacked\SZERVER\fejleszt\newyear\project1.exe,SZERVER_EXTRACTED_AUTO,extracted_auto,.exe,project1.exe,project1,679936,year-opening,Evnyito folyamat,
Anti\SZERVER\_extracted_auto\forrasok_unpacked\SZERVER\fejleszt\okmctrl\okmctrl.exe,SZERVER_EXTRACTED_AUTO,extracted_auto,.exe,okmctrl.exe,okmctrl,839168,unclassified,Tovabbi manualis elemzes szukseges,
Anti\SZERVER\_extracted_auto\forrasok_unpacked\SZERVER\fejleszt\orsoseek\project2.exe,SZERVER_EXTRACTED_AUTO,extracted_auto,.exe,project2.exe,project2,724992,unclassified,Tovabbi manualis elemzes szukseges,
Anti\SZERVER\_extracted_auto\forrasok_unpacked\SZERVER\fejleszt\palyadij\matrica.exe,SZERVER_EXTRACTED_AUTO,extracted_auto,.exe,matrica.exe,matrica,1405440,unclassified,Tovabbi manualis elemzes szukseges,
Anti\SZERVER\_extracted_auto\forrasok_unpacked\SZERVER\fejleszt\palyadij\project1.exe,SZERVER_EXTRACTED_AUTO,extracted_auto,.exe,project1.exe,project1,1405440,unclassified,Tovabbi manualis elemzes szukseges,
Anti\SZERVER\_extracted_auto\forrasok_unpacked\SZERVER\fejleszt\permit\project1.exe,SZERVER_EXTRACTED_AUTO,extracted_auto,.exe,project1.exe,project1,914432,permissions,Jogosultsagkezeles,
Anti\SZERVER\_extracted_auto\forrasok_unpacked\SZERVER\fejleszt\personal\kereso\kereso.exe,SZERVER_EXTRACTED_AUTO,extracted_auto,.exe,kereso.exe,kereso,1296384,hr,Dolgozo/szemelyzet nyilvantartas,
Anti\SZERVER\_extracted_auto\forrasok_unpacked\SZERVER\fejleszt\personal\perseek\project1.exe,SZERVER_EXTRACTED_AUTO,extracted_auto,.exe,project1.exe,project1,720384,hr,Dolgozo/szemelyzet nyilvantartas,
Anti\SZERVER\_extracted_auto\forrasok_unpacked\SZERVER\fejleszt\personal\tolto\project1.exe,SZERVER_EXTRACTED_AUTO,extracted_auto,.exe,project1.exe,project1,707584,hr,Dolgozo/szemelyzet nyilvantartas,
Anti\SZERVER\_extracted_auto\forrasok_unpacked\SZERVER\fejleszt\police\1\project1.exe,SZERVER_EXTRACTED_AUTO,extracted_auto,.exe,project1.exe,project1,698368,compliance-reporting,Rendorsegi vagy gyanus riport,
Anti\SZERVER\_extracted_auto\forrasok_unpacked\SZERVER\fejleszt\police\2\project1.exe,SZERVER_EXTRACTED_AUTO,extracted_auto,.exe,project1.exe,project1,699392,compliance-reporting,Rendorsegi vagy gyanus riport,
Anti\SZERVER\_extracted_auto\forrasok_unpacked\SZERVER\fejleszt\police\kereso\project1.exe,SZERVER_EXTRACTED_AUTO,extracted_auto,.exe,project1.exe,project1,866304,compliance-reporting,Rendorsegi vagy gyanus riport,
Anti\SZERVER\_extracted_auto\forrasok_unpacked\SZERVER\fejleszt\police\project1.exe,SZERVER_EXTRACTED_AUTO,extracted_auto,.exe,project1.exe,project1,716800,compliance-reporting,Rendorsegi vagy gyanus riport,
Anti\SZERVER\_extracted_auto\forrasok_unpacked\SZERVER\fejleszt\postterm\posterm.exe,SZERVER_EXTRACTED_AUTO,extracted_auto,.exe,posterm.exe,posterm,879104,terminal,POS terminal integracio,
Anti\SZERVER\_extracted_auto\forrasok_unpacked\SZERVER\fejleszt\ptforg\ptarctrl.exe,SZERVER_EXTRACTED_AUTO,extracted_auto,.exe,ptarctrl.exe,ptarctrl,981504,unclassified,Tovabbi manualis elemzes szukseges,
Anti\SZERVER\_extracted_auto\forrasok_unpacked\SZERVER\fejleszt\pttrfee\pttrfee.exe,SZERVER_EXTRACTED_AUTO,extracted_auto,.exe,pttrfee.exe,pttrfee,746496,unclassified,Tovabbi manualis elemzes szukseges,
Anti\SZERVER\_extracted_auto\forrasok_unpacked\SZERVER\fejleszt\recguard\recguard.exe,SZERVER_EXTRACTED_AUTO,extracted_auto,.exe,recguard.exe,recguard,680448,unclassified,Tovabbi manualis elemzes szukseges,
Anti\SZERVER\_extracted_auto\forrasok_unpacked\SZERVER\fejleszt\recptor\dll\debug\tabmake.exe,SZERVER_EXTRACTED_AUTO,extracted_auto,.exe,tabmake.exe,tabmake,704000,server-receptor,Szerver oldali adatreceptor,
Anti\SZERVER\_extracted_auto\forrasok_unpacked\SZERVER\fejleszt\recptor\dll\makedll\maktablo.dll,SZERVER_EXTRACTED_AUTO,extracted_auto,.dll,maktablo.dll,maktablo,693760,server-receptor,Szerver oldali adatreceptor,
Anti\SZERVER\_extracted_auto\forrasok_unpacked\SZERVER\fejleszt\recptor\getlett\project1.exe,SZERVER_EXTRACTED_AUTO,extracted_auto,.exe,project1.exe,project1,669696,server-receptor,Szerver oldali adatreceptor,
Anti\SZERVER\_extracted_auto\forrasok_unpacked\SZERVER\fejleszt\recptor\kedvmak\kedvmak.exe,SZERVER_EXTRACTED_AUTO,extracted_auto,.exe,kedvmak.exe,kedvmak,678912,server-receptor,Szerver oldali adatreceptor,
Anti\SZERVER\_extracted_auto\forrasok_unpacked\SZERVER\fejleszt\recptor\orecept\storno.dll,SZERVER_EXTRACTED_AUTO,extracted_auto,.dll,storno.dll,storno,708608,storno,Sztorno tranzakcio vagy visszavonas,
Anti\SZERVER\_extracted_auto\forrasok_unpacked\SZERVER\fejleszt\recptor\orecept\wrecept.exe,SZERVER_EXTRACTED_AUTO,extracted_auto,.exe,wrecept.exe,wrecept,919552,server-receptor,Szerver oldali adatreceptor,
Anti\SZERVER\_extracted_auto\forrasok_unpacked\SZERVER\fejleszt\recptor\orecptor_unpacked\Wrecept.exe,SZERVER_EXTRACTED_AUTO,extracted_auto,.exe,Wrecept.exe,Wrecept,761856,server-receptor,Szerver oldali adatreceptor,
Anti\SZERVER\_extracted_auto\forrasok_unpacked\SZERVER\fejleszt\recptor\tablomak\oprg_unpacked\MAKTABLO.EXE,SZERVER_EXTRACTED_AUTO,extracted_auto,.exe,MAKTABLO.EXE,MAKTABLO,423424,server-receptor,Szerver oldali adatreceptor,
Anti\SZERVER\_extracted_auto\forrasok_unpacked\SZERVER\fejleszt\recptor\tablomak\oprg_unpacked\PROJECT1.EXE,SZERVER_EXTRACTED_AUTO,extracted_auto,.exe,PROJECT1.EXE,PROJECT1,423424,server-receptor,Szerver oldali adatreceptor,
Anti\SZERVER\_extracted_auto\forrasok_unpacked\SZERVER\fejleszt\recptor\tablomak\tabmak.exe,SZERVER_EXTRACTED_AUTO,extracted_auto,.exe,tabmak.exe,tabmak,678912,server-receptor,Szerver oldali adatreceptor,
Anti\SZERVER\_extracted_auto\forrasok_unpacked\SZERVER\fejleszt\recptor\wrecept.exe,SZERVER_EXTRACTED_AUTO,extracted_auto,.exe,wrecept.exe,wrecept,761856,server-receptor,Szerver oldali adatreceptor,
Anti\SZERVER\_extracted_auto\forrasok_unpacked\SZERVER\fejleszt\remaltib\altib.exe,SZERVER_EXTRACTED_AUTO,extracted_auto,.exe,altib.exe,altib,1124864,unclassified,Tovabbi manualis elemzes szukseges,
Anti\SZERVER\_extracted_auto\forrasok_unpacked\SZERVER\fejleszt\server\server.exe,SZERVER_EXTRACTED_AUTO,extracted_auto,.exe,server.exe,server,1651712,server-core,Kozponti szerver alkalmazas,
Anti\SZERVER\_extracted_auto\forrasok_unpacked\SZERVER\fejleszt\statiszt\cartcash\project1.exe,SZERVER_EXTRACTED_AUTO,extracted_auto,.exe,project1.exe,project1,700416,unclassified,Tovabbi manualis elemzes szukseges,
Anti\SZERVER\_extracted_auto\forrasok_unpacked\SZERVER\fejleszt\statiszt\project1.exe,SZERVER_EXTRACTED_AUTO,extracted_auto,.exe,project1.exe,project1,700928,unclassified,Tovabbi manualis elemzes szukseges,
Anti\SZERVER\_extracted_auto\forrasok_unpacked\SZERVER\fejleszt\strade\strade_unpacked\STRADE.EXE,SZERVER_EXTRACTED_AUTO,extracted_auto,.exe,STRADE.EXE,STRADE,906240,trade-module,Kulon trade es kiegeszito kereskedelmi modul,
Anti\SZERVER\_extracted_auto\forrasok_unpacked\SZERVER\fejleszt\sumaxa\sumaxa_unpacked\BEMASOL\PROJECT1.EXE,SZERVER_EXTRACTED_AUTO,extracted_auto,.exe,PROJECT1.EXE,PROJECT1,695808,unclassified,Tovabbi manualis elemzes szukseges,
Anti\SZERVER\_extracted_auto\forrasok_unpacked\SZERVER\fejleszt\sumaxa\sumaxa_unpacked\EGYEN\PROJECT1.EXE,SZERVER_EXTRACTED_AUTO,extracted_auto,.exe,PROJECT1.EXE,PROJECT1,689152,unclassified,Tovabbi manualis elemzes szukseges,
Anti\SZERVER\_extracted_auto\forrasok_unpacked\SZERVER\fejleszt\sumaxa\sumaxa_unpacked\OSSZESIT\PROJECT1.EXE,SZERVER_EXTRACTED_AUTO,extracted_auto,.exe,PROJECT1.EXE,PROJECT1,695808,unclassified,Tovabbi manualis elemzes szukseges,
Anti\SZERVER\_extracted_auto\forrasok_unpacked\SZERVER\fejleszt\sumaxa\sumaxa_unpacked\PROJECT1.EXE,SZERVER_EXTRACTED_AUTO,extracted_auto,.exe,PROJECT1.EXE,PROJECT1,674816,unclassified,Tovabbi manualis elemzes szukseges,
Anti\SZERVER\_extracted_auto\forrasok_unpacked\SZERVER\fejleszt\summa\summa.exe,SZERVER_EXTRACTED_AUTO,extracted_auto,.exe,summa.exe,summa,852480,unclassified,Tovabbi manualis elemzes szukseges,
Anti\SZERVER\_extracted_auto\forrasok_unpacked\SZERVER\fejleszt\sumrate\project1.exe,SZERVER_EXTRACTED_AUTO,extracted_auto,.exe,project1.exe,project1,676864,unclassified,Tovabbi manualis elemzes szukseges,
Anti\SZERVER\_extracted_auto\forrasok_unpacked\SZERVER\fejleszt\sumtablo\stablo.exe,SZERVER_EXTRACTED_AUTO,extracted_auto,.exe,stablo.exe,stablo,477696,unclassified,Tovabbi manualis elemzes szukseges,
Anti\SZERVER\_extracted_auto\forrasok_unpacked\SZERVER\fejleszt\sumtrade\electrad.exe,SZERVER_EXTRACTED_AUTO,extracted_auto,.exe,electrad.exe,electrad,899072,trade-module,Kulon trade es kiegeszito kereskedelmi modul,
Anti\SZERVER\_extracted_auto\forrasok_unpacked\SZERVER\fejleszt\tablomak\tablomak.exe,SZERVER_EXTRACTED_AUTO,extracted_auto,.exe,tablomak.exe,tablomak,833024,unclassified,Tovabbi manualis elemzes szukseges,
Anti\SZERVER\_extracted_auto\forrasok_unpacked\SZERVER\fejleszt\terror\maketerrlist\terror.exe,SZERVER_EXTRACTED_AUTO,extracted_auto,.exe,terror.exe,terror,868864,aml-sanctions,Szankcios vagy terrorlista ellenorzes,
Anti\SZERVER\_extracted_auto\forrasok_unpacked\SZERVER\fejleszt\tiltcopy\project1.exe,SZERVER_EXTRACTED_AUTO,extracted_auto,.exe,project1.exe,project1,716800,unclassified,Tovabbi manualis elemzes szukseges,
Anti\SZERVER\_extracted_auto\forrasok_unpacked\SZERVER\fejleszt\tranzacs\be.exe,SZERVER_EXTRACTED_AUTO,extracted_auto,.exe,be.exe,be,157356,unclassified,Tovabbi manualis elemzes szukseges,
Anti\SZERVER\_extracted_auto\forrasok_unpacked\SZERVER\fejleszt\tranzacs\bestat.exe,SZERVER_EXTRACTED_AUTO,extracted_auto,.exe,bestat.exe,bestat,157628,unclassified,Tovabbi manualis elemzes szukseges,
Anti\SZERVER\_extracted_auto\forrasok_unpacked\SZERVER\fejleszt\tranzdb\project1.exe,SZERVER_EXTRACTED_AUTO,extracted_auto,.exe,project1.exe,project1,675840,unclassified,Tovabbi manualis elemzes szukseges,
Anti\SZERVER\_extracted_auto\forrasok_unpacked\SZERVER\fejleszt\tranzdij\project1.exe,SZERVER_EXTRACTED_AUTO,extracted_auto,.exe,project1.exe,project1,695808,unclassified,Tovabbi manualis elemzes szukseges,
Anti\SZERVER\_extracted_auto\forrasok_unpacked\SZERVER\fejleszt\trnzstat\project1.exe,SZERVER_EXTRACTED_AUTO,extracted_auto,.exe,project1.exe,project1,722432,unclassified,Tovabbi manualis elemzes szukseges,
Anti\SZERVER\_extracted_auto\forrasok_unpacked\SZERVER\fejleszt\uctrl\adatpotlo\adatpotlo.exe,SZERVER_EXTRACTED_AUTO,extracted_auto,.exe,adatpotlo.exe,adatpotlo,770560,unclassified,Tovabbi manualis elemzes szukseges,
Anti\SZERVER\_extracted_auto\forrasok_unpacked\SZERVER\fejleszt\uctrl\atvitel\project1.exe,SZERVER_EXTRACTED_AUTO,extracted_auto,.exe,project1.exe,project1,717824,unclassified,Tovabbi manualis elemzes szukseges,
Anti\SZERVER\_extracted_auto\forrasok_unpacked\SZERVER\fejleszt\uctrl\butitott\ugyfctrl.exe,SZERVER_EXTRACTED_AUTO,extracted_auto,.exe,ugyfctrl.exe,ugyfctrl,1412608,unclassified,Tovabbi manualis elemzes szukseges,
Anti\SZERVER\_extracted_auto\forrasok_unpacked\SZERVER\fejleszt\uctrl\hibakeres\hibakereso.exe,SZERVER_EXTRACTED_AUTO,extracted_auto,.exe,hibakereso.exe,hibakereso,740352,unclassified,Tovabbi manualis elemzes szukseges,
Anti\SZERVER\_extracted_auto\forrasok_unpacked\SZERVER\fejleszt\uctrl\mend\mend.exe,SZERVER_EXTRACTED_AUTO,extracted_auto,.exe,mend.exe,mend,673280,unclassified,Tovabbi manualis elemzes szukseges,
Anti\SZERVER\_extracted_auto\forrasok_unpacked\SZERVER\fejleszt\uctrl\regeneral\project2.exe,SZERVER_EXTRACTED_AUTO,extracted_auto,.exe,project2.exe,project2,714240,unclassified,Tovabbi manualis elemzes szukseges,
Anti\SZERVER\_extracted_auto\forrasok_unpacked\SZERVER\fejleszt\uctrl\svisor\svisor.exe,SZERVER_EXTRACTED_AUTO,extracted_auto,.exe,svisor.exe,svisor,771584,unclassified,Tovabbi manualis elemzes szukseges,
Anti\SZERVER\_extracted_auto\forrasok_unpacked\SZERVER\fejleszt\uctrl\u2text\ugyf2txt.exe,SZERVER_EXTRACTED_AUTO,extracted_auto,.exe,ugyf2txt.exe,ugyf2txt,692224,unclassified,Tovabbi manualis elemzes szukseges,
Anti\SZERVER\_extracted_auto\forrasok_unpacked\SZERVER\fejleszt\uctrl\ugyfcreat\ugyf2fdb.exe,SZERVER_EXTRACTED_AUTO,extracted_auto,.exe,ugyf2fdb.exe,ugyf2fdb,730624,unclassified,Tovabbi manualis elemzes szukseges,
Anti\SZERVER\_extracted_auto\forrasok_unpacked\SZERVER\fejleszt\uctrl\ugyfreg\ugyfreg.exe,SZERVER_EXTRACTED_AUTO,extracted_auto,.exe,ugyfreg.exe,ugyfreg,698880,unclassified,Tovabbi manualis elemzes szukseges,
Anti\SZERVER\_extracted_auto\forrasok_unpacked\SZERVER\fejleszt\ufill18\project1.exe,SZERVER_EXTRACTED_AUTO,extracted_auto,.exe,project1.exe,project1,715776,unclassified,Tovabbi manualis elemzes szukseges,
Anti\SZERVER\_extracted_auto\forrasok_unpacked\SZERVER\fejleszt\ufill19\project1.exe,SZERVER_EXTRACTED_AUTO,extracted_auto,.exe,project1.exe,project1,716800,unclassified,Tovabbi manualis elemzes szukseges,
Anti\SZERVER\_extracted_auto\forrasok_unpacked\SZERVER\fejleszt\uforg\project1.exe,SZERVER_EXTRACTED_AUTO,extracted_auto,.exe,project1.exe,project1,721408,unclassified,Tovabbi manualis elemzes szukseges,
Anti\SZERVER\_extracted_auto\forrasok_unpacked\SZERVER\fejleszt\uforg\uforg_unpacked\PROJECT1.EXE,SZERVER_EXTRACTED_AUTO,extracted_auto,.exe,PROJECT1.EXE,PROJECT1,702464,unclassified,Tovabbi manualis elemzes szukseges,
Anti\SZERVER\_extracted_auto\forrasok_unpacked\SZERVER\fejleszt\ugyfelcontrol\dll\adatgyujto\debug\project1.exe,SZERVER_EXTRACTED_AUTO,extracted_auto,.exe,project1.exe,project1,713216,customer-aml,Ugyfelkezeles es AML,
Anti\SZERVER\_extracted_auto\forrasok_unpacked\SZERVER\fejleszt\ugyfelcontrol\dll\adatgyujto\mnakedll\adatgyujto.dll,SZERVER_EXTRACTED_AUTO,extracted_auto,.dll,adatgyujto.dll,adatgyujto,707072,customer-aml,Ugyfelkezeles es AML,
Anti\SZERVER\_extracted_auto\forrasok_unpacked\SZERVER\fejleszt\ugyfelcontrol\dll\adatlista\debug\project1.exe,SZERVER_EXTRACTED_AUTO,extracted_auto,.exe,project1.exe,project1,721920,customer-aml,Ugyfelkezeles es AML,
Anti\SZERVER\_extracted_auto\forrasok_unpacked\SZERVER\fejleszt\ugyfelcontrol\dll\adatlista\makedll\lista.dll,SZERVER_EXTRACTED_AUTO,extracted_auto,.dll,lista.dll,lista,720384,customer-aml,Ugyfelkezeles es AML,
Anti\SZERVER\_extracted_auto\forrasok_unpacked\SZERVER\fejleszt\ugyfelcontrol\dll\evimax\debug\project1.exe,SZERVER_EXTRACTED_AUTO,extracted_auto,.exe,project1.exe,project1,728064,customer-aml,Ugyfelkezeles es AML,
Anti\SZERVER\_extracted_auto\forrasok_unpacked\SZERVER\fejleszt\ugyfelcontrol\dll\evimax\makedll\evimax.dll,SZERVER_EXTRACTED_AUTO,extracted_auto,.dll,evimax.dll,evimax,725504,customer-aml,Ugyfelkezeles es AML,
Anti\SZERVER\_extracted_auto\forrasok_unpacked\SZERVER\fejleszt\ugyfelcontrol\dll\excel\debug\project1.exe,SZERVER_EXTRACTED_AUTO,extracted_auto,.exe,project1.exe,project1,845824,customer-aml,Ugyfelkezeles es AML,
Anti\SZERVER\_extracted_auto\forrasok_unpacked\SZERVER\fejleszt\ugyfelcontrol\dll\excel\makedll\makeexcel.dll,SZERVER_EXTRACTED_AUTO,extracted_auto,.dll,makeexcel.dll,makeexcel,703488,customer-aml,Ugyfelkezeles es AML,
Anti\SZERVER\_extracted_auto\forrasok_unpacked\SZERVER\fejleszt\ugyfelcontrol\dll\idoszak\debug\project1.exe,SZERVER_EXTRACTED_AUTO,extracted_auto,.exe,project1.exe,project1,696832,customer-aml,Ugyfelkezeles es AML,
Anti\SZERVER\_extracted_auto\forrasok_unpacked\SZERVER\fejleszt\ugyfelcontrol\dll\idoszak\makedll\idoszak.dll,SZERVER_EXTRACTED_AUTO,extracted_auto,.dll,idoszak.dll,idoszak,694272,customer-aml,Ugyfelkezeles es AML,
Anti\SZERVER\_extracted_auto\forrasok_unpacked\SZERVER\fejleszt\ugyfelcontrol\dll\idoszakos\debug\project1.exe,SZERVER_EXTRACTED_AUTO,extracted_auto,.exe,project1.exe,project1,887296,customer-aml,Ugyfelkezeles es AML,
Anti\SZERVER\_extracted_auto\forrasok_unpacked\SZERVER\fejleszt\ugyfelcontrol\dll\idoszakos\makedll\idoszakos.dll,SZERVER_EXTRACTED_AUTO,extracted_auto,.dll,idoszakos.dll,idoszakos,885248,customer-aml,Ugyfelkezeles es AML,
Anti\SZERVER\_extracted_auto\forrasok_unpacked\SZERVER\fejleszt\ugyfelcontrol\dll\import\debug\project1.exe,SZERVER_EXTRACTED_AUTO,extracted_auto,.exe,project1.exe,project1,798208,server-import,Import vagy adatbetoltes,
Anti\SZERVER\_extracted_auto\forrasok_unpacked\SZERVER\fejleszt\ugyfelcontrol\dll\import\makedll\import.dll,SZERVER_EXTRACTED_AUTO,extracted_auto,.dll,import.dll,import,795136,server-import,Import vagy adatbetoltes,
Anti\SZERVER\_extracted_auto\forrasok_unpacked\SZERVER\fejleszt\ugyfelcontrol\dll\kereso\debug\project1.exe,SZERVER_EXTRACTED_AUTO,extracted_auto,.exe,project1.exe,project1,888832,customer-aml,Ugyfelkezeles es AML,
Anti\SZERVER\_extracted_auto\forrasok_unpacked\SZERVER\fejleszt\ugyfelcontrol\dll\kereso\makedll\kereso.dll,SZERVER_EXTRACTED_AUTO,extracted_auto,.dll,kereso.dll,kereso,886272,customer-aml,Ugyfelkezeles es AML,
Anti\SZERVER\_extracted_auto\forrasok_unpacked\SZERVER\fejleszt\ugyfelcontrol\dll\letilt\debug\project1.exe,SZERVER_EXTRACTED_AUTO,extracted_auto,.exe,project1.exe,project1,870912,customer-aml,Ugyfelkezeles es AML,
Anti\SZERVER\_extracted_auto\forrasok_unpacked\SZERVER\fejleszt\ugyfelcontrol\dll\letilt\makedll\letilt.dll,SZERVER_EXTRACTED_AUTO,extracted_auto,.dll,letilt.dll,letilt,868352,customer-aml,Ugyfelkezeles es AML,
Anti\SZERVER\_extracted_auto\forrasok_unpacked\SZERVER\fejleszt\ugyfelcontrol\dll\makeexcel\debug\project1.exe,SZERVER_EXTRACTED_AUTO,extracted_auto,.exe,project1.exe,project1,389120,customer-aml,Ugyfelkezeles es AML,
Anti\SZERVER\_extracted_auto\forrasok_unpacked\SZERVER\fejleszt\ugyfelcontrol\dll\okmdisp\debug\project1.exe,SZERVER_EXTRACTED_AUTO,extracted_auto,.exe,project1.exe,project1,785920,customer-aml,Ugyfelkezeles es AML,
Anti\SZERVER\_extracted_auto\forrasok_unpacked\SZERVER\fejleszt\ugyfelcontrol\dll\okmdisp\makedll\okmdisp.dll,SZERVER_EXTRACTED_AUTO,extracted_auto,.dll,okmdisp.dll,okmdisp,783360,customer-aml,Ugyfelkezeles es AML,
Anti\SZERVER\_extracted_auto\forrasok_unpacked\SZERVER\fejleszt\ugyfelcontrol\dll\terrornaplo\debug\project1.exe,SZERVER_EXTRACTED_AUTO,extracted_auto,.exe,project1.exe,project1,844288,aml-sanctions,Szankcios vagy terrorlista ellenorzes,
Anti\SZERVER\_extracted_auto\forrasok_unpacked\SZERVER\fejleszt\ugyfelcontrol\dll\terrornaplo\makedll\terrnaplo.dll,SZERVER_EXTRACTED_AUTO,extracted_auto,.dll,terrnaplo.dll,terrnaplo,841216,aml-sanctions,Szankcios vagy terrorlista ellenorzes,
Anti\SZERVER\_extracted_auto\forrasok_unpacked\SZERVER\fejleszt\ugyfelcontrol\dll\tiltasok\debug\project1.exe,SZERVER_EXTRACTED_AUTO,extracted_auto,.exe,project1.exe,project1,1084416,customer-aml,Ugyfelkezeles es AML,
Anti\SZERVER\_extracted_auto\forrasok_unpacked\SZERVER\fejleszt\ugyfelcontrol\dll\tiltasok\makedll\tiltasok.dll,SZERVER_EXTRACTED_AUTO,extracted_auto,.dll,tiltasok.dll,tiltasok,1081856,customer-aml,Ugyfelkezeles es AML,
Anti\SZERVER\_extracted_auto\forrasok_unpacked\SZERVER\fejleszt\ugyfelcontrol\dll\tiltasok\save\project1.exe,SZERVER_EXTRACTED_AUTO,extracted_auto,.exe,project1.exe,project1,875520,customer-aml,Ugyfelkezeles es AML,
Anti\SZERVER\_extracted_auto\forrasok_unpacked\SZERVER\fejleszt\ugyfelcontrol\dll\ujimport\debug\project1.exe,SZERVER_EXTRACTED_AUTO,extracted_auto,.exe,project1.exe,project1,799744,server-import,Import vagy adatbetoltes,
Anti\SZERVER\_extracted_auto\forrasok_unpacked\SZERVER\fejleszt\ugyfelcontrol\dll\ujimport\makedll\ujimport.dll,SZERVER_EXTRACTED_AUTO,extracted_auto,.dll,ujimport.dll,ujimport,797696,server-import,Import vagy adatbetoltes,
Anti\SZERVER\_extracted_auto\forrasok_unpacked\SZERVER\fejleszt\ugyfelcontrol\ugyfctrl\ugyfctrl.exe,SZERVER_EXTRACTED_AUTO,extracted_auto,.exe,ugyfctrl.exe,ugyfctrl,988160,customer-aml,Ugyfelkezeles es AML,
Anti\SZERVER\_extracted_auto\forrasok_unpacked\SZERVER\fejleszt\ugyfseek\project1.exe,SZERVER_EXTRACTED_AUTO,extracted_auto,.exe,project1.exe,project1,694784,unclassified,Tovabbi manualis elemzes szukseges,
Anti\SZERVER\_extracted_auto\forrasok_unpacked\SZERVER\fejleszt\verseny\verseny.exe,SZERVER_EXTRACTED_AUTO,extracted_auto,.exe,verseny.exe,verseny,908288,unclassified,Tovabbi manualis elemzes szukseges,
Anti\SZERVER\_extracted_auto\forrasok_unpacked\SZERVER\fejleszt\verseny\verseny_unpacked\VERSENY.EXE,SZERVER_EXTRACTED_AUTO,extracted_auto,.exe,VERSENY.EXE,VERSENY,906752,unclassified,Tovabbi manualis elemzes szukseges,
Anti\SZERVER\_extracted_auto\forrasok_unpacked\SZERVER\fejleszt\verseny_mend\modibank.exe,SZERVER_EXTRACTED_AUTO,extracted_auto,.exe,modibank.exe,modibank,705536,unclassified,Tovabbi manualis elemzes szukseges,
Anti\SZERVER\_extracted_auto\forrasok_unpacked\SZERVER\fejleszt\verseny_mend\project1.exe,SZERVER_EXTRACTED_AUTO,extracted_auto,.exe,project1.exe,project1,698880,unclassified,Tovabbi manualis elemzes szukseges,
Anti\SZERVER\_extracted_auto\forrasok_unpacked\SZERVER\fejleszt\vevo\vevok.exe,SZERVER_EXTRACTED_AUTO,extracted_auto,.exe,vevok.exe,vevok,771072,unclassified,Tovabbi manualis elemzes szukseges,
Anti\SZERVER\_extracted_auto\forrasok_unpacked\SZERVER\fejleszt\vevoszam\2\project1.exe,SZERVER_EXTRACTED_AUTO,extracted_auto,.exe,project1.exe,project1,694784,unclassified,Tovabbi manualis elemzes szukseges,
Anti\SZERVER\_extracted_auto\forrasok_unpacked\SZERVER\fejleszt\vevoszam\3\project1.exe,SZERVER_EXTRACTED_AUTO,extracted_auto,.exe,project1.exe,project1,697344,unclassified,Tovabbi manualis elemzes szukseges,
Anti\SZERVER\_extracted_auto\forrasok_unpacked\SZERVER\fejleszt\vevoszam\project1.exe,SZERVER_EXTRACTED_AUTO,extracted_auto,.exe,project1.exe,project1,724480,unclassified,Tovabbi manualis elemzes szukseges,
Anti\SZERVER\_extracted_auto\forrasok_unpacked\SZERVER\fejleszt\vevoszam\vevoszam_unpacked\PROJECT1.EXE,SZERVER_EXTRACTED_AUTO,extracted_auto,.exe,PROJECT1.EXE,PROJECT1,670208,unclassified,Tovabbi manualis elemzes szukseges,
Anti\SZERVER\_extracted_auto\forrasok_unpacked\SZERVER\fejleszt\western\western.exe,SZERVER_EXTRACTED_AUTO,extracted_auto,.exe,western.exe,western,761856,western-union,Western Union integracio,
Anti\SZERVER\_extracted_auto\forrasok_unpacked\SZERVER\fejleszt\westuni\westuni.exe,SZERVER_EXTRACTED_AUTO,extracted_auto,.exe,westuni.exe,westuni,813568,unclassified,Tovabbi manualis elemzes szukseges,
Anti\SZERVER\_extracted_auto\forrasok_unpacked\SZERVER\fejleszt\wucontrol\project1.exe,SZERVER_EXTRACTED_AUTO,extracted_auto,.exe,project1.exe,project1,698880,unclassified,Tovabbi manualis elemzes szukseges,
Anti\SZERVER\_extracted_auto\forrasok_unpacked\SZERVER\fejleszt\wuniforg\wuniforg.exe,SZERVER_EXTRACTED_AUTO,extracted_auto,.exe,wuniforg.exe,wuniforg,722944,unclassified,Tovabbi manualis elemzes szukseges,
Anti\SZERVER\_extracted_auto\forrasok_unpacked\SZERVER\newdll\arftmk.dll,SZERVER_EXTRACTED_AUTO,extracted_auto,.dll,arftmk.dll,arftmk,954880,rates,Arfolyam karbantarto modul,
Anti\SZERVER\_extracted_auto\forrasok_unpacked\SZERVER\newdll\atlagarf.dll,SZERVER_EXTRACTED_AUTO,extracted_auto,.dll,atlagarf.dll,atlagarf,983552,legacy-dll,Legacy plugin vagy shared library,
Anti\SZERVER\_extracted_auto\forrasok_unpacked\SZERVER\newdll\bankdisp.dll,SZERVER_EXTRACTED_AUTO,extracted_auto,.dll,bankdisp.dll,bankdisp,829952,legacy-dll,Legacy plugin vagy shared library,
Anti\SZERVER\_extracted_auto\forrasok_unpacked\SZERVER\newdll\beerk.dll,SZERVER_EXTRACTED_AUTO,extracted_auto,.dll,beerk.dll,beerk,3675136,legacy-dll,Legacy plugin vagy shared library,
Anti\SZERVER\_extracted_auto\forrasok_unpacked\SZERVER\newdll\datadisp.dll,SZERVER_EXTRACTED_AUTO,extracted_auto,.dll,datadisp.dll,datadisp,838656,legacy-dll,Legacy plugin vagy shared library,
Anti\SZERVER\_extracted_auto\forrasok_unpacked\SZERVER\newdll\dbctrl.dll,SZERVER_EXTRACTED_AUTO,extracted_auto,.dll,dbctrl.dll,dbctrl,680448,legacy-dll,Legacy plugin vagy shared library,
Anti\SZERVER\_extracted_auto\forrasok_unpacked\SZERVER\newdll\dolgjutalek.dll,SZERVER_EXTRACTED_AUTO,extracted_auto,.dll,dolgjutalek.dll,dolgjutalek,995328,legacy-dll,Legacy plugin vagy shared library,
Anti\SZERVER\_extracted_auto\forrasok_unpacked\SZERVER\newdll\dolgozok.dll,SZERVER_EXTRACTED_AUTO,extracted_auto,.dll,dolgozok.dll,dolgozok,1143808,legacy-dll,Legacy plugin vagy shared library,
Anti\SZERVER\_extracted_auto\forrasok_unpacked\SZERVER\newdll\forgdisp.dll,SZERVER_EXTRACTED_AUTO,extracted_auto,.dll,forgdisp.dll,forgdisp,841728,legacy-dll,Legacy plugin vagy shared library,
Anti\SZERVER\_extracted_auto\forrasok_unpacked\SZERVER\newdll\getdisp.dll,SZERVER_EXTRACTED_AUTO,extracted_auto,.dll,getdisp.dll,getdisp,399360,legacy-dll,Legacy plugin vagy shared library,
Anti\SZERVER\_extracted_auto\forrasok_unpacked\SZERVER\newdll\getegyseg.dll,SZERVER_EXTRACTED_AUTO,extracted_auto,.dll,getegyseg.dll,getegyseg,699392,legacy-dll,Legacy plugin vagy shared library,
Anti\SZERVER\_extracted_auto\forrasok_unpacked\SZERVER\newdll\gyujto.dll,SZERVER_EXTRACTED_AUTO,extracted_auto,.dll,gyujto.dll,gyujto,839680,legacy-dll,Legacy plugin vagy shared library,
Anti\SZERVER\_extracted_auto\forrasok_unpacked\SZERVER\newdll\hovalasz.dll,SZERVER_EXTRACTED_AUTO,extracted_auto,.dll,hovalasz.dll,hovalasz,691712,legacy-dll,Legacy plugin vagy shared library,
Anti\SZERVER\_extracted_auto\forrasok_unpacked\SZERVER\newdll\hrk.dll,SZERVER_EXTRACTED_AUTO,extracted_auto,.dll,hrk.dll,hrk,908800,legacy-dll,Legacy plugin vagy shared library,
Anti\SZERVER\_extracted_auto\forrasok_unpacked\SZERVER\newdll\idoszak.dll,SZERVER_EXTRACTED_AUTO,extracted_auto,.dll,idoszak.dll,idoszak,688128,legacy-dll,Legacy plugin vagy shared library,
Anti\SZERVER\_extracted_auto\forrasok_unpacked\SZERVER\newdll\import.dll,SZERVER_EXTRACTED_AUTO,extracted_auto,.dll,import.dll,import,1285120,server-import,Import vagy adatbetoltes,
Anti\SZERVER\_extracted_auto\forrasok_unpacked\SZERVER\newdll\irtmk.dll,SZERVER_EXTRACTED_AUTO,extracted_auto,.dll,irtmk.dll,irtmk,1032704,legacy-dll,Legacy plugin vagy shared library,
Anti\SZERVER\_extracted_auto\forrasok_unpacked\SZERVER\newdll\jutszaz.dll,SZERVER_EXTRACTED_AUTO,extracted_auto,.dll,jutszaz.dll,jutszaz,840192,legacy-dll,Legacy plugin vagy shared library,
Anti\SZERVER\_extracted_auto\forrasok_unpacked\SZERVER\newdll\kdtrdisp.dll,SZERVER_EXTRACTED_AUTO,extracted_auto,.dll,kdtrdisp.dll,kdtrdisp,731648,legacy-dll,Legacy plugin vagy shared library,
Anti\SZERVER\_extracted_auto\forrasok_unpacked\SZERVER\newdll\keszdisp.dll,SZERVER_EXTRACTED_AUTO,extracted_auto,.dll,keszdisp.dll,keszdisp,844800,legacy-dll,Legacy plugin vagy shared library,
Anti\SZERVER\_extracted_auto\forrasok_unpacked\SZERVER\newdll\kezdij.dll,SZERVER_EXTRACTED_AUTO,extracted_auto,.dll,kezdij.dll,kezdij,820736,legacy-dll,Legacy plugin vagy shared library,
Anti\SZERVER\_extracted_auto\forrasok_unpacked\SZERVER\newdll\legyujto.dll,SZERVER_EXTRACTED_AUTO,extracted_auto,.dll,legyujto.dll,legyujto,742400,legacy-dll,Legacy plugin vagy shared library,
Anti\SZERVER\_extracted_auto\forrasok_unpacked\SZERVER\newdll\missctrl.dll,SZERVER_EXTRACTED_AUTO,extracted_auto,.dll,missctrl.dll,missctrl,714240,legacy-dll,Legacy plugin vagy shared library,
Anti\SZERVER\_extracted_auto\forrasok_unpacked\SZERVER\newdll\mnbhibak.dll,SZERVER_EXTRACTED_AUTO,extracted_auto,.dll,mnbhibak.dll,mnbhibak,916480,compliance-rates,MNB rates vagy reporting,
Anti\SZERVER\_extracted_auto\forrasok_unpacked\SZERVER\newdll\ptkdisp.dll,SZERVER_EXTRACTED_AUTO,extracted_auto,.dll,ptkdisp.dll,ptkdisp,852992,legacy-dll,Legacy plugin vagy shared library,
Anti\SZERVER\_extracted_auto\forrasok_unpacked\SZERVER\newdll\stornodisp.dll,SZERVER_EXTRACTED_AUTO,extracted_auto,.dll,stornodisp.dll,stornodisp,856064,storno,Sztorno tranzakcio vagy visszavonas,
Anti\SZERVER\_extracted_auto\forrasok_unpacked\SZERVER\newdll\sumwuafa.dll,SZERVER_EXTRACTED_AUTO,extracted_auto,.dll,sumwuafa.dll,sumwuafa,672768,legacy-dll,Legacy plugin vagy shared library,
Anti\SZERVER\_extracted_auto\forrasok_unpacked\SZERVER\newdll\tranzdij.dll,SZERVER_EXTRACTED_AUTO,extracted_auto,.dll,tranzdij.dll,tranzdij,1097216,legacy-dll,Legacy plugin vagy shared library,
Anti\SZERVER\_extracted_auto\forrasok_unpacked\SZERVER\newdll\trbdisp.dll,SZERVER_EXTRACTED_AUTO,extracted_auto,.dll,trbdisp.dll,trbdisp,854016,legacy-dll,Legacy plugin vagy shared library,
Anti\SZERVER\_extracted_auto\forrasok_unpacked\SZERVER\newdll\userin.dll,SZERVER_EXTRACTED_AUTO,extracted_auto,.dll,userin.dll,userin,967168,legacy-dll,Legacy plugin vagy shared library,
Anti\SZERVER\_extracted_auto\forrasok_unpacked\SZERVER\newdll\westforg.dll,SZERVER_EXTRACTED_AUTO,extracted_auto,.dll,westforg.dll,westforg,772096,legacy-dll,Legacy plugin vagy shared library,
Anti\SZERVER\_extracted_auto\forrasok_unpacked\SZERVER\newdll\wudisp.dll,SZERVER_EXTRACTED_AUTO,extracted_auto,.dll,wudisp.dll,wudisp,716288,legacy-dll,Legacy plugin vagy shared library,
Anti\SZERVER\_extracted_auto\forrasok_unpacked\SZERVER\newdll\wuwaadvet.dll,SZERVER_EXTRACTED_AUTO,extracted_auto,.dll,wuwaadvet.dll,wuwaadvet,995840,legacy-dll,Legacy plugin vagy shared library,
Anti\SZERVER\_extracted_auto\forrasok_unpacked\SZERVER\newdll\zarasctrl.dll,SZERVER_EXTRACTED_AUTO,extracted_auto,.dll,zarasctrl.dll,zarasctrl,817664,legacy-dll,Legacy plugin vagy shared library,
Anti\SZERVER\_extracted_auto\forrasok_unpacked\SZERVER\ujdll\adatgyujto\debug\project1.exe,SZERVER_EXTRACTED_AUTO,extracted_auto,.exe,project1.exe,project1,748544,unclassified,Tovabbi manualis elemzes szukseges,
Anti\SZERVER\_extracted_auto\forrasok_unpacked\SZERVER\ujdll\adatgyujto\makedll\legyujto.dll,SZERVER_EXTRACTED_AUTO,extracted_auto,.dll,legyujto.dll,legyujto,742400,legacy-dll,Legacy plugin vagy shared library,
Anti\SZERVER\_extracted_auto\forrasok_unpacked\SZERVER\ujdll\arftmk\debug\project1.exe,SZERVER_EXTRACTED_AUTO,extracted_auto,.exe,project1.exe,project1,956928,rates,Arfolyam karbantarto modul,
Anti\SZERVER\_extracted_auto\forrasok_unpacked\SZERVER\ujdll\arftmk\makedll\arftmk.dll,SZERVER_EXTRACTED_AUTO,extracted_auto,.dll,arftmk.dll,arftmk,954880,rates,Arfolyam karbantarto modul,
Anti\SZERVER\_extracted_auto\forrasok_unpacked\SZERVER\ujdll\atlagarf\debug\project1.exe,SZERVER_EXTRACTED_AUTO,extracted_auto,.exe,project1.exe,project1,985600,unclassified,Tovabbi manualis elemzes szukseges,
Anti\SZERVER\_extracted_auto\forrasok_unpacked\SZERVER\ujdll\atlagarf\makedll\atlagarf.dll,SZERVER_EXTRACTED_AUTO,extracted_auto,.dll,atlagarf.dll,atlagarf,983552,legacy-dll,Legacy plugin vagy shared library,
Anti\SZERVER\_extracted_auto\forrasok_unpacked\SZERVER\ujdll\bankforg\debug\project1.exe,SZERVER_EXTRACTED_AUTO,extracted_auto,.exe,project1.exe,project1,832512,unclassified,Tovabbi manualis elemzes szukseges,
Anti\SZERVER\_extracted_auto\forrasok_unpacked\SZERVER\ujdll\bankforg\makedll\bankdisp.dll,SZERVER_EXTRACTED_AUTO,extracted_auto,.dll,bankdisp.dll,bankdisp,829952,legacy-dll,Legacy plugin vagy shared library,
Anti\SZERVER\_extracted_auto\forrasok_unpacked\SZERVER\ujdll\beerkctrl\debug\project1.exe,SZERVER_EXTRACTED_AUTO,extracted_auto,.exe,project1.exe,project1,716800,unclassified,Tovabbi manualis elemzes szukseges,
Anti\SZERVER\_extracted_auto\forrasok_unpacked\SZERVER\ujdll\beerkctrl\makedll\missctrl.dll,SZERVER_EXTRACTED_AUTO,extracted_auto,.dll,missctrl.dll,missctrl,714240,legacy-dll,Legacy plugin vagy shared library,
Anti\SZERVER\_extracted_auto\forrasok_unpacked\SZERVER\ujdll\beerkezes\debug\project1.exe,SZERVER_EXTRACTED_AUTO,extracted_auto,.exe,project1.exe,project1,3681280,unclassified,Tovabbi manualis elemzes szukseges,
Anti\SZERVER\_extracted_auto\forrasok_unpacked\SZERVER\ujdll\beerkezes\makedll\beerk.dll,SZERVER_EXTRACTED_AUTO,extracted_auto,.dll,beerk.dll,beerk,3675136,legacy-dll,Legacy plugin vagy shared library,
Anti\SZERVER\_extracted_auto\forrasok_unpacked\SZERVER\ujdll\bejelentes\debug\project1.exe,SZERVER_EXTRACTED_AUTO,extracted_auto,.exe,project1.exe,project1,461824,unclassified,Tovabbi manualis elemzes szukseges,
Anti\SZERVER\_extracted_auto\forrasok_unpacked\SZERVER\ujdll\datadisp\debug\project1.exe,SZERVER_EXTRACTED_AUTO,extracted_auto,.exe,project1.exe,project1,841216,unclassified,Tovabbi manualis elemzes szukseges,
Anti\SZERVER\_extracted_auto\forrasok_unpacked\SZERVER\ujdll\datadisp\makedll\datadisp.dll,SZERVER_EXTRACTED_AUTO,extracted_auto,.dll,datadisp.dll,datadisp,838656,legacy-dll,Legacy plugin vagy shared library,
Anti\SZERVER\_extracted_auto\forrasok_unpacked\SZERVER\ujdll\dbookctrl\debug\project1.exe,SZERVER_EXTRACTED_AUTO,extracted_auto,.exe,project1.exe,project1,686080,unclassified,Tovabbi manualis elemzes szukseges,
Anti\SZERVER\_extracted_auto\forrasok_unpacked\SZERVER\ujdll\dbookctrl\makedll\dbctrl.dll,SZERVER_EXTRACTED_AUTO,extracted_auto,.dll,dbctrl.dll,dbctrl,679936,legacy-dll,Legacy plugin vagy shared library,
Anti\SZERVER\_extracted_auto\forrasok_unpacked\SZERVER\ujdll\dolgozok\debug\project1.exe,SZERVER_EXTRACTED_AUTO,extracted_auto,.exe,project1.exe,project1,1145344,unclassified,Tovabbi manualis elemzes szukseges,
Anti\SZERVER\_extracted_auto\forrasok_unpacked\SZERVER\ujdll\dolgozok\makedll\dolgozok.dll,SZERVER_EXTRACTED_AUTO,extracted_auto,.dll,dolgozok.dll,dolgozok,1143808,legacy-dll,Legacy plugin vagy shared library,
Anti\SZERVER\_extracted_auto\forrasok_unpacked\SZERVER\ujdll\forgalomdisp\debug\forgdisp.exe,SZERVER_EXTRACTED_AUTO,extracted_auto,.exe,forgdisp.exe,forgdisp,844288,unclassified,Tovabbi manualis elemzes szukseges,
Anti\SZERVER\_extracted_auto\forrasok_unpacked\SZERVER\ujdll\forgalomdisp\debug\project1.exe,SZERVER_EXTRACTED_AUTO,extracted_auto,.exe,project1.exe,project1,856576,unclassified,Tovabbi manualis elemzes szukseges,
Anti\SZERVER\_extracted_auto\forrasok_unpacked\SZERVER\ujdll\forgalomdisp\makedll\forgdisp.dll,SZERVER_EXTRACTED_AUTO,extracted_auto,.dll,forgdisp.dll,forgdisp,841728,legacy-dll,Legacy plugin vagy shared library,
Anti\SZERVER\_extracted_auto\forrasok_unpacked\SZERVER\ujdll\getdisp\debug\project1.exe,SZERVER_EXTRACTED_AUTO,extracted_auto,.exe,project1.exe,project1,406528,unclassified,Tovabbi manualis elemzes szukseges,
Anti\SZERVER\_extracted_auto\forrasok_unpacked\SZERVER\ujdll\getdisp\makedll\getdisp.dll,SZERVER_EXTRACTED_AUTO,extracted_auto,.dll,getdisp.dll,getdisp,399360,legacy-dll,Legacy plugin vagy shared library,
Anti\SZERVER\_extracted_auto\forrasok_unpacked\SZERVER\ujdll\getuzlet\debug\project1.exe,SZERVER_EXTRACTED_AUTO,extracted_auto,.exe,project1.exe,project1,701952,unclassified,Tovabbi manualis elemzes szukseges,
Anti\SZERVER\_extracted_auto\forrasok_unpacked\SZERVER\ujdll\hovalasz\debug\project1.exe,SZERVER_EXTRACTED_AUTO,extracted_auto,.exe,project1.exe,project1,693760,unclassified,Tovabbi manualis elemzes szukseges,
Anti\SZERVER\_extracted_auto\forrasok_unpacked\SZERVER\ujdll\hovalasz\makedll\hovalasz.dll,SZERVER_EXTRACTED_AUTO,extracted_auto,.dll,hovalasz.dll,hovalasz,691712,legacy-dll,Legacy plugin vagy shared library,
Anti\SZERVER\_extracted_auto\forrasok_unpacked\SZERVER\ujdll\hrkserver\debug\project1.exe,SZERVER_EXTRACTED_AUTO,extracted_auto,.exe,project1.exe,project1,910848,server-core,Kozponti szerver alkalmazas,
Anti\SZERVER\_extracted_auto\forrasok_unpacked\SZERVER\ujdll\hrkserver\makedll\hrk.dll,SZERVER_EXTRACTED_AUTO,extracted_auto,.dll,hrk.dll,hrk,908800,server-core,Kozponti szerver alkalmazas,
Anti\SZERVER\_extracted_auto\forrasok_unpacked\SZERVER\ujdll\idoszak\debug\project1.exe,SZERVER_EXTRACTED_AUTO,extracted_auto,.exe,project1.exe,project1,695808,unclassified,Tovabbi manualis elemzes szukseges,
Anti\SZERVER\_extracted_auto\forrasok_unpacked\SZERVER\ujdll\idoszak\makedll\idoszak.dll,SZERVER_EXTRACTED_AUTO,extracted_auto,.dll,idoszak.dll,idoszak,688128,legacy-dll,Legacy plugin vagy shared library,
Anti\SZERVER\_extracted_auto\forrasok_unpacked\SZERVER\ujdll\import\debug\project1.exe,SZERVER_EXTRACTED_AUTO,extracted_auto,.exe,project1.exe,project1,1286656,server-import,Import vagy adatbetoltes,
Anti\SZERVER\_extracted_auto\forrasok_unpacked\SZERVER\ujdll\import\makedll\import.dll,SZERVER_EXTRACTED_AUTO,extracted_auto,.dll,import.dll,import,1285120,server-import,Import vagy adatbetoltes,
Anti\SZERVER\_extracted_auto\forrasok_unpacked\SZERVER\ujdll\irtmk\debug\project1.exe,SZERVER_EXTRACTED_AUTO,extracted_auto,.exe,project1.exe,project1,1035776,unclassified,Tovabbi manualis elemzes szukseges,
Anti\SZERVER\_extracted_auto\forrasok_unpacked\SZERVER\ujdll\irtmk\makedll\irtmk.dll,SZERVER_EXTRACTED_AUTO,extracted_auto,.dll,irtmk.dll,irtmk,1032704,legacy-dll,Legacy plugin vagy shared library,
Anti\SZERVER\_extracted_auto\forrasok_unpacked\SZERVER\ujdll\jutszamito\debug\project1.exe,SZERVER_EXTRACTED_AUTO,extracted_auto,.exe,project1.exe,project1,997888,unclassified,Tovabbi manualis elemzes szukseges,
Anti\SZERVER\_extracted_auto\forrasok_unpacked\SZERVER\ujdll\jutszamito\makedll\dolgjutalek.dll,SZERVER_EXTRACTED_AUTO,extracted_auto,.dll,dolgjutalek.dll,dolgjutalek,995328,legacy-dll,Legacy plugin vagy shared library,
Anti\SZERVER\_extracted_auto\forrasok_unpacked\SZERVER\ujdll\jutszazalek\debug\project1.exe,SZERVER_EXTRACTED_AUTO,extracted_auto,.exe,project1.exe,project1,842752,unclassified,Tovabbi manualis elemzes szukseges,
Anti\SZERVER\_extracted_auto\forrasok_unpacked\SZERVER\ujdll\jutszazalek\makedll\jutszaz.dll,SZERVER_EXTRACTED_AUTO,extracted_auto,.dll,jutszaz.dll,jutszaz,840192,legacy-dll,Legacy plugin vagy shared library,
Anti\SZERVER\_extracted_auto\forrasok_unpacked\SZERVER\ujdll\keszletdisp\debug\project1.exe,SZERVER_EXTRACTED_AUTO,extracted_auto,.exe,project1.exe,project1,846848,unclassified,Tovabbi manualis elemzes szukseges,
Anti\SZERVER\_extracted_auto\forrasok_unpacked\SZERVER\ujdll\keszletdisp\makedll\keszdisp.dll,SZERVER_EXTRACTED_AUTO,extracted_auto,.dll,keszdisp.dll,keszdisp,844800,legacy-dll,Legacy plugin vagy shared library,
Anti\SZERVER\_extracted_auto\forrasok_unpacked\SZERVER\ujdll\kezdij\debug\project1.exe,SZERVER_EXTRACTED_AUTO,extracted_auto,.exe,project1.exe,project1,827392,unclassified,Tovabbi manualis elemzes szukseges,
Anti\SZERVER\_extracted_auto\forrasok_unpacked\SZERVER\ujdll\kezdij\makedll\kezdij.dll,SZERVER_EXTRACTED_AUTO,extracted_auto,.dll,kezdij.dll,kezdij,820736,legacy-dll,Legacy plugin vagy shared library,
Anti\SZERVER\_extracted_auto\forrasok_unpacked\SZERVER\ujdll\kezdtranzdisp\debug\project1.exe,SZERVER_EXTRACTED_AUTO,extracted_auto,.exe,project1.exe,project1,733696,unclassified,Tovabbi manualis elemzes szukseges,
Anti\SZERVER\_extracted_auto\forrasok_unpacked\SZERVER\ujdll\kezdtranzdisp\makedll\kdtrdisp.dll,SZERVER_EXTRACTED_AUTO,extracted_auto,.dll,kdtrdisp.dll,kdtrdisp,731648,legacy-dll,Legacy plugin vagy shared library,
Anti\SZERVER\_extracted_auto\forrasok_unpacked\SZERVER\ujdll\mnbgyujto\debug\project1.exe,SZERVER_EXTRACTED_AUTO,extracted_auto,.exe,project1.exe,project1,842752,compliance-rates,MNB rates vagy reporting,
Anti\SZERVER\_extracted_auto\forrasok_unpacked\SZERVER\ujdll\mnbgyujto\makedll\gyujto.dll,SZERVER_EXTRACTED_AUTO,extracted_auto,.dll,gyujto.dll,gyujto,839680,compliance-rates,MNB rates vagy reporting,
Anti\SZERVER\_extracted_auto\forrasok_unpacked\SZERVER\ujdll\mnbhibak\debug\project1.exe,SZERVER_EXTRACTED_AUTO,extracted_auto,.exe,project1.exe,project1,918016,compliance-rates,MNB rates vagy reporting,
Anti\SZERVER\_extracted_auto\forrasok_unpacked\SZERVER\ujdll\mnbhibak\makedll\mnbhibak.dll,SZERVER_EXTRACTED_AUTO,extracted_auto,.dll,mnbhibak.dll,mnbhibak,916480,compliance-rates,MNB rates vagy reporting,
Anti\SZERVER\_extracted_auto\forrasok_unpacked\SZERVER\ujdll\ptarkozott\debug\project1.exe,SZERVER_EXTRACTED_AUTO,extracted_auto,.exe,project1.exe,project1,855040,unclassified,Tovabbi manualis elemzes szukseges,
Anti\SZERVER\_extracted_auto\forrasok_unpacked\SZERVER\ujdll\ptarkozott\makedll\ptkdisp.dll,SZERVER_EXTRACTED_AUTO,extracted_auto,.dll,ptkdisp.dll,ptkdisp,852992,legacy-dll,Legacy plugin vagy shared library,
Anti\SZERVER\_extracted_auto\forrasok_unpacked\SZERVER\ujdll\stornodisp\debug\project1.exe,SZERVER_EXTRACTED_AUTO,extracted_auto,.exe,project1.exe,project1,857600,storno,Sztorno tranzakcio vagy visszavonas,
Anti\SZERVER\_extracted_auto\forrasok_unpacked\SZERVER\ujdll\stornodisp\makedll\stornodisp.dll,SZERVER_EXTRACTED_AUTO,extracted_auto,.dll,stornodisp.dll,stornodisp,856064,storno,Sztorno tranzakcio vagy visszavonas,
Anti\SZERVER\_extracted_auto\forrasok_unpacked\SZERVER\ujdll\sumwuafa\debug\project1.exe,SZERVER_EXTRACTED_AUTO,extracted_auto,.exe,project1.exe,project1,678912,unclassified,Tovabbi manualis elemzes szukseges,
Anti\SZERVER\_extracted_auto\forrasok_unpacked\SZERVER\ujdll\sumwuafa\makedll\sumwuafa.dll,SZERVER_EXTRACTED_AUTO,extracted_auto,.dll,sumwuafa.dll,sumwuafa,672768,legacy-dll,Legacy plugin vagy shared library,
Anti\SZERVER\_extracted_auto\forrasok_unpacked\SZERVER\ujdll\tranzakc\debug\tdij.exe,SZERVER_EXTRACTED_AUTO,extracted_auto,.exe,tdij.exe,tdij,1099776,unclassified,Tovabbi manualis elemzes szukseges,
Anti\SZERVER\_extracted_auto\forrasok_unpacked\SZERVER\ujdll\tranzakc\exeproba\project1.exe,SZERVER_EXTRACTED_AUTO,extracted_auto,.exe,project1.exe,project1,389120,unclassified,Tovabbi manualis elemzes szukseges,
Anti\SZERVER\_extracted_auto\forrasok_unpacked\SZERVER\ujdll\tranzakc\makedll\tranzdij.dll,SZERVER_EXTRACTED_AUTO,extracted_auto,.dll,tranzdij.dll,tranzdij,1097216,legacy-dll,Legacy plugin vagy shared library,
Anti\SZERVER\_extracted_auto\forrasok_unpacked\SZERVER\ujdll\trbdisp\debug\project1.exe,SZERVER_EXTRACTED_AUTO,extracted_auto,.exe,project1.exe,project1,855552,unclassified,Tovabbi manualis elemzes szukseges,
Anti\SZERVER\_extracted_auto\forrasok_unpacked\SZERVER\ujdll\trbdisp\makedll\trbdisp.dll,SZERVER_EXTRACTED_AUTO,extracted_auto,.dll,trbdisp.dll,trbdisp,854016,legacy-dll,Legacy plugin vagy shared library,
Anti\SZERVER\_extracted_auto\forrasok_unpacked\SZERVER\ujdll\unpacker\debug\project1.exe,SZERVER_EXTRACTED_AUTO,extracted_auto,.exe,project1.exe,project1,732160,unclassified,Tovabbi manualis elemzes szukseges,
Anti\SZERVER\_extracted_auto\forrasok_unpacked\SZERVER\ujdll\unpacker\makedll\unpacker.dll,SZERVER_EXTRACTED_AUTO,extracted_auto,.dll,unpacker.dll,unpacker,729088,legacy-dll,Legacy plugin vagy shared library,
Anti\SZERVER\_extracted_auto\forrasok_unpacked\SZERVER\ujdll\unpacker\ounpacker_unpacked\DEBUG\Project1.exe,SZERVER_EXTRACTED_AUTO,extracted_auto,.exe,Project1.exe,Project1,731136,unclassified,Tovabbi manualis elemzes szukseges,
Anti\SZERVER\_extracted_auto\forrasok_unpacked\SZERVER\ujdll\unpacker\ounpacker_unpacked\MAKEDLL\Unpacker.dll,SZERVER_EXTRACTED_AUTO,extracted_auto,.dll,Unpacker.dll,Unpacker,728576,legacy-dll,Legacy plugin vagy shared library,
Anti\SZERVER\_extracted_auto\forrasok_unpacked\SZERVER\ujdll\userbelep\debug\project1.exe,SZERVER_EXTRACTED_AUTO,extracted_auto,.exe,project1.exe,project1,969728,unclassified,Tovabbi manualis elemzes szukseges,
Anti\SZERVER\_extracted_auto\forrasok_unpacked\SZERVER\ujdll\userbelep\makedll\userin.dll,SZERVER_EXTRACTED_AUTO,extracted_auto,.dll,userin.dll,userin,967168,legacy-dll,Legacy plugin vagy shared library,
Anti\SZERVER\_extracted_auto\forrasok_unpacked\SZERVER\ujdll\western\debug\project1.exe,SZERVER_EXTRACTED_AUTO,extracted_auto,.exe,project1.exe,project1,774144,western-union,Western Union integracio,
Anti\SZERVER\_extracted_auto\forrasok_unpacked\SZERVER\ujdll\western\makedll\westforg.dll,SZERVER_EXTRACTED_AUTO,extracted_auto,.dll,westforg.dll,westforg,772096,western-union,Western Union integracio,
Anti\SZERVER\_extracted_auto\forrasok_unpacked\SZERVER\ujdll\wuafatranz\debug\project1.exe,SZERVER_EXTRACTED_AUTO,extracted_auto,.exe,project1.exe,project1,998912,unclassified,Tovabbi manualis elemzes szukseges,
Anti\SZERVER\_extracted_auto\forrasok_unpacked\SZERVER\ujdll\wuafatranz\makedll\wuwaadvet.dll,SZERVER_EXTRACTED_AUTO,extracted_auto,.dll,wuwaadvet.dll,wuwaadvet,995840,legacy-dll,Legacy plugin vagy shared library,
Anti\SZERVER\_extracted_auto\forrasok_unpacked\SZERVER\ujdll\wunidisp\debug\project1.exe,SZERVER_EXTRACTED_AUTO,extracted_auto,.exe,project1.exe,project1,717824,unclassified,Tovabbi manualis elemzes szukseges,
Anti\SZERVER\_extracted_auto\forrasok_unpacked\SZERVER\ujdll\wunidisp\makedll\wudisp.dll,SZERVER_EXTRACTED_AUTO,extracted_auto,.dll,wudisp.dll,wudisp,716288,legacy-dll,Legacy plugin vagy shared library,
Anti\SZERVER\_extracted_auto\forrasok_unpacked\SZERVER\ujdll\zarasctrl\debug\project1.exe,SZERVER_EXTRACTED_AUTO,extracted_auto,.exe,project1.exe,project1,820224,unclassified,Tovabbi manualis elemzes szukseges,
Anti\SZERVER\_extracted_auto\forrasok_unpacked\SZERVER\ujdll\zarasctrl\makedll\zarasctrl.dll,SZERVER_EXTRACTED_AUTO,extracted_auto,.dll,zarasctrl.dll,zarasctrl,817664,legacy-dll,Legacy plugin vagy shared library,
Anti\SZERVER\_extracted_auto\forrasok_unpacked\VALUTA\DLL\_BASEDLL\Project1.exe,SZERVER_EXTRACTED_AUTO,extracted_auto,.exe,Project1.exe,Project1,389120,legacy-dll,Legacy plugin vagy shared library,
Anti\SZERVER\_extracted_auto\forrasok_unpacked\VALUTA\DLL\ADATLAP\DEBUG\Project1.exe,SZERVER_EXTRACTED_AUTO,extracted_auto,.exe,Project1.exe,Project1,1010176,legacy-dll,Legacy plugin vagy shared library,
Anti\SZERVER\_extracted_auto\forrasok_unpacked\VALUTA\DLL\ADATLAP\EXEPROBA\adatlap.dll,SZERVER_EXTRACTED_AUTO,extracted_auto,.dll,adatlap.dll,adatlap,1026048,legacy-dll,Legacy plugin vagy shared library,
Anti\SZERVER\_extracted_auto\forrasok_unpacked\VALUTA\DLL\ADATLAP\EXEPROBA\Project1.exe,SZERVER_EXTRACTED_AUTO,extracted_auto,.exe,Project1.exe,Project1,409600,legacy-dll,Legacy plugin vagy shared library,
Anti\SZERVER\_extracted_auto\forrasok_unpacked\VALUTA\DLL\ADATLAP\MAKEDLL\ADATLAP.dll,SZERVER_EXTRACTED_AUTO,extracted_auto,.dll,ADATLAP.dll,ADATLAP,1007616,legacy-dll,Legacy plugin vagy shared library,
Anti\SZERVER\_extracted_auto\forrasok_unpacked\VALUTA\DLL\AFATABLA\DEBUG\Project1.exe,SZERVER_EXTRACTED_AUTO,extracted_auto,.exe,Project1.exe,Project1,837120,legacy-dll,Legacy plugin vagy shared library,
Anti\SZERVER\_extracted_auto\forrasok_unpacked\VALUTA\DLL\AFATABLA\MAKEDLL\AfaTab.dll,SZERVER_EXTRACTED_AUTO,extracted_auto,.dll,AfaTab.dll,AfaTab,835072,legacy-dll,Legacy plugin vagy shared library,
Anti\SZERVER\_extracted_auto\forrasok_unpacked\VALUTA\DLL\ARFDISP\DEBUG\Project1.exe,SZERVER_EXTRACTED_AUTO,extracted_auto,.exe,Project1.exe,Project1,770048,legacy-dll,Legacy plugin vagy shared library,
Anti\SZERVER\_extracted_auto\forrasok_unpacked\VALUTA\DLL\ARFDISP\MAKEDLL\ARFDISP.dll,SZERVER_EXTRACTED_AUTO,extracted_auto,.dll,ARFDISP.dll,ARFDISP,766976,legacy-dll,Legacy plugin vagy shared library,
Anti\SZERVER\_extracted_auto\forrasok_unpacked\VALUTA\DLL\ARFREG\DEBUG\Project1.exe,SZERVER_EXTRACTED_AUTO,extracted_auto,.exe,Project1.exe,Project1,808960,rates,Arfolyam regiszter vagy megjelenites,
Anti\SZERVER\_extracted_auto\forrasok_unpacked\VALUTA\DLL\ARFREG\EXEPROBA\Project1.exe,SZERVER_EXTRACTED_AUTO,extracted_auto,.exe,Project1.exe,Project1,389120,rates,Arfolyam regiszter vagy megjelenites,
Anti\SZERVER\_extracted_auto\forrasok_unpacked\VALUTA\DLL\ARFREG\MAKEDLL\ARFREG.dll,SZERVER_EXTRACTED_AUTO,extracted_auto,.dll,ARFREG.dll,ARFREG,806400,rates,Arfolyam regiszter vagy megjelenites,
Anti\SZERVER\_extracted_auto\forrasok_unpacked\VALUTA\DLL\ARFREG\UJDLL\DEBUG\Project1.exe,SZERVER_EXTRACTED_AUTO,extracted_auto,.exe,Project1.exe,Project1,808448,rates,Arfolyam regiszter vagy megjelenites,
Anti\SZERVER\_extracted_auto\forrasok_unpacked\VALUTA\DLL\ARFTMK\DEBUG\Project1.exe,SZERVER_EXTRACTED_AUTO,extracted_auto,.exe,Project1.exe,Project1,986112,rates,Arfolyam karbantarto modul,
Anti\SZERVER\_extracted_auto\forrasok_unpacked\VALUTA\DLL\ARFTMK\MAKEDLL\Arftmk.dll,SZERVER_EXTRACTED_AUTO,extracted_auto,.dll,Arftmk.dll,Arftmk,984064,rates,Arfolyam karbantarto modul,
Anti\SZERVER\_extracted_auto\forrasok_unpacked\VALUTA\DLL\Arfvalt.dll,SZERVER_EXTRACTED_AUTO,extracted_auto,.dll,Arfvalt.dll,Arfvalt,699392,legacy-dll,Legacy plugin vagy shared library,
Anti\SZERVER\_extracted_auto\forrasok_unpacked\VALUTA\DLL\ARFVALT\DEBUG\Project1.exe,SZERVER_EXTRACTED_AUTO,extracted_auto,.exe,Project1.exe,Project1,701440,legacy-dll,Legacy plugin vagy shared library,
Anti\SZERVER\_extracted_auto\forrasok_unpacked\VALUTA\DLL\ARFVALT\MAKEDLL\Arfvalt.dll,SZERVER_EXTRACTED_AUTO,extracted_auto,.dll,Arfvalt.dll,Arfvalt,698880,legacy-dll,Legacy plugin vagy shared library,
Anti\SZERVER\_extracted_auto\forrasok_unpacked\VALUTA\DLL\ATADOLAP\DEBUG\OBSOLOT_unpacked\PROJECT1.EXE,SZERVER_EXTRACTED_AUTO,extracted_auto,.exe,PROJECT1.EXE,PROJECT1,804352,vault-transfer,Atadolap es handover dokumentum,
Anti\SZERVER\_extracted_auto\forrasok_unpacked\VALUTA\DLL\ATADOLAP\DEBUG\Project1.exe,SZERVER_EXTRACTED_AUTO,extracted_auto,.exe,Project1.exe,Project1,804352,vault-transfer,Atadolap es handover dokumentum,
Anti\SZERVER\_extracted_auto\forrasok_unpacked\VALUTA\DLL\ATADOLAP\MAKEDLL\Atadolap.dll,SZERVER_EXTRACTED_AUTO,extracted_auto,.dll,Atadolap.dll,Atadolap,801280,vault-transfer,Atadolap es handover dokumentum,
Anti\SZERVER\_extracted_auto\forrasok_unpacked\VALUTA\DLL\ATADVET\DEBUG\Project1.exe,SZERVER_EXTRACTED_AUTO,extracted_auto,.exe,Project1.exe,Project1,1430528,vault-transfer,Penztarak vagy ertektarak kozotti atadas-atvetel,
Anti\SZERVER\_extracted_auto\forrasok_unpacked\VALUTA\DLL\ATADVET\MAKEDLL\Atadvet.dll,SZERVER_EXTRACTED_AUTO,extracted_auto,.dll,Atadvet.dll,Atadvet,1427968,vault-transfer,Penztarak vagy ertektarak kozotti atadas-atvetel,
Anti\SZERVER\_extracted_auto\forrasok_unpacked\VALUTA\DLL\BIGARFVALT\DEBUG\Project1.exe,SZERVER_EXTRACTED_AUTO,extracted_auto,.exe,Project1.exe,Project1,705024,legacy-dll,Legacy plugin vagy shared library,
Anti\SZERVER\_extracted_auto\forrasok_unpacked\VALUTA\DLL\BIGARFVALT\MAKEDLL\BigArfValt.dll,SZERVER_EXTRACTED_AUTO,extracted_auto,.dll,BigArfValt.dll,BigArfValt,702464,legacy-dll,Legacy plugin vagy shared library,
Anti\SZERVER\_extracted_auto\forrasok_unpacked\VALUTA\DLL\BIGCTRL\DEBUG\Project1.exe,SZERVER_EXTRACTED_AUTO,extracted_auto,.exe,Project1.exe,Project1,726528,legacy-dll,Legacy plugin vagy shared library,
Anti\SZERVER\_extracted_auto\forrasok_unpacked\VALUTA\DLL\BIGCTRL\MAKEDLL\Bigctrl.dll,SZERVER_EXTRACTED_AUTO,extracted_auto,.dll,Bigctrl.dll,Bigctrl,717824,legacy-dll,Legacy plugin vagy shared library,
Anti\SZERVER\_extracted_auto\forrasok_unpacked\VALUTA\DLL\BIZODISP\DEBUG\Project1.exe,SZERVER_EXTRACTED_AUTO,extracted_auto,.exe,Project1.exe,Project1,1022464,legacy-dll,Legacy plugin vagy shared library,
Anti\SZERVER\_extracted_auto\forrasok_unpacked\VALUTA\DLL\BIZODISP\EXEPROBA\Project1.exe,SZERVER_EXTRACTED_AUTO,extracted_auto,.exe,Project1.exe,Project1,389120,legacy-dll,Legacy plugin vagy shared library,
Anti\SZERVER\_extracted_auto\forrasok_unpacked\VALUTA\DLL\BIZODISP\MAKEDLL\Bizodisp.dll,SZERVER_EXTRACTED_AUTO,extracted_auto,.dll,Bizodisp.dll,Bizodisp,1020416,legacy-dll,Legacy plugin vagy shared library,
Anti\SZERVER\_extracted_auto\forrasok_unpacked\VALUTA\DLL\BLOKNYOM\DEBUG\Project1.exe,SZERVER_EXTRACTED_AUTO,extracted_auto,.exe,Project1.exe,Project1,704000,legacy-dll,Legacy plugin vagy shared library,
Anti\SZERVER\_extracted_auto\forrasok_unpacked\VALUTA\DLL\BLOKNYOM\exeproba\Project1.exe,SZERVER_EXTRACTED_AUTO,extracted_auto,.exe,Project1.exe,Project1,411648,legacy-dll,Legacy plugin vagy shared library,
Anti\SZERVER\_extracted_auto\forrasok_unpacked\VALUTA\DLL\BLOKNYOM\MAKEDLL\Bloknyom.dll,SZERVER_EXTRACTED_AUTO,extracted_auto,.dll,Bloknyom.dll,Bloknyom,692224,legacy-dll,Legacy plugin vagy shared library,
Anti\SZERVER\_extracted_auto\forrasok_unpacked\VALUTA\DLL\CHECKLST\MAKEDLL\Checklst.dll,SZERVER_EXTRACTED_AUTO,extracted_auto,.dll,Checklst.dll,Checklst,774144,legacy-dll,Legacy plugin vagy shared library,
Anti\SZERVER\_extracted_auto\forrasok_unpacked\VALUTA\DLL\CIMLCTRL\DEBUG\Project1.exe,SZERVER_EXTRACTED_AUTO,extracted_auto,.exe,Project1.exe,Project1,686080,denomination,Cimletkezeles es denomination workflow,
Anti\SZERVER\_extracted_auto\forrasok_unpacked\VALUTA\DLL\CIMLCTRL\exeproba\Project1.exe,SZERVER_EXTRACTED_AUTO,extracted_auto,.exe,Project1.exe,Project1,681984,denomination,Cimletkezeles es denomination workflow,
Anti\SZERVER\_extracted_auto\forrasok_unpacked\VALUTA\DLL\CIMLCTRL\MAKEDLL\CimlCtrl.dll,SZERVER_EXTRACTED_AUTO,extracted_auto,.dll,CimlCtrl.dll,CimlCtrl,674304,denomination,Cimletkezeles es denomination workflow,
Anti\SZERVER\_extracted_auto\forrasok_unpacked\VALUTA\DLL\CIMLET\DEBUG\Project1.exe,SZERVER_EXTRACTED_AUTO,extracted_auto,.exe,Project1.exe,Project1,764416,denomination,Cimletkezeles es denomination workflow,
Anti\SZERVER\_extracted_auto\forrasok_unpacked\VALUTA\DLL\CIMLET\MAKEDLL\Cimlet.dll,SZERVER_EXTRACTED_AUTO,extracted_auto,.dll,Cimlet.dll,Cimlet,749568,denomination,Cimletkezeles es denomination workflow,
Anti\SZERVER\_extracted_auto\forrasok_unpacked\VALUTA\DLL\CIMLMENU\DEBUG\Project1.exe,SZERVER_EXTRACTED_AUTO,extracted_auto,.exe,Project1.exe,Project1,691200,denomination,Cimletkezeles es denomination workflow,
Anti\SZERVER\_extracted_auto\forrasok_unpacked\VALUTA\DLL\CIMLMENU\EXEPROBA\Project1.exe,SZERVER_EXTRACTED_AUTO,extracted_auto,.exe,Project1.exe,Project1,417280,denomination,Cimletkezeles es denomination workflow,
Anti\SZERVER\_extracted_auto\forrasok_unpacked\VALUTA\DLL\CIMLMENU\MAKEDLL\CIMLMENU.dll,SZERVER_EXTRACTED_AUTO,extracted_auto,.dll,CIMLMENU.dll,CIMLMENU,688640,denomination,Cimletkezeles es denomination workflow,
Anti\SZERVER\_extracted_auto\forrasok_unpacked\VALUTA\DLL\CIMLNYOM\DEBUG\Project1.exe,SZERVER_EXTRACTED_AUTO,extracted_auto,.exe,Project1.exe,Project1,723968,denomination,Cimletkezeles es denomination workflow,
Anti\SZERVER\_extracted_auto\forrasok_unpacked\VALUTA\DLL\CIMLNYOM\EXEPROBA\cnyom.exe,SZERVER_EXTRACTED_AUTO,extracted_auto,.exe,cnyom.exe,cnyom,411648,denomination,Cimletkezeles es denomination workflow,
Anti\SZERVER\_extracted_auto\forrasok_unpacked\VALUTA\DLL\CIMLNYOM\EXEPROBA\Project1.exe,SZERVER_EXTRACTED_AUTO,extracted_auto,.exe,Project1.exe,Project1,411648,denomination,Cimletkezeles es denomination workflow,
Anti\SZERVER\_extracted_auto\forrasok_unpacked\VALUTA\DLL\CIMLNYOM\MAKEDLL\CimlNyom.dll,SZERVER_EXTRACTED_AUTO,extracted_auto,.dll,CimlNyom.dll,CimlNyom,721920,denomination,Cimletkezeles es denomination workflow,
Anti\SZERVER\_extracted_auto\forrasok_unpacked\VALUTA\DLL\CIMSETUP\DEBUG\Project1.exe,SZERVER_EXTRACTED_AUTO,extracted_auto,.exe,Project1.exe,Project1,499712,legacy-dll,Legacy plugin vagy shared library,
Anti\SZERVER\_extracted_auto\forrasok_unpacked\VALUTA\DLL\CIMSETUP\MAKEDLL\Cimsetup.dll,SZERVER_EXTRACTED_AUTO,extracted_auto,.dll,Cimsetup.dll,Cimsetup,498176,legacy-dll,Legacy plugin vagy shared library,
Anti\SZERVER\_extracted_auto\forrasok_unpacked\VALUTA\DLL\CONFIDEN\DEBUG\Project1.exe,SZERVER_EXTRACTED_AUTO,extracted_auto,.exe,Project1.exe,Project1,703488,legacy-dll,Legacy plugin vagy shared library,
Anti\SZERVER\_extracted_auto\forrasok_unpacked\VALUTA\DLL\CONFIDEN\MAKEDLL\Confi.dll,SZERVER_EXTRACTED_AUTO,extracted_auto,.dll,Confi.dll,Confi,700928,legacy-dll,Legacy plugin vagy shared library,
Anti\SZERVER\_extracted_auto\forrasok_unpacked\VALUTA\DLL\CONFIRM\DEBUG\Project1.exe,SZERVER_EXTRACTED_AUTO,extracted_auto,.exe,Project1.exe,Project1,679424,legacy-dll,Legacy plugin vagy shared library,
Anti\SZERVER\_extracted_auto\forrasok_unpacked\VALUTA\DLL\CONFIRM\MAKEDLL\confirm.dll,SZERVER_EXTRACTED_AUTO,extracted_auto,.dll,confirm.dll,confirm,676864,legacy-dll,Legacy plugin vagy shared library,
Anti\SZERVER\_extracted_auto\forrasok_unpacked\VALUTA\DLL\COPY2FTP\DEBUG\Project1.exe,SZERVER_EXTRACTED_AUTO,extracted_auto,.exe,Project1.exe,Project1,647680,legacy-dll,Legacy plugin vagy shared library,
Anti\SZERVER\_extracted_auto\forrasok_unpacked\VALUTA\DLL\COPY2FTP\EXEPROBA\Project1.exe,SZERVER_EXTRACTED_AUTO,extracted_auto,.exe,Project1.exe,Project1,412160,legacy-dll,Legacy plugin vagy shared library,
Anti\SZERVER\_extracted_auto\forrasok_unpacked\VALUTA\DLL\COPY2FTP\MAKEDLL\COPY2FTP.dll,SZERVER_EXTRACTED_AUTO,extracted_auto,.dll,COPY2FTP.dll,COPY2FTP,641024,legacy-dll,Legacy plugin vagy shared library,
Anti\SZERVER\_extracted_auto\forrasok_unpacked\VALUTA\DLL\DEKRUTIN\DEBUG\Project1.exe,SZERVER_EXTRACTED_AUTO,extracted_auto,.exe,Project1.exe,Project1,755712,legacy-dll,Legacy plugin vagy shared library,
Anti\SZERVER\_extracted_auto\forrasok_unpacked\VALUTA\DLL\DEKRUTIN\EXEPROBA\Project1.exe,SZERVER_EXTRACTED_AUTO,extracted_auto,.exe,Project1.exe,Project1,399872,legacy-dll,Legacy plugin vagy shared library,
Anti\SZERVER\_extracted_auto\forrasok_unpacked\VALUTA\DLL\DEKRUTIN\MAKEDLL\dekad.dll,SZERVER_EXTRACTED_AUTO,extracted_auto,.dll,dekad.dll,dekad,753664,legacy-dll,Legacy plugin vagy shared library,
Anti\SZERVER\_extracted_auto\forrasok_unpacked\VALUTA\DLL\DOCDISP\DEBUG\Project1.exe,SZERVER_EXTRACTED_AUTO,extracted_auto,.exe,Project1.exe,Project1,792576,legacy-dll,Legacy plugin vagy shared library,
Anti\SZERVER\_extracted_auto\forrasok_unpacked\VALUTA\DLL\DOCDISP\MAKEDLL\Docdisp.dll,SZERVER_EXTRACTED_AUTO,extracted_auto,.dll,Docdisp.dll,Docdisp,791040,legacy-dll,Legacy plugin vagy shared library,
Anti\SZERVER\_extracted_auto\forrasok_unpacked\VALUTA\DLL\ELADAS\DEBUG\Project1.exe,SZERVER_EXTRACTED_AUTO,extracted_auto,.exe,Project1.exe,Project1,932864,transaction-sell,Valuta eladasi tranzakcio,
Anti\SZERVER\_extracted_auto\forrasok_unpacked\VALUTA\DLL\ELADAS\MAKEDLL\Eladas.dll,SZERVER_EXTRACTED_AUTO,extracted_auto,.dll,Eladas.dll,Eladas,930816,transaction-sell,Valuta eladasi tranzakcio,
Anti\SZERVER\_extracted_auto\forrasok_unpacked\VALUTA\DLL\ESTIZAR\DEBUG\Project1.exe,SZERVER_EXTRACTED_AUTO,extracted_auto,.exe,Project1.exe,Project1,918016,legacy-dll,Legacy plugin vagy shared library,
Anti\SZERVER\_extracted_auto\forrasok_unpacked\VALUTA\DLL\ESTIZAR\MAKEDLL\Estizar.dll,SZERVER_EXTRACTED_AUTO,extracted_auto,.dll,Estizar.dll,Estizar,915968,legacy-dll,Legacy plugin vagy shared library,
Anti\SZERVER\_extracted_auto\forrasok_unpacked\VALUTA\DLL\EUAKCIO\DEBUG\Project1.exe,SZERVER_EXTRACTED_AUTO,extracted_auto,.exe,Project1.exe,Project1,420864,legacy-dll,Legacy plugin vagy shared library,
Anti\SZERVER\_extracted_auto\forrasok_unpacked\VALUTA\DLL\EUAKCIO\MAKEDLL\EusAkcio.dll,SZERVER_EXTRACTED_AUTO,extracted_auto,.dll,EusAkcio.dll,EusAkcio,418304,legacy-dll,Legacy plugin vagy shared library,
Anti\SZERVER\_extracted_auto\forrasok_unpacked\VALUTA\DLL\FIRSTCTRL\DEBUG\Project1.exe,SZERVER_EXTRACTED_AUTO,extracted_auto,.exe,Project1.exe,Project1,681984,legacy-dll,Legacy plugin vagy shared library,
Anti\SZERVER\_extracted_auto\forrasok_unpacked\VALUTA\DLL\FIRSTCTRL\MAKEDLL\FirstCtrl.dll,SZERVER_EXTRACTED_AUTO,extracted_auto,.dll,FirstCtrl.dll,FirstCtrl,679936,legacy-dll,Legacy plugin vagy shared library,
Anti\SZERVER\_extracted_auto\forrasok_unpacked\VALUTA\DLL\FNYUJSAG\ALAP\MAKEDLL\Fnyujsag.dll,SZERVER_EXTRACTED_AUTO,extracted_auto,.dll,Fnyujsag.dll,Fnyujsag,676864,display,Futofeny vagy kijelzo komponens,
Anti\SZERVER\_extracted_auto\forrasok_unpacked\VALUTA\DLL\FNYUJSAG\BAJCSY\DEBUG\Project1.exe,SZERVER_EXTRACTED_AUTO,extracted_auto,.exe,Project1.exe,Project1,678400,display,Futofeny vagy kijelzo komponens,
Anti\SZERVER\_extracted_auto\forrasok_unpacked\VALUTA\DLL\FNYUJSAG\BAJCSY\MAKEDLL\Fnyujsag.dll,SZERVER_EXTRACTED_AUTO,extracted_auto,.dll,Fnyujsag.dll,Fnyujsag,676352,display,Futofeny vagy kijelzo komponens,
Anti\SZERVER\_extracted_auto\forrasok_unpacked\VALUTA\DLL\FNYUJSAG\BCSABA\DEBUG\Project1.exe,SZERVER_EXTRACTED_AUTO,extracted_auto,.exe,Project1.exe,Project1,677376,display,Futofeny vagy kijelzo komponens,
Anti\SZERVER\_extracted_auto\forrasok_unpacked\VALUTA\DLL\FNYUJSAG\BCSABA\MAKEDLL\Fnyujsag.dll,SZERVER_EXTRACTED_AUTO,extracted_auto,.dll,Fnyujsag.dll,Fnyujsag,674816,display,Futofeny vagy kijelzo komponens,
Anti\SZERVER\_extracted_auto\forrasok_unpacked\VALUTA\DLL\FNYUJSAG\CORSO\Fnyujsag.dll,SZERVER_EXTRACTED_AUTO,extracted_auto,.dll,Fnyujsag.dll,Fnyujsag,677888,display,Futofeny vagy kijelzo komponens,
Anti\SZERVER\_extracted_auto\forrasok_unpacked\VALUTA\DLL\FNYUJSAG\DEBUG\Project1.exe,SZERVER_EXTRACTED_AUTO,extracted_auto,.exe,Project1.exe,Project1,679424,display,Futofeny vagy kijelzo komponens,
Anti\SZERVER\_extracted_auto\forrasok_unpacked\VALUTA\DLL\FNYUJSAG\DIANA\DEBUG\Project1.exe,SZERVER_EXTRACTED_AUTO,extracted_auto,.exe,Project1.exe,Project1,679424,display,Futofeny vagy kijelzo komponens,
Anti\SZERVER\_extracted_auto\forrasok_unpacked\VALUTA\DLL\FNYUJSAG\DIANA\MAKEDLL\Fnyujsag.dll,SZERVER_EXTRACTED_AUTO,extracted_auto,.dll,Fnyujsag.dll,Fnyujsag,677888,display,Futofeny vagy kijelzo komponens,
Anti\SZERVER\_extracted_auto\forrasok_unpacked\VALUTA\DLL\FNYUJSAG\dombovar\DEBUG\Project1.exe,SZERVER_EXTRACTED_AUTO,extracted_auto,.exe,Project1.exe,Project1,701440,display,Futofeny vagy kijelzo komponens,
Anti\SZERVER\_extracted_auto\forrasok_unpacked\VALUTA\DLL\FNYUJSAG\dombovar\exeproba\Project1.exe,SZERVER_EXTRACTED_AUTO,extracted_auto,.exe,Project1.exe,Project1,406016,display,Futofeny vagy kijelzo komponens,
Anti\SZERVER\_extracted_auto\forrasok_unpacked\VALUTA\DLL\FNYUJSAG\dombovar\MAKEDLL\Fnyujsag.dll,SZERVER_EXTRACTED_AUTO,extracted_auto,.dll,Fnyujsag.dll,Fnyujsag,683520,display,Futofeny vagy kijelzo komponens,
Anti\SZERVER\_extracted_auto\forrasok_unpacked\VALUTA\DLL\FNYUJSAG\DUPLACOM\DEBUG\Fnyujsag.dll,SZERVER_EXTRACTED_AUTO,extracted_auto,.dll,Fnyujsag.dll,Fnyujsag,677376,display,Futofeny vagy kijelzo komponens,
Anti\SZERVER\_extracted_auto\forrasok_unpacked\VALUTA\DLL\FNYUJSAG\DUPLACOM\MAKEDLL\Fnyujsag.dll,SZERVER_EXTRACTED_AUTO,extracted_auto,.dll,Fnyujsag.dll,Fnyujsag,677376,display,Futofeny vagy kijelzo komponens,
Anti\SZERVER\_extracted_auto\forrasok_unpacked\VALUTA\DLL\FNYUJSAG\DUPOTHER\DEBUG\Project1.exe,SZERVER_EXTRACTED_AUTO,extracted_auto,.exe,Project1.exe,Project1,679936,display,Futofeny vagy kijelzo komponens,
Anti\SZERVER\_extracted_auto\forrasok_unpacked\VALUTA\DLL\FNYUJSAG\DUPOTHER\MAKEDLL\Fnyujsag.dll,SZERVER_EXTRACTED_AUTO,extracted_auto,.dll,Fnyujsag.dll,Fnyujsag,677888,display,Futofeny vagy kijelzo komponens,
Anti\SZERVER\_extracted_auto\forrasok_unpacked\VALUTA\DLL\FNYUJSAG\EXEPROBA\Project1.exe,SZERVER_EXTRACTED_AUTO,extracted_auto,.exe,Project1.exe,Project1,388608,display,Futofeny vagy kijelzo komponens,
Anti\SZERVER\_extracted_auto\forrasok_unpacked\VALUTA\DLL\FNYUJSAG\FERENCES\DEBUG\Project1.exe,SZERVER_EXTRACTED_AUTO,extracted_auto,.exe,Project1.exe,Project1,701440,display,Futofeny vagy kijelzo komponens,
Anti\SZERVER\_extracted_auto\forrasok_unpacked\VALUTA\DLL\FNYUJSAG\FERENCES\exeproba\Project1.exe,SZERVER_EXTRACTED_AUTO,extracted_auto,.exe,Project1.exe,Project1,406016,display,Futofeny vagy kijelzo komponens,
Anti\SZERVER\_extracted_auto\forrasok_unpacked\VALUTA\DLL\FNYUJSAG\FERENCES\MAKEDLL\Fnyujsag.dll,SZERVER_EXTRACTED_AUTO,extracted_auto,.dll,Fnyujsag.dll,Fnyujsag,698368,display,Futofeny vagy kijelzo komponens,
Anti\SZERVER\_extracted_auto\forrasok_unpacked\VALUTA\DLL\FNYUJSAG\IRGALMAS\MAKEDLL\Fnyujsag.dll,SZERVER_EXTRACTED_AUTO,extracted_auto,.dll,Fnyujsag.dll,Fnyujsag,677376,display,Futofeny vagy kijelzo komponens,
Anti\SZERVER\_extracted_auto\forrasok_unpacked\VALUTA\DLL\FNYUJSAG\MAKEDLL\Fnyujsag.dll,SZERVER_EXTRACTED_AUTO,extracted_auto,.dll,Fnyujsag.dll,Fnyujsag,677888,display,Futofeny vagy kijelzo komponens,
Anti\SZERVER\_extracted_auto\forrasok_unpacked\VALUTA\DLL\FNYUJSAG\NOSPEED\MAKEDLL\Fnyujsag.dll,SZERVER_EXTRACTED_AUTO,extracted_auto,.dll,Fnyujsag.dll,Fnyujsag,677888,display,Futofeny vagy kijelzo komponens,
Anti\SZERVER\_extracted_auto\forrasok_unpacked\VALUTA\DLL\FNYUJSAG\OROS\MAKEDLL\Fnyujsag.dll,SZERVER_EXTRACTED_AUTO,extracted_auto,.dll,Fnyujsag.dll,Fnyujsag,674816,display,Futofeny vagy kijelzo komponens,
Anti\SZERVER\_extracted_auto\forrasok_unpacked\VALUTA\DLL\FNYUJSAG\RAKOCZI\Fnyujsag.dll,SZERVER_EXTRACTED_AUTO,extracted_auto,.dll,Fnyujsag.dll,Fnyujsag,677888,display,Futofeny vagy kijelzo komponens,
Anti\SZERVER\_extracted_auto\forrasok_unpacked\VALUTA\DLL\FNYUJSAG\spec8085\DEBUG\Project1.exe,SZERVER_EXTRACTED_AUTO,extracted_auto,.exe,Project1.exe,Project1,679424,display,Futofeny vagy kijelzo komponens,
Anti\SZERVER\_extracted_auto\forrasok_unpacked\VALUTA\DLL\FNYUJSAG\spec8085\MAKEDLL\Fnyujsag.dll,SZERVER_EXTRACTED_AUTO,extracted_auto,.dll,Fnyujsag.dll,Fnyujsag,677888,display,Futofeny vagy kijelzo komponens,
Anti\SZERVER\_extracted_auto\forrasok_unpacked\VALUTA\DLL\FNYUJSAG\SZOBOSZLO\DEBUG\Project1.exe,SZERVER_EXTRACTED_AUTO,extracted_auto,.exe,Project1.exe,Project1,678912,display,Futofeny vagy kijelzo komponens,
Anti\SZERVER\_extracted_auto\forrasok_unpacked\VALUTA\DLL\FNYUJSAG\SZOBOSZLO\MAKEDLL\Fnyujsag.dll,SZERVER_EXTRACTED_AUTO,extracted_auto,.dll,Fnyujsag.dll,Fnyujsag,676864,display,Futofeny vagy kijelzo komponens,
Anti\SZERVER\_extracted_auto\forrasok_unpacked\VALUTA\DLL\FNYUJSAG\UJTIPUS\DEBUG\Project1.exe,SZERVER_EXTRACTED_AUTO,extracted_auto,.exe,Project1.exe,Project1,697856,display,Futofeny vagy kijelzo komponens,
Anti\SZERVER\_extracted_auto\forrasok_unpacked\VALUTA\DLL\FNYUJSAG\UJTIPUS\MAKEDLL\Fnyujsag.dll,SZERVER_EXTRACTED_AUTO,extracted_auto,.dll,Fnyujsag.dll,Fnyujsag,678400,display,Futofeny vagy kijelzo komponens,
Anti\SZERVER\_extracted_auto\forrasok_unpacked\VALUTA\DLL\FOGLALO\DEBUG\Project1.exe,SZERVER_EXTRACTED_AUTO,extracted_auto,.exe,Project1.exe,Project1,1060864,reservation,Foglalas rendszer,
Anti\SZERVER\_extracted_auto\forrasok_unpacked\VALUTA\DLL\FOGLALO\EXEPROBA\Project1.exe,SZERVER_EXTRACTED_AUTO,extracted_auto,.exe,Project1.exe,Project1,389120,reservation,Foglalas rendszer,
Anti\SZERVER\_extracted_auto\forrasok_unpacked\VALUTA\DLL\FOGLALO\MAKEDLL\foglalo.dll,SZERVER_EXTRACTED_AUTO,extracted_auto,.dll,foglalo.dll,foglalo,1058304,reservation,Foglalas rendszer,
Anti\SZERVER\_extracted_auto\forrasok_unpacked\VALUTA\DLL\FOGLREND\DEBUG\Project1.exe,SZERVER_EXTRACTED_AUTO,extracted_auto,.exe,Project1.exe,Project1,724480,legacy-dll,Legacy plugin vagy shared library,
Anti\SZERVER\_extracted_auto\forrasok_unpacked\VALUTA\DLL\FOGLREND\MAKEDLL\foglrend.dll,SZERVER_EXTRACTED_AUTO,extracted_auto,.dll,foglrend.dll,foglrend,721408,legacy-dll,Legacy plugin vagy shared library,
Anti\SZERVER\_extracted_auto\forrasok_unpacked\VALUTA\DLL\FORGOSSZ\DEBUG\Project1.exe,SZERVER_EXTRACTED_AUTO,extracted_auto,.exe,Project1.exe,Project1,979968,legacy-dll,Legacy plugin vagy shared library,
Anti\SZERVER\_extracted_auto\forrasok_unpacked\VALUTA\DLL\FORGOSSZ\MAKEDLL\Forgossz.dll,SZERVER_EXTRACTED_AUTO,extracted_auto,.dll,Forgossz.dll,Forgossz,977408,legacy-dll,Legacy plugin vagy shared library,
Anti\SZERVER\_extracted_auto\forrasok_unpacked\VALUTA\DLL\GEPSETUP\DEBUG\Project1.exe,SZERVER_EXTRACTED_AUTO,extracted_auto,.exe,Project1.exe,Project1,2379264,legacy-dll,Legacy plugin vagy shared library,
Anti\SZERVER\_extracted_auto\forrasok_unpacked\VALUTA\DLL\GEPSETUP\EXEPROBA\Project1.exe,SZERVER_EXTRACTED_AUTO,extracted_auto,.exe,Project1.exe,Project1,389120,legacy-dll,Legacy plugin vagy shared library,
Anti\SZERVER\_extracted_auto\forrasok_unpacked\VALUTA\DLL\GEPSETUP\MAKEDLL\GEPSETUP.dll,SZERVER_EXTRACTED_AUTO,extracted_auto,.dll,GEPSETUP.dll,GEPSETUP,2376192,legacy-dll,Legacy plugin vagy shared library,
Anti\SZERVER\_extracted_auto\forrasok_unpacked\VALUTA\DLL\GETARF\DEBUG\Project1.exe,SZERVER_EXTRACTED_AUTO,extracted_auto,.exe,Project1.exe,Project1,734720,rates-sync,Arfolyam letoltes vagy rates sync,
Anti\SZERVER\_extracted_auto\forrasok_unpacked\VALUTA\DLL\GETARF\MAKEDLL\Getarf.dll,SZERVER_EXTRACTED_AUTO,extracted_auto,.dll,Getarf.dll,Getarf,732160,rates-sync,Arfolyam letoltes vagy rates sync,
Anti\SZERVER\_extracted_auto\forrasok_unpacked\VALUTA\DLL\GETARF\UJDLL\DEBUG\Project1.exe,SZERVER_EXTRACTED_AUTO,extracted_auto,.exe,Project1.exe,Project1,753152,rates-sync,Arfolyam letoltes vagy rates sync,
Anti\SZERVER\_extracted_auto\forrasok_unpacked\VALUTA\DLL\GETARF\UJDLL\MAKEDLL\Getarf.dll,SZERVER_EXTRACTED_AUTO,extracted_auto,.dll,Getarf.dll,Getarf,751616,rates-sync,Arfolyam letoltes vagy rates sync,
Anti\SZERVER\_extracted_auto\forrasok_unpacked\VALUTA\DLL\GETENGED\DEBUG\Project1.exe,SZERVER_EXTRACTED_AUTO,extracted_auto,.exe,Project1.exe,Project1,704512,legacy-dll,Legacy plugin vagy shared library,
Anti\SZERVER\_extracted_auto\forrasok_unpacked\VALUTA\DLL\GETENGED\MAKEDLL\getenged.dll,SZERVER_EXTRACTED_AUTO,extracted_auto,.dll,getenged.dll,getenged,701952,legacy-dll,Legacy plugin vagy shared library,
Anti\SZERVER\_extracted_auto\forrasok_unpacked\VALUTA\DLL\GETFIZE\DEBUG\Project1.exe,SZERVER_EXTRACTED_AUTO,extracted_auto,.exe,Project1.exe,Project1,705536,legacy-dll,Legacy plugin vagy shared library,
Anti\SZERVER\_extracted_auto\forrasok_unpacked\VALUTA\DLL\GETFIZE\MAKEDLL\Getfize.dll,SZERVER_EXTRACTED_AUTO,extracted_auto,.dll,Getfize.dll,Getfize,702464,legacy-dll,Legacy plugin vagy shared library,
Anti\SZERVER\_extracted_auto\forrasok_unpacked\VALUTA\DLL\GETISO\DEBUG\Project1.exe,SZERVER_EXTRACTED_AUTO,extracted_auto,.exe,Project1.exe,Project1,698368,legacy-dll,Legacy plugin vagy shared library,
Anti\SZERVER\_extracted_auto\forrasok_unpacked\VALUTA\DLL\GETISO\MAKEDLL\GETISO.dll,SZERVER_EXTRACTED_AUTO,extracted_auto,.dll,GETISO.dll,GETISO,694272,legacy-dll,Legacy plugin vagy shared library,
Anti\SZERVER\_extracted_auto\forrasok_unpacked\VALUTA\DLL\GETNYUGT\DEBUG\Project1.exe,SZERVER_EXTRACTED_AUTO,extracted_auto,.exe,Project1.exe,Project1,782336,legacy-dll,Legacy plugin vagy shared library,
Anti\SZERVER\_extracted_auto\forrasok_unpacked\VALUTA\DLL\GETNYUGT\MAKEDLL\Getnyug.dll,SZERVER_EXTRACTED_AUTO,extracted_auto,.dll,Getnyug.dll,Getnyug,779264,legacy-dll,Legacy plugin vagy shared library,
Anti\SZERVER\_extracted_auto\forrasok_unpacked\VALUTA\DLL\GETPLOMB\MAKEDLL\Getplomb.dll,SZERVER_EXTRACTED_AUTO,extracted_auto,.dll,Getplomb.dll,Getplomb,685056,legacy-dll,Legacy plugin vagy shared library,
Anti\SZERVER\_extracted_auto\forrasok_unpacked\VALUTA\DLL\GETPTAR\DEBUG\Project1.exe,SZERVER_EXTRACTED_AUTO,extracted_auto,.exe,Project1.exe,Project1,944128,legacy-dll,Legacy plugin vagy shared library,
Anti\SZERVER\_extracted_auto\forrasok_unpacked\VALUTA\DLL\GETPTAR\MAKEDLL\GetPTar.dll,SZERVER_EXTRACTED_AUTO,extracted_auto,.dll,GetPTar.dll,GetPTar,940544,legacy-dll,Legacy plugin vagy shared library,
Anti\SZERVER\_extracted_auto\forrasok_unpacked\VALUTA\DLL\GETSTATUS\DEBUG\Project1.exe,SZERVER_EXTRACTED_AUTO,extracted_auto,.exe,Project1.exe,Project1,837632,legacy-dll,Legacy plugin vagy shared library,
Anti\SZERVER\_extracted_auto\forrasok_unpacked\VALUTA\DLL\GETSTATUS\EXEPROBA\Project1.exe,SZERVER_EXTRACTED_AUTO,extracted_auto,.exe,Project1.exe,Project1,394240,legacy-dll,Legacy plugin vagy shared library,
Anti\SZERVER\_extracted_auto\forrasok_unpacked\VALUTA\DLL\GETSTATUS\MAKEDLL\GETSTAT.dll,SZERVER_EXTRACTED_AUTO,extracted_auto,.dll,GETSTAT.dll,GETSTAT,834560,legacy-dll,Legacy plugin vagy shared library,
Anti\SZERVER\_extracted_auto\forrasok_unpacked\VALUTA\DLL\GETWCEG\DEBUG\Project1.exe,SZERVER_EXTRACTED_AUTO,extracted_auto,.exe,Project1.exe,Project1,959488,legacy-dll,Legacy plugin vagy shared library,
Anti\SZERVER\_extracted_auto\forrasok_unpacked\VALUTA\DLL\GETWCEG\MAKEDLL\Getwceg.dll,SZERVER_EXTRACTED_AUTO,extracted_auto,.dll,Getwceg.dll,Getwceg,956928,legacy-dll,Legacy plugin vagy shared library,
Anti\SZERVER\_extracted_auto\forrasok_unpacked\VALUTA\DLL\GETWUGYF\MAKEDLL\Getwugyf.dll,SZERVER_EXTRACTED_AUTO,extracted_auto,.dll,Getwugyf.dll,Getwugyf,967680,legacy-dll,Legacy plugin vagy shared library,
Anti\SZERVER\_extracted_auto\forrasok_unpacked\VALUTA\DLL\GONGBACK\DEBUG\Project1.exe,SZERVER_EXTRACTED_AUTO,extracted_auto,.exe,Project1.exe,Project1,654848,legacy-dll,Legacy plugin vagy shared library,
Anti\SZERVER\_extracted_auto\forrasok_unpacked\VALUTA\DLL\GONGBACK\MAKEDLL\GongBack.dll,SZERVER_EXTRACTED_AUTO,extracted_auto,.dll,GongBack.dll,GongBack,648192,legacy-dll,Legacy plugin vagy shared library,
Anti\SZERVER\_extracted_auto\forrasok_unpacked\VALUTA\DLL\HAVIZAR\DEBUG\Project1.exe,SZERVER_EXTRACTED_AUTO,extracted_auto,.exe,Project1.exe,Project1,778752,closing,Havi zaras workflow,
Anti\SZERVER\_extracted_auto\forrasok_unpacked\VALUTA\DLL\HAVIZAR\MAKEDLL\Havizar.dll,SZERVER_EXTRACTED_AUTO,extracted_auto,.dll,Havizar.dll,Havizar,776704,closing,Havi zaras workflow,
Anti\SZERVER\_extracted_auto\forrasok_unpacked\VALUTA\DLL\HRKATADO\DEBUG\Project1.exe,SZERVER_EXTRACTED_AUTO,extracted_auto,.exe,Project1.exe,Project1,1043968,legacy-dll,Legacy plugin vagy shared library,
Anti\SZERVER\_extracted_auto\forrasok_unpacked\VALUTA\DLL\HRKATADO\MAKEDLL\Hrksend.dll,SZERVER_EXTRACTED_AUTO,extracted_auto,.dll,Hrksend.dll,Hrksend,1042432,legacy-dll,Legacy plugin vagy shared library,
Anti\SZERVER\_extracted_auto\forrasok_unpacked\VALUTA\DLL\HRKZARO\DEBUG\Project1.exe,SZERVER_EXTRACTED_AUTO,extracted_auto,.exe,Project1.exe,Project1,6190592,legacy-dll,Legacy plugin vagy shared library,
Anti\SZERVER\_extracted_auto\forrasok_unpacked\VALUTA\DLL\HRKZARO\MAKEDLL\hrkzaro.dll,SZERVER_EXTRACTED_AUTO,extracted_auto,.dll,hrkzaro.dll,hrkzaro,6188032,legacy-dll,Legacy plugin vagy shared library,
Anti\SZERVER\_extracted_auto\forrasok_unpacked\VALUTA\DLL\IDOSZAK\DEBUG\Project1.exe,SZERVER_EXTRACTED_AUTO,extracted_auto,.exe,Project1.exe,Project1,711680,legacy-dll,Legacy plugin vagy shared library,
Anti\SZERVER\_extracted_auto\forrasok_unpacked\VALUTA\DLL\IDOSZAK\MAKEDLL\Idoszak.dll,SZERVER_EXTRACTED_AUTO,extracted_auto,.dll,Idoszak.dll,Idoszak,695296,legacy-dll,Legacy plugin vagy shared library,
Anti\SZERVER\_extracted_auto\forrasok_unpacked\VALUTA\DLL\KCIMLET\DEBUG\Project1.exe,SZERVER_EXTRACTED_AUTO,extracted_auto,.exe,Project1.exe,Project1,800768,denomination,Cimletkezeles es denomination workflow,
Anti\SZERVER\_extracted_auto\forrasok_unpacked\VALUTA\DLL\KCIMLET\EXEPROBA\Project1.exe,SZERVER_EXTRACTED_AUTO,extracted_auto,.exe,Project1.exe,Project1,423424,denomination,Cimletkezeles es denomination workflow,
Anti\SZERVER\_extracted_auto\forrasok_unpacked\VALUTA\DLL\KCIMLET\MAKEDLL\Kcimlet.dll,SZERVER_EXTRACTED_AUTO,extracted_auto,.dll,Kcimlet.dll,Kcimlet,794624,denomination,Cimletkezeles es denomination workflow,
Anti\SZERVER\_extracted_auto\forrasok_unpacked\VALUTA\DLL\KELLCIM\DEBUG\Project1.exe,SZERVER_EXTRACTED_AUTO,extracted_auto,.exe,Project1.exe,Project1,420352,legacy-dll,Legacy plugin vagy shared library,
Anti\SZERVER\_extracted_auto\forrasok_unpacked\VALUTA\DLL\KELLCIM\MAKEDLL\KELLCIM.dll,SZERVER_EXTRACTED_AUTO,extracted_auto,.dll,KELLCIM.dll,KELLCIM,418304,legacy-dll,Legacy plugin vagy shared library,
Anti\SZERVER\_extracted_auto\forrasok_unpacked\VALUTA\DLL\KESZEDIT\DEBUG\Project1.exe,SZERVER_EXTRACTED_AUTO,extracted_auto,.exe,Project1.exe,Project1,924672,legacy-dll,Legacy plugin vagy shared library,
Anti\SZERVER\_extracted_auto\forrasok_unpacked\VALUTA\DLL\KESZEDIT\MAKEDLL\Keszedit.dll,SZERVER_EXTRACTED_AUTO,extracted_auto,.dll,Keszedit.dll,Keszedit,921600,legacy-dll,Legacy plugin vagy shared library,
Anti\SZERVER\_extracted_auto\forrasok_unpacked\VALUTA\DLL\KESZUP\DEBUG\Project1.exe,SZERVER_EXTRACTED_AUTO,extracted_auto,.exe,Project1.exe,Project1,685056,legacy-dll,Legacy plugin vagy shared library,
Anti\SZERVER\_extracted_auto\forrasok_unpacked\VALUTA\DLL\KESZUP\EXEPROBA\Project1.exe,SZERVER_EXTRACTED_AUTO,extracted_auto,.exe,Project1.exe,Project1,396800,legacy-dll,Legacy plugin vagy shared library,
Anti\SZERVER\_extracted_auto\forrasok_unpacked\VALUTA\DLL\KESZUP\MAKEDLL\KESZUP.dll,SZERVER_EXTRACTED_AUTO,extracted_auto,.dll,KESZUP.dll,KESZUP,679424,legacy-dll,Legacy plugin vagy shared library,
Anti\SZERVER\_extracted_auto\forrasok_unpacked\VALUTA\DLL\KEZDEKAD\DEBUG\Project1.exe,SZERVER_EXTRACTED_AUTO,extracted_auto,.exe,Project1.exe,Project1,757248,legacy-dll,Legacy plugin vagy shared library,
Anti\SZERVER\_extracted_auto\forrasok_unpacked\VALUTA\DLL\KEZDEKAD\EXEPROBA\Project1.exe,SZERVER_EXTRACTED_AUTO,extracted_auto,.exe,Project1.exe,Project1,416768,legacy-dll,Legacy plugin vagy shared library,
Anti\SZERVER\_extracted_auto\forrasok_unpacked\VALUTA\DLL\KEZDEKAD\MAKEDLL\kezdek.dll,SZERVER_EXTRACTED_AUTO,extracted_auto,.dll,kezdek.dll,kezdek,754688,legacy-dll,Legacy plugin vagy shared library,
Anti\SZERVER\_extracted_auto\forrasok_unpacked\VALUTA\DLL\KEZDIJ\DEBUG\Project1.exe,SZERVER_EXTRACTED_AUTO,extracted_auto,.exe,Project1.exe,Project1,1082880,legacy-dll,Legacy plugin vagy shared library,
Anti\SZERVER\_extracted_auto\forrasok_unpacked\VALUTA\DLL\KEZDIJ\MAKEDLL\KEZDIJ.dll,SZERVER_EXTRACTED_AUTO,extracted_auto,.dll,KEZDIJ.dll,KEZDIJ,1080320,legacy-dll,Legacy plugin vagy shared library,
Anti\SZERVER\_extracted_auto\forrasok_unpacked\VALUTA\DLL\KEZDKEDV\DEBUG\Project1.exe,SZERVER_EXTRACTED_AUTO,extracted_auto,.exe,Project1.exe,Project1,707584,legacy-dll,Legacy plugin vagy shared library,
Anti\SZERVER\_extracted_auto\forrasok_unpacked\VALUTA\DLL\KEZDKEDV\MAKEDLL\KEZDKEDV.dll,SZERVER_EXTRACTED_AUTO,extracted_auto,.dll,KEZDKEDV.dll,KEZDKEDV,705024,legacy-dll,Legacy plugin vagy shared library,
Anti\SZERVER\_extracted_auto\forrasok_unpacked\VALUTA\DLL\KISARFVALT\DEBUG\Project1.exe,SZERVER_EXTRACTED_AUTO,extracted_auto,.exe,Project1.exe,Project1,768512,legacy-dll,Legacy plugin vagy shared library,
Anti\SZERVER\_extracted_auto\forrasok_unpacked\VALUTA\DLL\KISARFVALT\MAKEDLL\Kisarfvalt.dll,SZERVER_EXTRACTED_AUTO,extracted_auto,.dll,Kisarfvalt.dll,Kisarfvalt,765440,legacy-dll,Legacy plugin vagy shared library,
Anti\SZERVER\_extracted_auto\forrasok_unpacked\VALUTA\DLL\KISCIMLET\DEBUG\Project1.exe,SZERVER_EXTRACTED_AUTO,extracted_auto,.exe,Project1.exe,Project1,866304,denomination,Cimletkezeles es denomination workflow,
Anti\SZERVER\_extracted_auto\forrasok_unpacked\VALUTA\DLL\KISCIMLET\MAKEDLL\Kiscim.dll,SZERVER_EXTRACTED_AUTO,extracted_auto,.dll,Kiscim.dll,Kiscim,863232,denomination,Cimletkezeles es denomination workflow,
Anti\SZERVER\_extracted_auto\forrasok_unpacked\VALUTA\DLL\KISUGYFEL\DEBUG\Project1.exe,SZERVER_EXTRACTED_AUTO,extracted_auto,.exe,Project1.exe,Project1,846336,customer-aml,Ugyfelkezeles es AML,
Anti\SZERVER\_extracted_auto\forrasok_unpacked\VALUTA\DLL\KISUGYFEL\MAKEDLL\KISUGYFEL.dll,SZERVER_EXTRACTED_AUTO,extracted_auto,.dll,KISUGYFEL.dll,KISUGYFEL,844288,customer-aml,Ugyfelkezeles es AML,
Anti\SZERVER\_extracted_auto\forrasok_unpacked\VALUTA\DLL\KORLEV\DEBUG\Project1.exe,SZERVER_EXTRACTED_AUTO,extracted_auto,.exe,Project1.exe,Project1,845824,legacy-dll,Legacy plugin vagy shared library,
Anti\SZERVER\_extracted_auto\forrasok_unpacked\VALUTA\DLL\KORLEV\MAKEDLL\korlev.dll,SZERVER_EXTRACTED_AUTO,extracted_auto,.dll,korlev.dll,korlev,843776,legacy-dll,Legacy plugin vagy shared library,
Anti\SZERVER\_extracted_auto\forrasok_unpacked\VALUTA\DLL\KORLEV\NEWYEAR\NEWYEAR\DEBUG\Project1.exe,SZERVER_EXTRACTED_AUTO,extracted_auto,.exe,Project1.exe,Project1,700416,year-opening,Evnyito folyamat,
Anti\SZERVER\_extracted_auto\forrasok_unpacked\VALUTA\DLL\KORLEV\NEWYEAR\NEWYEAR\MAKEDLL\NEWYEAR.dll,SZERVER_EXTRACTED_AUTO,extracted_auto,.dll,NEWYEAR.dll,NEWYEAR,694784,year-opening,Evnyito folyamat,
Anti\SZERVER\_extracted_auto\forrasok_unpacked\VALUTA\DLL\KORLEV\NEWYEAR\SERVER\Project1.exe,SZERVER_EXTRACTED_AUTO,extracted_auto,.exe,Project1.exe,Project1,710144,year-opening,Evnyito folyamat,
Anti\SZERVER\_extracted_auto\forrasok_unpacked\VALUTA\DLL\LISTAK\DEBUG\Project1.exe,SZERVER_EXTRACTED_AUTO,extracted_auto,.exe,Project1.exe,Project1,1191424,legacy-dll,Legacy plugin vagy shared library,
Anti\SZERVER\_extracted_auto\forrasok_unpacked\VALUTA\DLL\LISTAK\MAKEDLL\Listak.dll,SZERVER_EXTRACTED_AUTO,extracted_auto,.dll,Listak.dll,Listak,1189376,legacy-dll,Legacy plugin vagy shared library,
Anti\SZERVER\_extracted_auto\forrasok_unpacked\VALUTA\DLL\LOGDISP\DEBUG\Project1.exe,SZERVER_EXTRACTED_AUTO,extracted_auto,.exe,Project1.exe,Project1,506880,legacy-dll,Legacy plugin vagy shared library,
Anti\SZERVER\_extracted_auto\forrasok_unpacked\VALUTA\DLL\LOGDISP\MAKEDLL\Logdisp.dll,SZERVER_EXTRACTED_AUTO,extracted_auto,.dll,Logdisp.dll,Logdisp,486912,legacy-dll,Legacy plugin vagy shared library,
Anti\SZERVER\_extracted_auto\forrasok_unpacked\VALUTA\DLL\LOGIRO\EXEPROBA\Project1.exe,SZERVER_EXTRACTED_AUTO,extracted_auto,.exe,Project1.exe,Project1,412672,legacy-dll,Legacy plugin vagy shared library,
Anti\SZERVER\_extracted_auto\forrasok_unpacked\VALUTA\DLL\LOGIRO\MAKEDLL\Logiro.dll,SZERVER_EXTRACTED_AUTO,extracted_auto,.dll,Logiro.dll,Logiro,372736,legacy-dll,Legacy plugin vagy shared library,
Anti\SZERVER\_extracted_auto\forrasok_unpacked\VALUTA\DLL\MAIFORG\MAKEDLL\Maiforg.dll,SZERVER_EXTRACTED_AUTO,extracted_auto,.dll,Maiforg.dll,Maiforg,959488,legacy-dll,Legacy plugin vagy shared library,
Anti\SZERVER\_extracted_auto\forrasok_unpacked\VALUTA\DLL\MAKTABLAK\DEBUG\Project1.exe,SZERVER_EXTRACTED_AUTO,extracted_auto,.exe,Project1.exe,Project1,705024,legacy-dll,Legacy plugin vagy shared library,
Anti\SZERVER\_extracted_auto\forrasok_unpacked\VALUTA\DLL\MAKTABLAK\MAKEDLL\MAKTABLA.dll,SZERVER_EXTRACTED_AUTO,extracted_auto,.dll,MAKTABLA.dll,MAKTABLA,702464,legacy-dll,Legacy plugin vagy shared library,
Anti\SZERVER\_extracted_auto\forrasok_unpacked\VALUTA\DLL\MATPTAR\DEBUG\Project1.exe,SZERVER_EXTRACTED_AUTO,extracted_auto,.exe,Project1.exe,Project1,981504,legacy-dll,Legacy plugin vagy shared library,
Anti\SZERVER\_extracted_auto\forrasok_unpacked\VALUTA\DLL\MATPTAR\MAKEDLL\Matptar.dll,SZERVER_EXTRACTED_AUTO,extracted_auto,.dll,Matptar.dll,Matptar,979456,legacy-dll,Legacy plugin vagy shared library,
Anti\SZERVER\_extracted_auto\forrasok_unpacked\VALUTA\DLL\MATREGEN\DEBUG\Project1.exe,SZERVER_EXTRACTED_AUTO,extracted_auto,.exe,Project1.exe,Project1,702464,legacy-dll,Legacy plugin vagy shared library,
Anti\SZERVER\_extracted_auto\forrasok_unpacked\VALUTA\DLL\MATREGEN\EXEPROBA\Project1.exe,SZERVER_EXTRACTED_AUTO,extracted_auto,.exe,Project1.exe,Project1,411648,legacy-dll,Legacy plugin vagy shared library,
Anti\SZERVER\_extracted_auto\forrasok_unpacked\VALUTA\DLL\MATREGEN\MAKEDLL\Matregen.dll,SZERVER_EXTRACTED_AUTO,extracted_auto,.dll,Matregen.dll,Matregen,699904,legacy-dll,Legacy plugin vagy shared library,
Anti\SZERVER\_extracted_auto\forrasok_unpacked\VALUTA\DLL\MENTES\DEBUG\Project1.exe,SZERVER_EXTRACTED_AUTO,extracted_auto,.exe,Project1.exe,Project1,664576,legacy-dll,Legacy plugin vagy shared library,
Anti\SZERVER\_extracted_auto\forrasok_unpacked\VALUTA\DLL\MENTES\EXEPROBA\Project1.exe,SZERVER_EXTRACTED_AUTO,extracted_auto,.exe,Project1.exe,Project1,389120,legacy-dll,Legacy plugin vagy shared library,
Anti\SZERVER\_extracted_auto\forrasok_unpacked\VALUTA\DLL\MENTES\MAKEDLL\MENTES.dll,SZERVER_EXTRACTED_AUTO,extracted_auto,.dll,MENTES.dll,MENTES,657920,legacy-dll,Legacy plugin vagy shared library,
Anti\SZERVER\_extracted_auto\forrasok_unpacked\VALUTA\DLL\METRO\DEBUG\Project1.exe,SZERVER_EXTRACTED_AUTO,extracted_auto,.exe,Project1.exe,Project1,1052160,legacy-dll,Legacy plugin vagy shared library,
Anti\SZERVER\_extracted_auto\forrasok_unpacked\VALUTA\DLL\METRO\MAKEDLL\Metro.dll,SZERVER_EXTRACTED_AUTO,extracted_auto,.dll,Metro.dll,Metro,1049600,legacy-dll,Legacy plugin vagy shared library,
Anti\SZERVER\_extracted_auto\forrasok_unpacked\VALUTA\DLL\NAPIFORG\DEBUG\Project1.exe,SZERVER_EXTRACTED_AUTO,extracted_auto,.exe,Project1.exe,Project1,973824,legacy-dll,Legacy plugin vagy shared library,
Anti\SZERVER\_extracted_auto\forrasok_unpacked\VALUTA\DLL\NAPIFORG\MAKEDLL\Napiforg.dll,SZERVER_EXTRACTED_AUTO,extracted_auto,.dll,Napiforg.dll,Napiforg,971264,legacy-dll,Legacy plugin vagy shared library,
Anti\SZERVER\_extracted_auto\forrasok_unpacked\VALUTA\DLL\NAPIJEL\DEBUG\OLDNAPJE_unpacked\PROJECT1.EXE,SZERVER_EXTRACTED_AUTO,extracted_auto,.exe,PROJECT1.EXE,PROJECT1,905216,legacy-dll,Legacy plugin vagy shared library,
Anti\SZERVER\_extracted_auto\forrasok_unpacked\VALUTA\DLL\NAPIJEL\DEBUG\PROJECT1.EXE,SZERVER_EXTRACTED_AUTO,extracted_auto,.exe,PROJECT1.EXE,PROJECT1,915456,legacy-dll,Legacy plugin vagy shared library,
Anti\SZERVER\_extracted_auto\forrasok_unpacked\VALUTA\DLL\NAPIJEL\MAKEDLL\NAPIJEL.dll,SZERVER_EXTRACTED_AUTO,extracted_auto,.dll,NAPIJEL.dll,NAPIJEL,912896,legacy-dll,Legacy plugin vagy shared library,
Anti\SZERVER\_extracted_auto\forrasok_unpacked\VALUTA\DLL\NAPIKEZD\DEBUG\Project1.exe,SZERVER_EXTRACTED_AUTO,extracted_auto,.exe,Project1.exe,Project1,898048,legacy-dll,Legacy plugin vagy shared library,
Anti\SZERVER\_extracted_auto\forrasok_unpacked\VALUTA\DLL\NAPIKEZD\EXEPROBA\Project1.exe,SZERVER_EXTRACTED_AUTO,extracted_auto,.exe,Project1.exe,Project1,416768,legacy-dll,Legacy plugin vagy shared library,
Anti\SZERVER\_extracted_auto\forrasok_unpacked\VALUTA\DLL\NAPIKEZD\MAKEDLL\napikezd.dll,SZERVER_EXTRACTED_AUTO,extracted_auto,.dll,napikezd.dll,napikezd,894976,legacy-dll,Legacy plugin vagy shared library,
Anti\SZERVER\_extracted_auto\forrasok_unpacked\VALUTA\DLL\NAPKONYV\DEBUG\Project1.exe,SZERVER_EXTRACTED_AUTO,extracted_auto,.exe,Project1.exe,Project1,904704,legacy-dll,Legacy plugin vagy shared library,
Anti\SZERVER\_extracted_auto\forrasok_unpacked\VALUTA\DLL\NAPKONYV\EXEPROBA\Project1.exe,SZERVER_EXTRACTED_AUTO,extracted_auto,.exe,Project1.exe,Project1,416768,legacy-dll,Legacy plugin vagy shared library,
Anti\SZERVER\_extracted_auto\forrasok_unpacked\VALUTA\DLL\NAPKONYV\MAKEDLL\napkonyv.dll,SZERVER_EXTRACTED_AUTO,extracted_auto,.dll,napkonyv.dll,napkonyv,902144,legacy-dll,Legacy plugin vagy shared library,
Anti\SZERVER\_extracted_auto\forrasok_unpacked\VALUTA\DLL\NAPZAR\DEBUG\Project1.exe,SZERVER_EXTRACTED_AUTO,extracted_auto,.exe,Project1.exe,Project1,834048,closing,Napzaras vagy closing workflow,
Anti\SZERVER\_extracted_auto\forrasok_unpacked\VALUTA\DLL\NAPZAR\MAKEDLL\Napzar.dll,SZERVER_EXTRACTED_AUTO,extracted_auto,.dll,Napzar.dll,Napzar,831488,closing,Napzaras vagy closing workflow,
Anti\SZERVER\_extracted_auto\forrasok_unpacked\VALUTA\DLL\NAVZARO\DEBUG\Project1.exe,SZERVER_EXTRACTED_AUTO,extracted_auto,.exe,Project1.exe,Project1,724992,legacy-dll,Legacy plugin vagy shared library,
Anti\SZERVER\_extracted_auto\forrasok_unpacked\VALUTA\DLL\NAVZARO\MAKEDLL\Navzaro.dll,SZERVER_EXTRACTED_AUTO,extracted_auto,.dll,Navzaro.dll,Navzaro,722432,legacy-dll,Legacy plugin vagy shared library,
Anti\SZERVER\_extracted_auto\forrasok_unpacked\VALUTA\DLL\NZNYOMT\DEBUG\Project1.exe,SZERVER_EXTRACTED_AUTO,extracted_auto,.exe,Project1.exe,Project1,859136,legacy-dll,Legacy plugin vagy shared library,
Anti\SZERVER\_extracted_auto\forrasok_unpacked\VALUTA\DLL\NZNYOMT\MAKEDLL\NzNyomt.dll,SZERVER_EXTRACTED_AUTO,extracted_auto,.dll,NzNyomt.dll,NzNyomt,857088,legacy-dll,Legacy plugin vagy shared library,
Anti\SZERVER\_extracted_auto\forrasok_unpacked\VALUTA\DLL\OTHERTSK\DEBUG\Project1.exe,SZERVER_EXTRACTED_AUTO,extracted_auto,.exe,Project1.exe,Project1,1351168,legacy-dll,Legacy plugin vagy shared library,
Anti\SZERVER\_extracted_auto\forrasok_unpacked\VALUTA\DLL\OTHERTSK\MAKEDLL\Othertsk.dll,SZERVER_EXTRACTED_AUTO,extracted_auto,.dll,Othertsk.dll,Othertsk,1348608,legacy-dll,Legacy plugin vagy shared library,
Anti\SZERVER\_extracted_auto\forrasok_unpacked\VALUTA\DLL\OTP\DEBUG\Project1.exe,SZERVER_EXTRACTED_AUTO,extracted_auto,.exe,Project1.exe,Project1,2591232,legacy-dll,Legacy plugin vagy shared library,
Anti\SZERVER\_extracted_auto\forrasok_unpacked\VALUTA\DLL\OTP\MAKEDLL\otp.dll,SZERVER_EXTRACTED_AUTO,extracted_auto,.dll,otp.dll,otp,2583040,legacy-dll,Legacy plugin vagy shared library,
Anti\SZERVER\_extracted_auto\forrasok_unpacked\VALUTA\DLL\OTPLOG\DEBUG\Project1.exe,SZERVER_EXTRACTED_AUTO,extracted_auto,.exe,Project1.exe,Project1,758784,legacy-dll,Legacy plugin vagy shared library,
Anti\SZERVER\_extracted_auto\forrasok_unpacked\VALUTA\DLL\OTPLOG\MAKEDLL\otplog.dll,SZERVER_EXTRACTED_AUTO,extracted_auto,.dll,otplog.dll,otplog,756736,legacy-dll,Legacy plugin vagy shared library,
Anti\SZERVER\_extracted_auto\forrasok_unpacked\VALUTA\DLL\PAUSDISP\DEBUG\Project1.exe,SZERVER_EXTRACTED_AUTO,extracted_auto,.exe,Project1.exe,Project1,707584,legacy-dll,Legacy plugin vagy shared library,
Anti\SZERVER\_extracted_auto\forrasok_unpacked\VALUTA\DLL\PAUSDISP\MAKEDDLL\PausDisp.dll,SZERVER_EXTRACTED_AUTO,extracted_auto,.dll,PausDisp.dll,PausDisp,705024,legacy-dll,Legacy plugin vagy shared library,
Anti\SZERVER\_extracted_auto\forrasok_unpacked\VALUTA\DLL\PILLALL\DEBUG\Project1.exe,SZERVER_EXTRACTED_AUTO,extracted_auto,.exe,Project1.exe,Project1,839680,cash-stock,Pillanatnyi penztarallas,
Anti\SZERVER\_extracted_auto\forrasok_unpacked\VALUTA\DLL\PILLALL\MAKEDLL\PILLALL.dll,SZERVER_EXTRACTED_AUTO,extracted_auto,.dll,PILLALL.dll,PILLALL,836608,cash-stock,Pillanatnyi penztarallas,
Anti\SZERVER\_extracted_auto\forrasok_unpacked\VALUTA\DLL\PILLKESZ\DEBUG\Project1.exe,SZERVER_EXTRACTED_AUTO,extracted_auto,.exe,Project1.exe,Project1,1154560,legacy-dll,Legacy plugin vagy shared library,
Anti\SZERVER\_extracted_auto\forrasok_unpacked\VALUTA\DLL\PILLKESZ\EXEPROBA\Project1.exe,SZERVER_EXTRACTED_AUTO,extracted_auto,.exe,Project1.exe,Project1,389120,legacy-dll,Legacy plugin vagy shared library,
Anti\SZERVER\_extracted_auto\forrasok_unpacked\VALUTA\DLL\PILLKESZ\GRAFIKON\Project1.exe,SZERVER_EXTRACTED_AUTO,extracted_auto,.exe,Project1.exe,Project1,865792,legacy-dll,Legacy plugin vagy shared library,
Anti\SZERVER\_extracted_auto\forrasok_unpacked\VALUTA\DLL\PILLKESZ\MAKEDLL\PILLKESZ.dll,SZERVER_EXTRACTED_AUTO,extracted_auto,.dll,PILLKESZ.dll,PILLKESZ,1152512,legacy-dll,Legacy plugin vagy shared library,
Anti\SZERVER\_extracted_auto\forrasok_unpacked\VALUTA\DLL\PROCEND\DEBUG\Project1.exe,SZERVER_EXTRACTED_AUTO,extracted_auto,.exe,Project1.exe,Project1,563712,legacy-dll,Legacy plugin vagy shared library,
Anti\SZERVER\_extracted_auto\forrasok_unpacked\VALUTA\DLL\PROCEND\MAKEDLL\Procend.dll,SZERVER_EXTRACTED_AUTO,extracted_auto,.dll,Procend.dll,Procend,557056,legacy-dll,Legacy plugin vagy shared library,
Anti\SZERVER\_extracted_auto\forrasok_unpacked\VALUTA\DLL\PROSBE\DEBUG\Project1.exe,SZERVER_EXTRACTED_AUTO,extracted_auto,.exe,Project1.exe,Project1,1053184,auth-cashier,Penztaros beleptetes,
Anti\SZERVER\_extracted_auto\forrasok_unpacked\VALUTA\DLL\PROSBE\EXEPROBA\Project1.exe,SZERVER_EXTRACTED_AUTO,extracted_auto,.exe,Project1.exe,Project1,394240,auth-cashier,Penztaros beleptetes,
Anti\SZERVER\_extracted_auto\forrasok_unpacked\VALUTA\DLL\PROSBE\MAKEDLL\Prosbe.dll,SZERVER_EXTRACTED_AUTO,extracted_auto,.dll,Prosbe.dll,Prosbe,1050624,auth-cashier,Penztaros beleptetes,
Anti\SZERVER\_extracted_auto\forrasok_unpacked\VALUTA\DLL\PROSKI\DEBUG\Project1.exe,SZERVER_EXTRACTED_AUTO,extracted_auto,.exe,Project1.exe,Project1,653824,auth-cashier,Penztaros kileptetes,
Anti\SZERVER\_extracted_auto\forrasok_unpacked\VALUTA\DLL\PROSKI\exeproba\Project1.exe,SZERVER_EXTRACTED_AUTO,extracted_auto,.exe,Project1.exe,Project1,394240,auth-cashier,Penztaros kileptetes,
Anti\SZERVER\_extracted_auto\forrasok_unpacked\VALUTA\DLL\PROSKI\MAKEDLL\Proski.dll,SZERVER_EXTRACTED_AUTO,extracted_auto,.dll,Proski.dll,Proski,647168,auth-cashier,Penztaros kileptetes,
Anti\SZERVER\_extracted_auto\forrasok_unpacked\VALUTA\DLL\PROSTMK\DEBUG\Project1.exe,SZERVER_EXTRACTED_AUTO,extracted_auto,.exe,Project1.exe,Project1,954880,auth-cashier,Penztaros es jelszo karbantartas,
Anti\SZERVER\_extracted_auto\forrasok_unpacked\VALUTA\DLL\PROSTMK\MAKEDLL\Prostmk.dll,SZERVER_EXTRACTED_AUTO,extracted_auto,.dll,Prostmk.dll,Prostmk,952320,auth-cashier,Penztaros es jelszo karbantartas,
Anti\SZERVER\_extracted_auto\forrasok_unpacked\VALUTA\DLL\PTARKESZ\DEBUG\Project1.exe,SZERVER_EXTRACTED_AUTO,extracted_auto,.exe,Project1.exe,Project1,681472,legacy-dll,Legacy plugin vagy shared library,
Anti\SZERVER\_extracted_auto\forrasok_unpacked\VALUTA\DLL\PTARKESZ\EXEPROBA\Project1.exe,SZERVER_EXTRACTED_AUTO,extracted_auto,.exe,Project1.exe,Project1,389120,legacy-dll,Legacy plugin vagy shared library,
Anti\SZERVER\_extracted_auto\forrasok_unpacked\VALUTA\DLL\PTARKESZ\MAKEDLL\AKTKESZ.dll,SZERVER_EXTRACTED_AUTO,extracted_auto,.dll,AKTKESZ.dll,AKTKESZ,678400,legacy-dll,Legacy plugin vagy shared library,
Anti\SZERVER\_extracted_auto\forrasok_unpacked\VALUTA\DLL\PTARTMK\DEBUG\Project1.exe,SZERVER_EXTRACTED_AUTO,extracted_auto,.exe,Project1.exe,Project1,945152,legacy-dll,Legacy plugin vagy shared library,
Anti\SZERVER\_extracted_auto\forrasok_unpacked\VALUTA\DLL\PTARTMK\MAKEDLL\ptartmk.dll,SZERVER_EXTRACTED_AUTO,extracted_auto,.dll,ptartmk.dll,ptartmk,942592,legacy-dll,Legacy plugin vagy shared library,
Anti\SZERVER\_extracted_auto\forrasok_unpacked\VALUTA\DLL\QRDEPUTY\DEBUG\Project1.exe,SZERVER_EXTRACTED_AUTO,extracted_auto,.exe,Project1.exe,Project1,719360,legacy-dll,Legacy plugin vagy shared library,
Anti\SZERVER\_extracted_auto\forrasok_unpacked\VALUTA\DLL\QRDEPUTY\MAKEDLL\QRGENER.dll,SZERVER_EXTRACTED_AUTO,extracted_auto,.dll,QRGENER.dll,QRGENER,717312,display,QR generalas vagy kijelzes,
Anti\SZERVER\_extracted_auto\forrasok_unpacked\VALUTA\DLL\QRDEPUTY\MINTA\Project1.exe,SZERVER_EXTRACTED_AUTO,extracted_auto,.exe,Project1.exe,Project1,466432,legacy-dll,Legacy plugin vagy shared library,
Anti\SZERVER\_extracted_auto\forrasok_unpacked\VALUTA\DLL\QRDEPUTY\NAVMODI.EXE,SZERVER_EXTRACTED_AUTO,extracted_auto,.exe,NAVMODI.EXE,NAVMODI,686592,legacy-dll,Legacy plugin vagy shared library,
Anti\SZERVER\_extracted_auto\forrasok_unpacked\VALUTA\DLL\QRDEPUTY\ZAROTEST\NAVTEST.EXE,SZERVER_EXTRACTED_AUTO,extracted_auto,.exe,NAVTEST.EXE,NAVTEST,696832,legacy-dll,Legacy plugin vagy shared library,
Anti\SZERVER\_extracted_auto\forrasok_unpacked\VALUTA\DLL\QRDEPUTY\ZAROTEST\Project1.exe,SZERVER_EXTRACTED_AUTO,extracted_auto,.exe,Project1.exe,Project1,696832,legacy-dll,Legacy plugin vagy shared library,
Anti\SZERVER\_extracted_auto\forrasok_unpacked\VALUTA\DLL\QRGENER\DEBUG\Project1.exe,SZERVER_EXTRACTED_AUTO,extracted_auto,.exe,Project1.exe,Project1,731648,display,QR generalas vagy kijelzes,
Anti\SZERVER\_extracted_auto\forrasok_unpacked\VALUTA\DLL\QRGENER\MAKEDLL\QRGENER.dll,SZERVER_EXTRACTED_AUTO,extracted_auto,.dll,QRGENER.dll,QRGENER,729600,display,QR generalas vagy kijelzes,
Anti\SZERVER\_extracted_auto\forrasok_unpacked\VALUTA\DLL\QRGENER\MINTA\Project1.exe,SZERVER_EXTRACTED_AUTO,extracted_auto,.exe,Project1.exe,Project1,466432,display,QR generalas vagy kijelzes,
Anti\SZERVER\_extracted_auto\forrasok_unpacked\VALUTA\DLL\QUITFORM\DEBUG\Project1.exe,SZERVER_EXTRACTED_AUTO,extracted_auto,.exe,Project1.exe,Project1,815616,legacy-dll,Legacy plugin vagy shared library,
Anti\SZERVER\_extracted_auto\forrasok_unpacked\VALUTA\DLL\QUITFORM\MAKEDLL\QUITFORM.dll,SZERVER_EXTRACTED_AUTO,extracted_auto,.dll,QUITFORM.dll,QUITFORM,813056,legacy-dll,Legacy plugin vagy shared library,
Anti\SZERVER\_extracted_auto\forrasok_unpacked\VALUTA\DLL\REGEN\DEBUG\Project1.exe,SZERVER_EXTRACTED_AUTO,extracted_auto,.exe,Project1.exe,Project1,715776,legacy-dll,Legacy plugin vagy shared library,
Anti\SZERVER\_extracted_auto\forrasok_unpacked\VALUTA\DLL\REGEN\MAKEDLL\REGEN.dll,SZERVER_EXTRACTED_AUTO,extracted_auto,.dll,REGEN.dll,REGEN,719360,legacy-dll,Legacy plugin vagy shared library,
Anti\SZERVER\_extracted_auto\forrasok_unpacked\VALUTA\DLL\REGIZARO\DEBUG\Project1.exe,SZERVER_EXTRACTED_AUTO,extracted_auto,.exe,Project1.exe,Project1,808448,legacy-dll,Legacy plugin vagy shared library,
Anti\SZERVER\_extracted_auto\forrasok_unpacked\VALUTA\DLL\REGIZARO\MAKEDLL\REGIZARO.dll,SZERVER_EXTRACTED_AUTO,extracted_auto,.dll,REGIZARO.dll,REGIZARO,805888,legacy-dll,Legacy plugin vagy shared library,
Anti\SZERVER\_extracted_auto\forrasok_unpacked\VALUTA\DLL\SCANNING\DEBUG\Project1.exe,SZERVER_EXTRACTED_AUTO,extracted_auto,.exe,Project1.exe,Project1,694272,legacy-dll,Legacy plugin vagy shared library,
Anti\SZERVER\_extracted_auto\forrasok_unpacked\VALUTA\DLL\SCANNING\EXEPROBA\scannimg.exe,SZERVER_EXTRACTED_AUTO,extracted_auto,.exe,scannimg.exe,scannimg,694272,legacy-dll,Legacy plugin vagy shared library,
Anti\SZERVER\_extracted_auto\forrasok_unpacked\VALUTA\DLL\SCANNING\MAKEDLL\SCANNING.dll,SZERVER_EXTRACTED_AUTO,extracted_auto,.dll,SCANNING.dll,SCANNING,691712,legacy-dll,Legacy plugin vagy shared library,
Anti\SZERVER\_extracted_auto\forrasok_unpacked\VALUTA\DLL\SENDOKMANY\DEBUG\Project1.exe,SZERVER_EXTRACTED_AUTO,extracted_auto,.exe,Project1.exe,Project1,673792,legacy-dll,Legacy plugin vagy shared library,
Anti\SZERVER\_extracted_auto\forrasok_unpacked\VALUTA\DLL\SENDOKMANY\MAKEDLL\SENDOKMANY.dll,SZERVER_EXTRACTED_AUTO,extracted_auto,.dll,SENDOKMANY.dll,SENDOKMANY,666624,legacy-dll,Legacy plugin vagy shared library,
Anti\SZERVER\_extracted_auto\forrasok_unpacked\VALUTA\DLL\SETRATE\DEBUG\Project1.exe,SZERVER_EXTRACTED_AUTO,extracted_auto,.exe,Project1.exe,Project1,678400,legacy-dll,Legacy plugin vagy shared library,
Anti\SZERVER\_extracted_auto\forrasok_unpacked\VALUTA\DLL\SETRATE\MAKEDLL\Setrate.dll,SZERVER_EXTRACTED_AUTO,extracted_auto,.dll,Setrate.dll,Setrate,675328,legacy-dll,Legacy plugin vagy shared library,
Anti\SZERVER\_extracted_auto\forrasok_unpacked\VALUTA\DLL\STORNO\DEBUG\Project1.exe,SZERVER_EXTRACTED_AUTO,extracted_auto,.exe,Project1.exe,Project1,879104,storno,Sztorno tranzakcio vagy visszavonas,
Anti\SZERVER\_extracted_auto\forrasok_unpacked\VALUTA\DLL\STORNO\MAKEDLL\Storno.dll,SZERVER_EXTRACTED_AUTO,extracted_auto,.dll,Storno.dll,Storno,877568,storno,Sztorno tranzakcio vagy visszavonas,
Anti\SZERVER\_extracted_auto\forrasok_unpacked\VALUTA\DLL\SUPER\DEBUG\Project1.exe,SZERVER_EXTRACTED_AUTO,extracted_auto,.exe,Project1.exe,Project1,428032,supervisor,Supervisor jogosultsag vagy felulbiraslat,
Anti\SZERVER\_extracted_auto\forrasok_unpacked\VALUTA\DLL\SUPER\EXEPROBA\Project1.exe,SZERVER_EXTRACTED_AUTO,extracted_auto,.exe,Project1.exe,Project1,409600,supervisor,Supervisor jogosultsag vagy felulbiraslat,
Anti\SZERVER\_extracted_auto\forrasok_unpacked\VALUTA\DLL\SUPER\EXEPROBA\SUPER.dll,SZERVER_EXTRACTED_AUTO,extracted_auto,.dll,SUPER.dll,SUPER,425472,supervisor,Supervisor jogosultsag vagy felulbiraslat,
Anti\SZERVER\_extracted_auto\forrasok_unpacked\VALUTA\DLL\SUPER\MAKEDLL\super.dll,SZERVER_EXTRACTED_AUTO,extracted_auto,.dll,super.dll,super,425472,supervisor,Supervisor jogosultsag vagy felulbiraslat,
Anti\SZERVER\_extracted_auto\forrasok_unpacked\VALUTA\DLL\SUPERTSK\DEBUG\Project1.exe,SZERVER_EXTRACTED_AUTO,extracted_auto,.exe,Project1.exe,Project1,958464,supervisor,Supervisor jogosultsag vagy felulbiraslat,
Anti\SZERVER\_extracted_auto\forrasok_unpacked\VALUTA\DLL\SUPERTSK\MAKEDLL\SUPERTSK.dll,SZERVER_EXTRACTED_AUTO,extracted_auto,.dll,SUPERTSK.dll,SUPERTSK,956416,supervisor,Supervisor jogosultsag vagy felulbiraslat,
Anti\SZERVER\_extracted_auto\forrasok_unpacked\VALUTA\DLL\TEAOR\DEBUG\Project1.exe,SZERVER_EXTRACTED_AUTO,extracted_auto,.exe,Project1.exe,Project1,831488,legacy-dll,Legacy plugin vagy shared library,
Anti\SZERVER\_extracted_auto\forrasok_unpacked\VALUTA\DLL\TEAOR\MAKEDLL\teaorsel.dll,SZERVER_EXTRACTED_AUTO,extracted_auto,.dll,teaorsel.dll,teaorsel,828416,legacy-dll,Legacy plugin vagy shared library,
Anti\SZERVER\_extracted_auto\forrasok_unpacked\VALUTA\DLL\TERMINAL\DEBUG\Project1.exe,SZERVER_EXTRACTED_AUTO,extracted_auto,.exe,Project1.exe,Project1,784896,terminal,Terminal vagy peripheral integration,
Anti\SZERVER\_extracted_auto\forrasok_unpacked\VALUTA\DLL\TERMINAL\MAKEDLL\Terminal.dll,SZERVER_EXTRACTED_AUTO,extracted_auto,.dll,Terminal.dll,Terminal,781824,terminal,Terminal vagy peripheral integration,
Anti\SZERVER\_extracted_auto\forrasok_unpacked\VALUTA\DLL\TERROR\DEBUG\Project1.exe,SZERVER_EXTRACTED_AUTO,extracted_auto,.exe,Project1.exe,Project1,688128,aml-sanctions,Szankcios vagy terrorlista ellenorzes,
Anti\SZERVER\_extracted_auto\forrasok_unpacked\VALUTA\DLL\TERROR\MAKEDLL\terrlist.dll,SZERVER_EXTRACTED_AUTO,extracted_auto,.dll,terrlist.dll,terrlist,684032,aml-sanctions,Szankcios vagy terrorlista ellenorzes,
Anti\SZERVER\_extracted_auto\forrasok_unpacked\VALUTA\DLL\TESCO\DEBUG\Project1.exe,SZERVER_EXTRACTED_AUTO,extracted_auto,.exe,Project1.exe,Project1,1825792,legacy-dll,Legacy plugin vagy shared library,
Anti\SZERVER\_extracted_auto\forrasok_unpacked\VALUTA\DLL\TESCO\MAKEDLL\Tesco.dll,SZERVER_EXTRACTED_AUTO,extracted_auto,.dll,Tesco.dll,Tesco,1823744,legacy-dll,Legacy plugin vagy shared library,
Anti\SZERVER\_extracted_auto\forrasok_unpacked\VALUTA\DLL\UGYFEL\DEBUG\Project1.exe,SZERVER_EXTRACTED_AUTO,extracted_auto,.exe,Project1.exe,Project1,1306624,customer-aml,Ugyfelkezeles es AML,
Anti\SZERVER\_extracted_auto\forrasok_unpacked\VALUTA\DLL\UGYFEL\MAKEDLL\Ugyfel.dll,SZERVER_EXTRACTED_AUTO,extracted_auto,.dll,Ugyfel.dll,Ugyfel,1304064,customer-aml,Ugyfelkezeles es AML,
Anti\SZERVER\_extracted_auto\forrasok_unpacked\VALUTA\DLL\UGYFELTMK\DEBUG\Project1.exe,SZERVER_EXTRACTED_AUTO,extracted_auto,.exe,Project1.exe,Project1,859648,customer-aml,Ugyfelkezeles es AML,
Anti\SZERVER\_extracted_auto\forrasok_unpacked\VALUTA\DLL\UGYFELTMK\MAKEDLL\UGYFTMK.dll,SZERVER_EXTRACTED_AUTO,extracted_auto,.dll,UGYFTMK.dll,UGYFTMK,856576,customer-aml,Ugyfelkezeles es AML,
Anti\SZERVER\_extracted_auto\forrasok_unpacked\VALUTA\DLL\UGYFELTMK\WUNION\EXEPROBA\Project1.exe,SZERVER_EXTRACTED_AUTO,extracted_auto,.exe,Project1.exe,Project1,411648,western-union,Western Union integracio,
Anti\SZERVER\_extracted_auto\forrasok_unpacked\VALUTA\DLL\UGYFELTMK\WUNION\MAKEDLL\Wunion.dll,SZERVER_EXTRACTED_AUTO,extracted_auto,.dll,Wunion.dll,Wunion,1318912,western-union,Western Union integracio,
Anti\SZERVER\_extracted_auto\forrasok_unpacked\VALUTA\DLL\UJSCANNER\DEBUG\Project1.exe,SZERVER_EXTRACTED_AUTO,extracted_auto,.exe,Project1.exe,Project1,863232,legacy-dll,Legacy plugin vagy shared library,
Anti\SZERVER\_extracted_auto\forrasok_unpacked\VALUTA\DLL\UJSCANNER\MAKEDLL\scanner.dll,SZERVER_EXTRACTED_AUTO,extracted_auto,.dll,scanner.dll,scanner,860672,legacy-dll,Legacy plugin vagy shared library,
Anti\SZERVER\_extracted_auto\forrasok_unpacked\VALUTA\DLL\VASARLAS\DEBUG\Project1.exe,SZERVER_EXTRACTED_AUTO,extracted_auto,.exe,Project1.exe,Project1,910848,transaction-buy,Valuta veteli tranzakcio,
Anti\SZERVER\_extracted_auto\forrasok_unpacked\VALUTA\DLL\VASARLAS\MAKEDLL\Vasarlas.dll,SZERVER_EXTRACTED_AUTO,extracted_auto,.dll,Vasarlas.dll,Vasarlas,908800,transaction-buy,Valuta veteli tranzakcio,
Anti\SZERVER\_extracted_auto\forrasok_unpacked\VALUTA\DLL\VERZFRIS\DEBUG\Project1.exe,SZERVER_EXTRACTED_AUTO,extracted_auto,.exe,Project1.exe,Project1,788992,legacy-dll,Legacy plugin vagy shared library,
Anti\SZERVER\_extracted_auto\forrasok_unpacked\VALUTA\DLL\VERZFRIS\EXPROBA\Project1.exe,SZERVER_EXTRACTED_AUTO,extracted_auto,.exe,Project1.exe,Project1,406016,legacy-dll,Legacy plugin vagy shared library,
Anti\SZERVER\_extracted_auto\forrasok_unpacked\VALUTA\DLL\VERZFRIS\MAKEDLL\verzfris.dll,SZERVER_EXTRACTED_AUTO,extracted_auto,.dll,verzfris.dll,verzfris,781824,legacy-dll,Legacy plugin vagy shared library,
Anti\SZERVER\_extracted_auto\forrasok_unpacked\VALUTA\DLL\WUNION\DEBUG\Project1.exe,SZERVER_EXTRACTED_AUTO,extracted_auto,.exe,Project1.exe,Project1,1320960,western-union,Western Union integracio,
Anti\SZERVER\_extracted_auto\forrasok_unpacked\VALUTA\DLL\WUNION\EXEPROBA\Project1.exe,SZERVER_EXTRACTED_AUTO,extracted_auto,.exe,Project1.exe,Project1,411648,western-union,Western Union integracio,
Anti\SZERVER\_extracted_auto\forrasok_unpacked\VALUTA\DLL\WUNION\MAKEDLL\Wunion.dll,SZERVER_EXTRACTED_AUTO,extracted_auto,.dll,Wunion.dll,Wunion,1318912,western-union,Western Union integracio,
Anti\SZERVER\_extracted_auto\forrasok_unpacked\VALUTA\DLL\XTRANZ\DEBUG\Project1.exe,SZERVER_EXTRACTED_AUTO,extracted_auto,.exe,Project1.exe,Project1,874496,legacy-dll,Legacy plugin vagy shared library,
Anti\SZERVER\_extracted_auto\forrasok_unpacked\VALUTA\DLL\XTRANZ\EXEPROBA\Project1.exe,SZERVER_EXTRACTED_AUTO,extracted_auto,.exe,Project1.exe,Project1,389120,legacy-dll,Legacy plugin vagy shared library,
Anti\SZERVER\_extracted_auto\forrasok_unpacked\VALUTA\DLL\XTRANZ\MAKEDLL\Xtranz.dll,SZERVER_EXTRACTED_AUTO,extracted_auto,.dll,Xtranz.dll,Xtranz,871424,legacy-dll,Legacy plugin vagy shared library,
Anti\SZERVER\_extracted_auto\forrasok_unpacked\VALUTA\IBVALTO\IBVALTO.exe,SZERVER_EXTRACTED_AUTO,extracted_auto,.exe,IBVALTO.exe,IBVALTO,1361408,cashdesk-shell,Fo valutavalto shell es UI orchestration,
Anti\SZERVER\_extracted_auto\forrasok_unpacked\VALUTA\TRADE\fejleszt\alap\coupon.exe,SZERVER_EXTRACTED_AUTO,extracted_auto,.exe,coupon.exe,coupon,22928595,trade-module,Kulon trade es kiegeszito kereskedelmi modul,
Anti\SZERVER\_extracted_auto\forrasok_unpacked\VALUTA\TRADE\fejleszt\alap\project1.exe,SZERVER_EXTRACTED_AUTO,extracted_auto,.exe,project1.exe,project1,787456,trade-module,Kulon trade es kiegeszito kereskedelmi modul,
Anti\SZERVER\_extracted_auto\forrasok_unpacked\VALUTA\TRADE\fejleszt\dijak\palyadij.exe,SZERVER_EXTRACTED_AUTO,extracted_auto,.exe,palyadij.exe,palyadij,672256,trade-module,Kulon trade es kiegeszito kereskedelmi modul,
Anti\SZERVER\_extracted_auto\forrasok_unpacked\VALUTA\TRADE\fejleszt\dijak\project1.exe,SZERVER_EXTRACTED_AUTO,extracted_auto,.exe,project1.exe,project1,672256,trade-module,Kulon trade es kiegeszito kereskedelmi modul,
Anti\SZERVER\_extracted_auto\forrasok_unpacked\VALUTA\TRADE\fejleszt\libeay32.dll,SZERVER_EXTRACTED_AUTO,extracted_auto,.dll,libeay32.dll,libeay32,684032,trade-module,Kulon trade es kiegeszito kereskedelmi modul,
Anti\SZERVER\_extracted_auto\forrasok_unpacked\VALUTA\TRADE\fejleszt\msvcr100.dll,SZERVER_EXTRACTED_AUTO,extracted_auto,.dll,msvcr100.dll,msvcr100,773968,trade-module,Kulon trade es kiegeszito kereskedelmi modul,
Anti\SZERVER\_extracted_auto\forrasok_unpacked\VALUTA\TRADE\fejleszt\ssleay32.dll,SZERVER_EXTRACTED_AUTO,extracted_auto,.dll,ssleay32.dll,ssleay32,155648,trade-module,Kulon trade es kiegeszito kereskedelmi modul,
Anti\SZERVER\_extracted_auto\forrasok_unpacked\VALUTA\TRADE\fejleszt\trade.exe,SZERVER_EXTRACTED_AUTO,extracted_auto,.exe,trade.exe,trade,2325504,trade-module,Kulon trade es kiegeszito kereskedelmi modul,
Anti\SZERVER\_extracted_auto\forrasok_unpacked\VALUTA\TRADE\fejleszt\vsinit.dll,SZERVER_EXTRACTED_AUTO,extracted_auto,.dll,vsinit.dll,vsinit,75032,trade-module,Kulon trade es kiegeszito kereskedelmi modul,
Anti\SZERVER\_extracted_auto\KESZLEX_unpacked\KESZLEX\KESZLEX.EXE,SZERVER_EXTRACTED_AUTO,extracted_auto,.exe,KESZLEX.EXE,KESZLEX,703488,cash-stock,Keszlet vagy stock export/osszesites,
Anti\SZERVER\_extracted_auto\korlevel_unpacked\korlevel\Korlevel.exe,SZERVER_EXTRACTED_AUTO,extracted_auto,.exe,Korlevel.exe,Korlevel,1078272,circular,Korlevel es announcement workflow,
Anti\SZERVER\_extracted_auto\old_unpacked\old\excold-camera-local\Camera.exe,SZERVER_EXTRACTED_AUTO,extracted_auto,.exe,Camera.exe,Camera,3771545,camera,Kameras komponens vagy telepito,Anti\camera*\*.xml / *.jar / setup artifacts
Anti\SZERVER\_extracted_auto\old_unpacked\old\excold-camera-local\Pénztári kamera telepítõ.exe,SZERVER_EXTRACTED_AUTO,extracted_auto,.exe,Pénztári kamera telepítõ.exe,Pénztári kamera telepítõ,4750783,camera,Kameras komponens vagy telepito,Anti\camera*\*.xml / *.jar / setup artifacts
Anti\SZERVER\_extracted_auto\old_unpacked\old\excold-camera-local\Pe╠ünzta╠üri kamera telepi╠üto╠â.exe,SZERVER_EXTRACTED_AUTO,extracted_auto,.exe,Pe╠ünzta╠üri kamera telepi╠üto╠â.exe,Pe╠ünzta╠üri kamera telepi╠üto╠â,4750783,camera,Kameras komponens vagy telepito,Anti\camera*\*.xml / *.jar / setup artifacts
Anti\SZERVER\_extracted_auto\old_unpacked\old\excold-camera-local\player_unpacked\EC Camera Player.exe,SZERVER_EXTRACTED_AUTO,extracted_auto,.exe,EC Camera Player.exe,EC Camera Player,0,camera,Kameras komponens vagy telepito,Anti\camera*\*.xml / *.jar / setup artifacts
Anti\SZERVER\_extracted_auto\old_unpacked\old\excold-camera-local\src\com\github\sarxos\webcam\ds\buildin\lib\win32\OpenIMAJGrabber.dll,SZERVER_EXTRACTED_AUTO,extracted_auto,.dll,OpenIMAJGrabber.dll,OpenIMAJGrabber,161280,camera,Kameras komponens vagy telepito,Anti\camera*\*.xml / *.jar / setup artifacts
Anti\SZERVER\_extracted_auto\old_unpacked\old\excold-camera-local\src\com\github\sarxos\webcam\ds\buildin\lib\win64\OpenIMAJGrabber.dll,SZERVER_EXTRACTED_AUTO,extracted_auto,.dll,OpenIMAJGrabber.dll,OpenIMAJGrabber,189952,camera,Kameras komponens vagy telepito,Anti\camera*\*.xml / *.jar / setup artifacts
Anti\SZERVER\_extracted_auto\old_unpacked\old\excold-circular-letter-server\CircuralLetterServer.exe,SZERVER_EXTRACTED_AUTO,extracted_auto,.exe,CircuralLetterServer.exe,CircuralLetterServer,10987539,server-core,Kozponti szerver alkalmazas,
Anti\SZERVER\_extracted_auto\old_unpacked\old\excold-citysim-client\citysim installer.exe,SZERVER_EXTRACTED_AUTO,extracted_auto,.exe,citysim installer.exe,citysim installer,10603586,partner-citysim,CitySIM partner integracio,
Anti\SZERVER\_extracted_auto\old_unpacked\old\excold-citysim-client\CitySIM-SAVE_unpacked\CitySIM.exe,SZERVER_EXTRACTED_AUTO,extracted_auto,.exe,CitySIM.exe,CitySIM,11535611,partner-citysim,CitySIM partner integracio,
Anti\SZERVER\_extracted_auto\old_unpacked\old\excold-citysim-client\updater installer\valuta\bin\CitySIM.exe,SZERVER_EXTRACTED_AUTO,extracted_auto,.exe,CitySIM.exe,CitySIM,11532420,partner-citysim,CitySIM partner integracio,
Anti\SZERVER\_extracted_auto\old_unpacked\old\excold-citysim-prod\CitySIM Client\citysim installer.exe,SZERVER_EXTRACTED_AUTO,extracted_auto,.exe,citysim installer.exe,citysim installer,10603586,partner-citysim,CitySIM partner integracio,
Anti\SZERVER\_extracted_auto\old_unpacked\old\excold-citysim-prod\CitySIM Client\CitySIM-SAVE_unpacked\CitySIM.exe,SZERVER_EXTRACTED_AUTO,extracted_auto,.exe,CitySIM.exe,CitySIM,11535611,partner-citysim,CitySIM partner integracio,
Anti\SZERVER\_extracted_auto\old_unpacked\old\excold-citysim-prod\CitySIM Client\updater installer\valuta\bin\CitySIM.exe,SZERVER_EXTRACTED_AUTO,extracted_auto,.exe,CitySIM.exe,CitySIM,11535693,partner-citysim,CitySIM partner integracio,
Anti\SZERVER\_extracted_auto\old_unpacked\old\excold-coupon\temp\Valuta_unpacked\Valuta\bin\Coupon.exe,SZERVER_EXTRACTED_AUTO,extracted_auto,.exe,Coupon.exe,Coupon,22928595,unclassified,Tovabbi manualis elemzes szukseges,
Anti\SZERVER\_extracted_auto\old_unpacked\old\excold-escan\EScan.exe,SZERVER_EXTRACTED_AUTO,extracted_auto,.exe,EScan.exe,EScan,3069422,unclassified,Tovabbi manualis elemzes szukseges,
Anti\SZERVER\_extracted_auto\old_unpacked\old\excold-exclusive-change-western-union-inspecter-client\Exclusive Change Western Union Inspecter.exe,SZERVER_EXTRACTED_AUTO,extracted_auto,.exe,Exclusive Change Western Union Inspecter.exe,Exclusive Change Western Union Inspecter,89149,western-union,Western Union integracio,
Anti\SZERVER\_extracted_auto\old_unpacked\old\excold-exclusive-change-western-union-inspecter-client\Western Union Inspecter installer.exe,SZERVER_EXTRACTED_AUTO,extracted_auto,.exe,Western Union Inspecter installer.exe,Western Union Inspecter installer,577173,western-union,Western Union integracio,
Anti\SZERVER\_extracted_auto\old_unpacked\old\excold-exclusive-nav-data-provider-server\install\Excs\server\nav\Exclusive Change NAV server.exe,SZERVER_EXTRACTED_AUTO,extracted_auto,.exe,Exclusive Change NAV server.exe,Exclusive Change NAV server,22618672,server-core,Kozponti szerver alkalmazas,
Anti\SZERVER\_extracted_auto\old_unpacked\old\excold-expressz-ekszerhaz-es-minibank-server-manager\install\Exzs\Server Manager\Expressz Zálog és Minibank Server Manager.exe,SZERVER_EXTRACTED_AUTO,extracted_auto,.exe,Expressz Zálog és Minibank Server Manager.exe,Expressz Zálog és Minibank Server Manager,475792,server-core,Kozponti szerver alkalmazas,
Anti\SZERVER\_extracted_auto\old_unpacked\old\excold-expressz-ekszerhaz-es-minibank-server-manager\install\Exzs\Server Manager\Expressz Za╠ülog e╠üs Minibank Server Manager.exe,SZERVER_EXTRACTED_AUTO,extracted_auto,.exe,Expressz Za╠ülog e╠üs Minibank Server Manager.exe,Expressz Za╠ülog e╠üs Minibank Server Manager,475792,server-core,Kozponti szerver alkalmazas,
Anti\SZERVER\_extracted_auto\old_unpacked\old\excold-expressz-ekszerhaz-es-minibank-western-union-inspecter-client\Expressz Ekszerház és Minibank Western Union Inspecter Client.exe,SZERVER_EXTRACTED_AUTO,extracted_auto,.exe,Expressz Ekszerház és Minibank Western Union Inspecter Client.exe,Expressz Ekszerház és Minibank Western Union Inspecter Client,88806,western-union,Western Union integracio,
Anti\SZERVER\_extracted_auto\old_unpacked\old\excold-expressz-ekszerhaz-es-minibank-western-union-inspecter-client\Expressz Ekszerha╠üz e╠üs Minibank Western Union Inspecter Client.exe,SZERVER_EXTRACTED_AUTO,extracted_auto,.exe,Expressz Ekszerha╠üz e╠üs Minibank Western Union Inspecter Client.exe,Expressz Ekszerha╠üz e╠üs Minibank Western Union Inspecter Client,88806,western-union,Western Union integracio,
Anti\SZERVER\_extracted_auto\old_unpacked\old\excold-expressz-ekszerhaz-es-minibank-western-union-inspecter-client\Expressz Ékszerház és Minibank Western Union Inspecter telepítő.exe,SZERVER_EXTRACTED_AUTO,extracted_auto,.exe,Expressz Ékszerház és Minibank Western Union Inspecter telepítő.exe,Expressz Ékszerház és Minibank Western Union Inspecter telepítő,550919,western-union,Western Union integracio,
Anti\SZERVER\_extracted_auto\old_unpacked\old\excold-expressz-ekszerhaz-es-minibank-western-union-inspecter-client\Expressz E╠ükszerha╠üz e╠üs Minibank Western Union Inspecter telepi╠üto╠ő.exe,SZERVER_EXTRACTED_AUTO,extracted_auto,.exe,Expressz E╠ükszerha╠üz e╠üs Minibank Western Union Inspecter telepi╠üto╠ő.exe,Expressz E╠ükszerha╠üz e╠üs Minibank Western Union Inspecter telepi╠üto╠ő,550919,western-union,Western Union integracio,
Anti\SZERVER\_extracted_auto\old_unpacked\old\excold-expressz-ekszerhaz-es-minibank-western-union-inspecter-server\install\Exzs\server\western union inspecter\Expressz Zálog és Minibank Western Union Inspecter server.exe,SZERVER_EXTRACTED_AUTO,extracted_auto,.exe,Expressz Zálog és Minibank Western Union Inspecter server.exe,Expressz Zálog és Minibank Western Union Inspecter server,5976262,western-union,Western Union integracio,
Anti\SZERVER\_extracted_auto\old_unpacked\old\excold-expressz-ekszerhaz-es-minibank-western-union-inspecter-server\install\Exzs\server\western union inspecter\Expressz Za╠ülog e╠üs Minibank Western Union Inspecter server.exe,SZERVER_EXTRACTED_AUTO,extracted_auto,.exe,Expressz Za╠ülog e╠üs Minibank Western Union Inspecter server.exe,Expressz Za╠ülog e╠üs Minibank Western Union Inspecter server,5976262,western-union,Western Union integracio,
Anti\SZERVER\_extracted_auto\old_unpacked\old\excold-expressz-nav-data-provider-server\install\Excz\server\nav\Expressz Zalog NAV server.exe,SZERVER_EXTRACTED_AUTO,extracted_auto,.exe,Expressz Zalog NAV server.exe,Expressz Zalog NAV server,22656987,server-core,Kozponti szerver alkalmazas,
Anti\SZERVER\_extracted_auto\old_unpacked\old\excold-expressz-zalog-server-starter\Expressz Zálog Szerverek.exe,SZERVER_EXTRACTED_AUTO,extracted_auto,.exe,Expressz Zálog Szerverek.exe,Expressz Zálog Szerverek,232776,server-core,Kozponti szerver alkalmazas,
Anti\SZERVER\_extracted_auto\old_unpacked\old\excold-expressz-zalog-server-starter\Expressz Za╠ülog Szerverek.exe,SZERVER_EXTRACTED_AUTO,extracted_auto,.exe,Expressz Za╠ülog Szerverek.exe,Expressz Za╠ülog Szerverek,232776,server-core,Kozponti szerver alkalmazas,
Anti\SZERVER\_extracted_auto\old_unpacked\old\excold-ocrqrg2\OCRQRG.exe,SZERVER_EXTRACTED_AUTO,extracted_auto,.exe,OCRQRG.exe,OCRQRG,11191318,ocr-qr,OCR vagy QR olvaso komponens,
Anti\SZERVER\_extracted_auto\old_unpacked\old\excold-ocrqrg\OCRQRG.exe,SZERVER_EXTRACTED_AUTO,extracted_auto,.exe,OCRQRG.exe,OCRQRG,11191318,ocr-qr,OCR vagy QR olvaso komponens,
Anti\SZERVER\_extracted_auto\SZERVER\_extracted\ERTEKTAR\etdll\atadolap\debug\obsolot_unpacked\PROJECT1.EXE,SZERVER_EXTRACTED_AUTO,extracted_auto,.exe,PROJECT1.EXE,PROJECT1,804352,vault-transfer,Atadolap es handover dokumentum,
Anti\SZERVER\_extracted_auto\SZERVER\_extracted\ERTEKTAR\etdll\penztarak\debug\old_unpacked\Project1.exe,SZERVER_EXTRACTED_AUTO,extracted_auto,.exe,Project1.exe,Project1,1400832,unclassified,Tovabbi manualis elemzes szukseges,
Anti\SZERVER\_extracted_auto\SZERVER\_extracted\firebird\19220_ibconsole_1.1.0.27_unpacked\IBConsole.exe,SZERVER_EXTRACTED_AUTO,extracted_auto,.exe,IBConsole.exe,IBConsole,4553728,firebird-runtime,Firebird adatbazis runtime vagy telepito,
Anti\SZERVER\_extracted_auto\SZERVER\_extracted\SZERVER\fejleszt\arfolyam\verzio20\arfolyam_unpacked\Arfolyam.exe,SZERVER_EXTRACTED_AUTO,extracted_auto,.exe,Arfolyam.exe,Arfolyam,1163264,rates,Arfolyam kezeles es rates tooling,
Anti\SZERVER\_extracted_auto\SZERVER\_extracted\SZERVER\fejleszt\arfolyam\verzio20\arfolyam_unpacked\OLD_unpacked\ARFOLYAM.EXE,SZERVER_EXTRACTED_AUTO,extracted_auto,.exe,ARFOLYAM.EXE,ARFOLYAM,1147392,rates,Arfolyam kezeles es rates tooling,
Anti\SZERVER\_extracted_auto\SZERVER\_extracted\SZERVER\fejleszt\arfolyam\verzio20\arfolyam_unpacked\OLD_unpacked\OLDARF_unpacked\ARFOLYAM.EXE,SZERVER_EXTRACTED_AUTO,extracted_auto,.exe,ARFOLYAM.EXE,ARFOLYAM,1423360,rates,Arfolyam kezeles es rates tooling,
Anti\SZERVER\_extracted_auto\SZERVER\_extracted\SZERVER\fejleszt\arfolyam\verzio20\old_unpacked\ARFOLYAM.EXE,SZERVER_EXTRACTED_AUTO,extracted_auto,.exe,ARFOLYAM.EXE,ARFOLYAM,1147392,rates,Arfolyam kezeles es rates tooling,
Anti\SZERVER\_extracted_auto\SZERVER\_extracted\SZERVER\fejleszt\arfolyam\verzio20\old_unpacked\OLDARF_unpacked\ARFOLYAM.EXE,SZERVER_EXTRACTED_AUTO,extracted_auto,.exe,ARFOLYAM.EXE,ARFOLYAM,1423360,rates,Arfolyam kezeles es rates tooling,
Anti\SZERVER\_extracted_auto\SZERVER\_extracted\SZERVER\fejleszt\arfolyam\verzio21\arfolyam_unpacked\Arfolyam.exe,SZERVER_EXTRACTED_AUTO,extracted_auto,.exe,Arfolyam.exe,Arfolyam,1163264,rates,Arfolyam kezeles es rates tooling,
Anti\SZERVER\_extracted_auto\SZERVER\_extracted\SZERVER\fejleszt\arfolyam\verzio21\arfolyam_unpacked\OLD_unpacked\ARFOLYAM.EXE,SZERVER_EXTRACTED_AUTO,extracted_auto,.exe,ARFOLYAM.EXE,ARFOLYAM,1147392,rates,Arfolyam kezeles es rates tooling,
Anti\SZERVER\_extracted_auto\SZERVER\_extracted\SZERVER\fejleszt\arfolyam\verzio21\arfolyam_unpacked\OLD_unpacked\OLDARF_unpacked\ARFOLYAM.EXE,SZERVER_EXTRACTED_AUTO,extracted_auto,.exe,ARFOLYAM.EXE,ARFOLYAM,1423360,rates,Arfolyam kezeles es rates tooling,
Anti\SZERVER\_extracted_auto\SZERVER\_extracted\SZERVER\fejleszt\arfolyam\verzio21\old_unpacked\ARFOLYAM.EXE,SZERVER_EXTRACTED_AUTO,extracted_auto,.exe,ARFOLYAM.EXE,ARFOLYAM,1147392,rates,Arfolyam kezeles es rates tooling,
Anti\SZERVER\_extracted_auto\SZERVER\_extracted\SZERVER\fejleszt\arfolyam\verzio21\old_unpacked\OLDARF_unpacked\ARFOLYAM.EXE,SZERVER_EXTRACTED_AUTO,extracted_auto,.exe,ARFOLYAM.EXE,ARFOLYAM,1423360,rates,Arfolyam kezeles es rates tooling,
Anti\SZERVER\_extracted_auto\SZERVER\_extracted\SZERVER\fejleszt\arfolyam\verzio22\arfolyam_unpacked\Arfolyam.exe,SZERVER_EXTRACTED_AUTO,extracted_auto,.exe,Arfolyam.exe,Arfolyam,1163264,rates,Arfolyam kezeles es rates tooling,
Anti\SZERVER\_extracted_auto\SZERVER\_extracted\SZERVER\fejleszt\arfolyam\verzio22\arfolyam_unpacked\OLD_unpacked\ARFOLYAM.EXE,SZERVER_EXTRACTED_AUTO,extracted_auto,.exe,ARFOLYAM.EXE,ARFOLYAM,1147392,rates,Arfolyam kezeles es rates tooling,
Anti\SZERVER\_extracted_auto\SZERVER\_extracted\SZERVER\fejleszt\arfolyam\verzio22\arfolyam_unpacked\OLD_unpacked\OLDARF_unpacked\ARFOLYAM.EXE,SZERVER_EXTRACTED_AUTO,extracted_auto,.exe,ARFOLYAM.EXE,ARFOLYAM,1423360,rates,Arfolyam kezeles es rates tooling,
Anti\SZERVER\_extracted_auto\SZERVER\_extracted\SZERVER\fejleszt\arfolyam\verzio22\old_unpacked\ARFOLYAM.EXE,SZERVER_EXTRACTED_AUTO,extracted_auto,.exe,ARFOLYAM.EXE,ARFOLYAM,1147392,rates,Arfolyam kezeles es rates tooling,
Anti\SZERVER\_extracted_auto\SZERVER\_extracted\SZERVER\fejleszt\arfolyam\verzio22\old_unpacked\OLDARF_unpacked\ARFOLYAM.EXE,SZERVER_EXTRACTED_AUTO,extracted_auto,.exe,ARFOLYAM.EXE,ARFOLYAM,1423360,rates,Arfolyam kezeles es rates tooling,
Anti\SZERVER\_extracted_auto\SZERVER\_extracted\SZERVER\fejleszt\beszam\temp\aaa_unpacked\PROJECT1.EXE,SZERVER_EXTRACTED_AUTO,extracted_auto,.exe,PROJECT1.EXE,PROJECT1,451072,unclassified,Tovabbi manualis elemzes szukseges,
Anti\SZERVER\_extracted_auto\SZERVER\_extracted\SZERVER\fejleszt\idpotlo\idpotlo_unpacked\IDPOTLO.EXE,SZERVER_EXTRACTED_AUTO,extracted_auto,.exe,IDPOTLO.EXE,IDPOTLO,760832,unclassified,Tovabbi manualis elemzes szukseges,
Anti\SZERVER\_extracted_auto\SZERVER\_extracted\SZERVER\fejleszt\idprosct\idprosct_unpacked\IDPRCTRL.EXE,SZERVER_EXTRACTED_AUTO,extracted_auto,.exe,IDPRCTRL.EXE,IDPRCTRL,705024,unclassified,Tovabbi manualis elemzes szukseges,
Anti\SZERVER\_extracted_auto\SZERVER\_extracted\SZERVER\fejleszt\idprosct\idprosct_unpacked\PROJECT1.EXE,SZERVER_EXTRACTED_AUTO,extracted_auto,.exe,PROJECT1.EXE,PROJECT1,705024,unclassified,Tovabbi manualis elemzes szukseges,
Anti\SZERVER\_extracted_auto\SZERVER\_extracted\SZERVER\fejleszt\idprosct\idprosct_unpacked\UJCTRL\IDCTRL.EXE,SZERVER_EXTRACTED_AUTO,extracted_auto,.exe,IDCTRL.EXE,IDCTRL,729088,unclassified,Tovabbi manualis elemzes szukseges,
Anti\SZERVER\_extracted_auto\SZERVER\_extracted\SZERVER\fejleszt\idprosct\idprosct_unpacked\WUNICTRL\PROJECT1.EXE,SZERVER_EXTRACTED_AUTO,extracted_auto,.exe,PROJECT1.EXE,PROJECT1,703488,unclassified,Tovabbi manualis elemzes szukseges,
Anti\SZERVER\_extracted_auto\SZERVER\_extracted\SZERVER\fejleszt\idprosct\idprosct_unpacked\WUNIMEND\PROJECT1.EXE,SZERVER_EXTRACTED_AUTO,extracted_auto,.exe,PROJECT1.EXE,PROJECT1,689152,unclassified,Tovabbi manualis elemzes szukseges,
Anti\SZERVER\_extracted_auto\SZERVER\_extracted\SZERVER\fejleszt\idprosct\idprosct_unpacked\WUNIMEND\WUNIMEND.EXE,SZERVER_EXTRACTED_AUTO,extracted_auto,.exe,WUNIMEND.EXE,WUNIMEND,689152,unclassified,Tovabbi manualis elemzes szukseges,
Anti\SZERVER\_extracted_auto\SZERVER\_extracted\SZERVER\fejleszt\jelenlet\jelenlet_unpacked\JELENLET.EXE,SZERVER_EXTRACTED_AUTO,extracted_auto,.exe,JELENLET.EXE,JELENLET,465920,hr-attendance,Jelenleti nyilvantartas,
Anti\SZERVER\_extracted_auto\SZERVER\_extracted\SZERVER\fejleszt\jogi\jogi_unpacked\PROJECT1.EXE,SZERVER_EXTRACTED_AUTO,extracted_auto,.exe,PROJECT1.EXE,PROJECT1,688128,unclassified,Tovabbi manualis elemzes szukseges,
Anti\SZERVER\_extracted_auto\SZERVER\_extracted\SZERVER\fejleszt\kedvmak\kedvmak_unpacked\KEDVMAK.EXE,SZERVER_EXTRACTED_AUTO,extracted_auto,.exe,KEDVMAK.EXE,KEDVMAK,678912,unclassified,Tovabbi manualis elemzes szukseges,
Anti\SZERVER\_extracted_auto\SZERVER\_extracted\SZERVER\fejleszt\kezdij\old_unpacked\KEZDIJ.EXE,SZERVER_EXTRACTED_AUTO,extracted_auto,.exe,KEZDIJ.EXE,KEZDIJ,807936,unclassified,Tovabbi manualis elemzes szukseges,
Anti\SZERVER\_extracted_auto\SZERVER\_extracted\SZERVER\fejleszt\korlevel\zsuzsa\eddig_unpacked\KORLEVEL.EXE,SZERVER_EXTRACTED_AUTO,extracted_auto,.exe,KORLEVEL.EXE,KORLEVEL,1043456,circular,Korlevel es announcement workflow,
Anti\SZERVER\_extracted_auto\SZERVER\_extracted\SZERVER\fejleszt\korlevel\zsuzsa\korlevel_unpacked\Korlevel.exe,SZERVER_EXTRACTED_AUTO,extracted_auto,.exe,Korlevel.exe,Korlevel,1068032,circular,Korlevel es announcement workflow,
Anti\SZERVER\_extracted_auto\SZERVER\_extracted\SZERVER\fejleszt\makeszlt\keszlex_unpacked\EXCEL\PROJECT1.EXE,SZERVER_EXTRACTED_AUTO,extracted_auto,.exe,PROJECT1.EXE,PROJECT1,443904,cash-stock,Keszlet vagy stock export/osszesites,
Anti\SZERVER\_extracted_auto\SZERVER\_extracted\SZERVER\fejleszt\makeszlt\keszlex_unpacked\KESZLEX.EXE,SZERVER_EXTRACTED_AUTO,extracted_auto,.exe,KESZLEX.EXE,KESZLEX,620544,cash-stock,Keszlet vagy stock export/osszesites,
Anti\SZERVER\_extracted_auto\SZERVER\_extracted\SZERVER\fejleszt\makeszlt\okeszlex_unpacked\KESZLEX.EXE,SZERVER_EXTRACTED_AUTO,extracted_auto,.exe,KESZLEX.EXE,KESZLEX,679936,cash-stock,Keszlet vagy stock export/osszesites,
Anti\SZERVER\_extracted_auto\SZERVER\_extracted\SZERVER\fejleszt\makeszlt\okeszlex_unpacked\KESZLEX_unpacked\EXCEL\PROJECT1.EXE,SZERVER_EXTRACTED_AUTO,extracted_auto,.exe,PROJECT1.EXE,PROJECT1,443904,cash-stock,Keszlet vagy stock export/osszesites,
Anti\SZERVER\_extracted_auto\SZERVER\_extracted\SZERVER\fejleszt\makeszlt\okeszlex_unpacked\KESZLEX_unpacked\KESZLEX.EXE,SZERVER_EXTRACTED_AUTO,extracted_auto,.exe,KESZLEX.EXE,KESZLEX,620544,cash-stock,Keszlet vagy stock export/osszesites,
Anti\SZERVER\_extracted_auto\SZERVER\_extracted\SZERVER\fejleszt\recptor\orecptor_unpacked\Wrecept.exe,SZERVER_EXTRACTED_AUTO,extracted_auto,.exe,Wrecept.exe,Wrecept,761856,server-receptor,Szerver oldali adatreceptor,
Anti\SZERVER\_extracted_auto\SZERVER\_extracted\SZERVER\fejleszt\recptor\tablomak\oprg_unpacked\MAKTABLO.EXE,SZERVER_EXTRACTED_AUTO,extracted_auto,.exe,MAKTABLO.EXE,MAKTABLO,423424,server-receptor,Szerver oldali adatreceptor,
Anti\SZERVER\_extracted_auto\SZERVER\_extracted\SZERVER\fejleszt\recptor\tablomak\oprg_unpacked\PROJECT1.EXE,SZERVER_EXTRACTED_AUTO,extracted_auto,.exe,PROJECT1.EXE,PROJECT1,423424,server-receptor,Szerver oldali adatreceptor,
Anti\SZERVER\_extracted_auto\SZERVER\_extracted\SZERVER\fejleszt\strade\strade_unpacked\STRADE.EXE,SZERVER_EXTRACTED_AUTO,extracted_auto,.exe,STRADE.EXE,STRADE,906240,trade-module,Kulon trade es kiegeszito kereskedelmi modul,
Anti\SZERVER\_extracted_auto\SZERVER\_extracted\SZERVER\fejleszt\sumaxa\sumaxa_unpacked\BEMASOL\PROJECT1.EXE,SZERVER_EXTRACTED_AUTO,extracted_auto,.exe,PROJECT1.EXE,PROJECT1,695808,unclassified,Tovabbi manualis elemzes szukseges,
Anti\SZERVER\_extracted_auto\SZERVER\_extracted\SZERVER\fejleszt\sumaxa\sumaxa_unpacked\EGYEN\PROJECT1.EXE,SZERVER_EXTRACTED_AUTO,extracted_auto,.exe,PROJECT1.EXE,PROJECT1,689152,unclassified,Tovabbi manualis elemzes szukseges,
Anti\SZERVER\_extracted_auto\SZERVER\_extracted\SZERVER\fejleszt\sumaxa\sumaxa_unpacked\OSSZESIT\PROJECT1.EXE,SZERVER_EXTRACTED_AUTO,extracted_auto,.exe,PROJECT1.EXE,PROJECT1,695808,unclassified,Tovabbi manualis elemzes szukseges,
Anti\SZERVER\_extracted_auto\SZERVER\_extracted\SZERVER\fejleszt\sumaxa\sumaxa_unpacked\PROJECT1.EXE,SZERVER_EXTRACTED_AUTO,extracted_auto,.exe,PROJECT1.EXE,PROJECT1,674816,unclassified,Tovabbi manualis elemzes szukseges,
Anti\SZERVER\_extracted_auto\SZERVER\_extracted\SZERVER\fejleszt\uforg\uforg_unpacked\PROJECT1.EXE,SZERVER_EXTRACTED_AUTO,extracted_auto,.exe,PROJECT1.EXE,PROJECT1,702464,unclassified,Tovabbi manualis elemzes szukseges,
Anti\SZERVER\_extracted_auto\SZERVER\_extracted\SZERVER\fejleszt\verseny\verseny_unpacked\VERSENY.EXE,SZERVER_EXTRACTED_AUTO,extracted_auto,.exe,VERSENY.EXE,VERSENY,906752,unclassified,Tovabbi manualis elemzes szukseges,
Anti\SZERVER\_extracted_auto\SZERVER\_extracted\SZERVER\fejleszt\vevoszam\vevoszam_unpacked\PROJECT1.EXE,SZERVER_EXTRACTED_AUTO,extracted_auto,.exe,PROJECT1.EXE,PROJECT1,670208,unclassified,Tovabbi manualis elemzes szukseges,
Anti\SZERVER\_extracted_auto\SZERVER\_extracted\SZERVER\ujdll\unpacker\ounpacker_unpacked\DEBUG\Project1.exe,SZERVER_EXTRACTED_AUTO,extracted_auto,.exe,Project1.exe,Project1,731136,unclassified,Tovabbi manualis elemzes szukseges,
Anti\SZERVER\_extracted_auto\SZERVER\_extracted\SZERVER\ujdll\unpacker\ounpacker_unpacked\MAKEDLL\Unpacker.dll,SZERVER_EXTRACTED_AUTO,extracted_auto,.dll,Unpacker.dll,Unpacker,728576,legacy-dll,Legacy plugin vagy shared library,
Anti\SZERVER\_extracted_auto\SZERVER\_extracted\VALUTA\DLL\ATADOLAP\DEBUG\OBSOLOT_unpacked\PROJECT1.EXE,SZERVER_EXTRACTED_AUTO,extracted_auto,.exe,PROJECT1.EXE,PROJECT1,804352,vault-transfer,Atadolap es handover dokumentum,
Anti\SZERVER\_extracted_auto\SZERVER\_extracted\VALUTA\DLL\NAPIJEL\DEBUG\OLDNAPJE_unpacked\PROJECT1.EXE,SZERVER_EXTRACTED_AUTO,extracted_auto,.exe,PROJECT1.EXE,PROJECT1,905216,legacy-dll,Legacy plugin vagy shared library,
Anti\SZERVER\_extracted_auto\VALUTA\DLL\ATADOLAP\DEBUG\OBSOLOT_unpacked\PROJECT1.EXE,SZERVER_EXTRACTED_AUTO,extracted_auto,.exe,PROJECT1.EXE,PROJECT1,804352,vault-transfer,Atadolap es handover dokumentum,
Anti\SZERVER\_extracted_auto\VALUTA\DLL\NAPIJEL\DEBUG\OLDNAPJE_unpacked\PROJECT1.EXE,SZERVER_EXTRACTED_AUTO,extracted_auto,.exe,PROJECT1.EXE,PROJECT1,905216,legacy-dll,Legacy plugin vagy shared library,
Anti\camera\camera software install (2017_03_30 19_50_04 UTC).exe,CAMERA,original,.exe,camera software install (2017_03_30 19_50_04 UTC).exe,camera software install (2017_03_30 19_50_04 UTC),3344464,camera,Kameras komponens vagy telepito,Anti\camera*\*.xml / *.jar / setup artifacts
Anti\camera\CameraPlayer (2017_03_30 19_50_04 UTC).exe,CAMERA,original,.exe,CameraPlayer (2017_03_30 19_50_04 UTC).exe,CameraPlayer (2017_03_30 19_50_04 UTC),1722368,camera,Kameras komponens vagy telepito,Anti\camera*\*.xml / *.jar / setup artifacts
Anti\camera\CameraPlayer.exe,CAMERA,original,.exe,CameraPlayer.exe,CameraPlayer,1722368,camera,Kameras komponens vagy telepito,Anti\camera*\*.xml / *.jar / setup artifacts
Anti\camera\instmsia (2017_03_30 19_50_04 UTC).exe,CAMERA,original,.exe,instmsia (2017_03_30 19_50_04 UTC).exe,instmsia (2017_03_30 19_50_04 UTC),1513987,camera,Kameras komponens vagy telepito,Anti\camera*\*.xml / *.jar / setup artifacts
Anti\camera\InstMsiW (2017_03_30 19_50_04 UTC).exe,CAMERA,original,.exe,InstMsiW (2017_03_30 19_50_04 UTC).exe,InstMsiW (2017_03_30 19_50_04 UTC),1526275,camera,Kameras komponens vagy telepito,Anti\camera*\*.xml / *.jar / setup artifacts
Anti\camera\setup (2017_03_30 19_50_04 UTC).exe,CAMERA,original,.exe,setup (2017_03_30 19_50_04 UTC).exe,setup (2017_03_30 19_50_04 UTC),102400,camera,Kameras komponens vagy telepito,Anti\camera*\*.xml / *.jar / setup artifacts
Anti\camera2\camera\camera-office\deploy\windows\CameraSetup.exe,CAMERA2,original,.exe,CameraSetup.exe,CameraSetup,39373353,camera,Kameras komponens vagy telepito,Anti\camera2\camera\pom.xml
Anti\camera2\camera\camera-office\ExclusivePlayer.exe,CAMERA2,original,.exe,ExclusivePlayer.exe,ExclusivePlayer,14164703,camera,Kameras komponens vagy telepito,Anti\camera2\camera\pom.xml
Anti\camera3\old\excold-camera-local\Camera.exe,CAMERA3,original,.exe,Camera.exe,Camera,3771545,camera,Kameras komponens vagy telepito,Anti\camera3\old\*.java / *.xml
Anti\camera3\old\excold-camera-local\Pe╠ünzta╠üri kamera telepi╠üto╠â.exe,CAMERA3,original,.exe,Pe╠ünzta╠üri kamera telepi╠üto╠â.exe,Pe╠ünzta╠üri kamera telepi╠üto╠â,4750783,camera,Kameras komponens vagy telepito,Anti\camera3\old\*.java / *.xml
Anti\camera3\old\excold-camera-local\player_retry\EC Camera Player.exe,CAMERA3,original,.exe,EC Camera Player.exe,EC Camera Player,0,camera,Kameras komponens vagy telepito,Anti\camera3\old\*.java / *.xml
Anti\camera3\old\excold-camera-local\src\com\github\sarxos\webcam\ds\buildin\lib\win32\OpenIMAJGrabber.dll,CAMERA3,original,.dll,OpenIMAJGrabber.dll,OpenIMAJGrabber,161280,camera,Kameras komponens vagy telepito,Anti\camera3\old\*.java / *.xml
Anti\camera3\old\excold-camera-local\src\com\github\sarxos\webcam\ds\buildin\lib\win64\OpenIMAJGrabber.dll,CAMERA3,original,.dll,OpenIMAJGrabber.dll,OpenIMAJGrabber,189952,camera,Kameras komponens vagy telepito,Anti\camera3\old\*.java / *.xml
Anti\camera3\old\excold-circular-letter-server\CircuralLetterServer.exe,CAMERA3,original,.exe,CircuralLetterServer.exe,CircuralLetterServer,10987539,server-core,Kozponti szerver alkalmazas,Anti\camera3\old\*.java / *.xml
Anti\camera3\old\excold-citysim-client\citysim installer.exe,CAMERA3,original,.exe,citysim installer.exe,citysim installer,10603586,partner-citysim,CitySIM partner integracio,Anti\camera3\old\*.java / *.xml
Anti\camera3\old\excold-citysim-client\updater installer\valuta\bin\CitySIM.exe,CAMERA3,original,.exe,CitySIM.exe,CitySIM,11532420,partner-citysim,CitySIM partner integracio,Anti\camera3\old\*.java / *.xml
Anti\camera3\old\excold-citysim-prod\CitySIM Client\citysim installer.exe,CAMERA3,original,.exe,citysim installer.exe,citysim installer,10603586,partner-citysim,CitySIM partner integracio,Anti\camera3\old\*.java / *.xml
Anti\camera3\old\excold-citysim-prod\CitySIM Client\updater installer\valuta\bin\CitySIM.exe,CAMERA3,original,.exe,CitySIM.exe,CitySIM,11535693,partner-citysim,CitySIM partner integracio,Anti\camera3\old\*.java / *.xml
Anti\camera3\old\excold-escan\EScan.exe,CAMERA3,original,.exe,EScan.exe,EScan,3069422,camera,Kameras komponens vagy telepito,Anti\camera3\old\*.java / *.xml
Anti\camera3\old\excold-exclusive-change-western-union-inspecter-client\Exclusive Change Western Union Inspecter.exe,CAMERA3,original,.exe,Exclusive Change Western Union Inspecter.exe,Exclusive Change Western Union Inspecter,89149,western-union,Western Union integracio,Anti\camera3\old\*.java / *.xml
Anti\camera3\old\excold-exclusive-change-western-union-inspecter-client\Western Union Inspecter installer.exe,CAMERA3,original,.exe,Western Union Inspecter installer.exe,Western Union Inspecter installer,577173,western-union,Western Union integracio,Anti\camera3\old\*.java / *.xml
Anti\camera3\old\excold-exclusive-nav-data-provider-server\install\Excs\server\nav\Exclusive Change NAV server.exe,CAMERA3,original,.exe,Exclusive Change NAV server.exe,Exclusive Change NAV server,22618672,server-core,Kozponti szerver alkalmazas,Anti\camera3\old\*.java / *.xml
Anti\camera3\old\excold-expressz-ekszerhaz-es-minibank-server-manager\install\Exzs\Server Manager\Expressz Za╠ülog e╠üs Minibank Server Manager.exe,CAMERA3,original,.exe,Expressz Za╠ülog e╠üs Minibank Server Manager.exe,Expressz Za╠ülog e╠üs Minibank Server Manager,475792,server-core,Kozponti szerver alkalmazas,Anti\camera3\old\*.java / *.xml
Anti\camera3\old\excold-expressz-ekszerhaz-es-minibank-western-union-inspecter-client\Expressz Ekszerha╠üz e╠üs Minibank Western Union Inspecter Client.exe,CAMERA3,original,.exe,Expressz Ekszerha╠üz e╠üs Minibank Western Union Inspecter Client.exe,Expressz Ekszerha╠üz e╠üs Minibank Western Union Inspecter Client,88806,western-union,Western Union integracio,Anti\camera3\old\*.java / *.xml
Anti\camera3\old\excold-expressz-ekszerhaz-es-minibank-western-union-inspecter-client\Expressz E╠ükszerha╠üz e╠üs Minibank Western Union Inspecter telepi╠üto╠ő.exe,CAMERA3,original,.exe,Expressz E╠ükszerha╠üz e╠üs Minibank Western Union Inspecter telepi╠üto╠ő.exe,Expressz E╠ükszerha╠üz e╠üs Minibank Western Union Inspecter telepi╠üto╠ő,550919,western-union,Western Union integracio,Anti\camera3\old\*.java / *.xml
Anti\camera3\old\excold-expressz-ekszerhaz-es-minibank-western-union-inspecter-server\install\Exzs\server\western union inspecter\Expressz Za╠ülog e╠üs Minibank Western Union Inspecter server.exe,CAMERA3,original,.exe,Expressz Za╠ülog e╠üs Minibank Western Union Inspecter server.exe,Expressz Za╠ülog e╠üs Minibank Western Union Inspecter server,5976262,western-union,Western Union integracio,Anti\camera3\old\*.java / *.xml
Anti\camera3\old\excold-expressz-nav-data-provider-server\install\Excz\server\nav\Expressz Zalog NAV server.exe,CAMERA3,original,.exe,Expressz Zalog NAV server.exe,Expressz Zalog NAV server,22656987,server-core,Kozponti szerver alkalmazas,Anti\camera3\old\*.java / *.xml
Anti\camera3\old\excold-expressz-zalog-server-starter\Expressz Za╠ülog Szerverek.exe,CAMERA3,original,.exe,Expressz Za╠ülog Szerverek.exe,Expressz Za╠ülog Szerverek,232776,server-core,Kozponti szerver alkalmazas,Anti\camera3\old\*.java / *.xml
Anti\camera3\old\excold-ocrqrg2\OCRQRG.exe,CAMERA3,original,.exe,OCRQRG.exe,OCRQRG,11191318,ocr-qr,OCR vagy QR olvaso komponens,Anti\camera3\old\*.java / *.xml
Anti\camera3\old\excold-ocrqrg\OCRQRG.exe,CAMERA3,original,.exe,OCRQRG.exe,OCRQRG,11191318,ocr-qr,OCR vagy QR olvaso komponens,Anti\camera3\old\*.java / *.xml
Anti\firebird\firebird-2.1.1.17910-0_win32.exe,FIREBIRD,original,.exe,firebird-2.1.1.17910-0_win32.exe,firebird-2.1.1.17910-0_win32,6659927,firebird-runtime,Firebird adatbazis runtime vagy telepito,
Anti\firebird\firebird.exe,FIREBIRD,original,.exe,firebird.exe,firebird,2774893,firebird-runtime,Firebird adatbazis runtime vagy telepito,
Anti\firebird\ibmanager.exe,FIREBIRD,original,.exe,ibmanager.exe,ibmanager,2156544,firebird-runtime,Firebird adatbazis runtime vagy telepito,
Anti\KESZLEX\KESZLEX\KESZLEX.EXE,KESZLEX,original,.exe,KESZLEX.EXE,KESZLEX,703488,cash-stock,Keszlet vagy stock export/osszesites,
Anti\KORLEVEL_ZIP\korlevel\Korlevel.exe,KORLEVEL_ZIP,original,.exe,Korlevel.exe,Korlevel,1078272,circular,Korlevel es announcement workflow,
Anti\progkill.exe,OTHER,original,.exe,progkill.exe,progkill,430592,unclassified,Tovabbi manualis elemzes szukseges,
